{
    "code": 0,
    "msg": "获取列表成功",
    "info": {
        "total_count": 37,
        "perpage": 15,
        "page": 1,
        "list": [
            {
                "loan": {
                    "id": 1,
                    "status": 5,
                    "amount": 100,
                    "create_time": "2000-00-00 00:00:00"
                },
                "account": {
                    "user_id": 1111,
                    "real_name": "李帅",
                    "bank_card_no": 1234567812345678123,
                    "bank_name": "工商银行"
                },
                "credit": {
                    "credit_line": 10000000,
                    "free_line": 2000000
                },
                "loan_stat": {
                    "total_count": 10,
                    "overdue_count": 4
                }
            },
             {
                "loan": {
                    "id": 1,
                    "status": 1,
                    "amount": 100,
                    "create_time": "2000-00-00 00:00:00"
                },
                "account": {
                    "user_id": 1111,
                    "real_name": "李帅",
                    "bank_card_no": 1234567812345678123,
                    "bank_name": "工商银行"
                },
                "credit": {
                    "credit_line": 10000000,
                    "free_line": 2000000
                },
                "loan_stat": {
                    "total_count": 10,
                    "overdue_count": 4
                }
            },
             {
                "loan": {
                    "id": 1,
                    "status": 2,
                    "amount": 100,
                    "create_time": "2000-00-00 00:00:00"
                },
                "account": {
                    "user_id": 1111,
                    "real_name": "李帅",
                    "bank_card_no": 1234567812345678123,
                    "bank_name": "工商银行"
                },
                "credit": {
                    "credit_line": 10000000,
                    "free_line": 2000000
                },
                "loan_stat": {
                    "total_count": 10,
                    "overdue_count": 4
                }
            }
        ]
    }
}
