{
    "code": 0,
    "info": [
        {
            "value": 2,
            "display": "上海管理区",
            "class_name": "",
            "data": {
                "adcid": 2,
                "name": "上海管理区",
                "title": "上海管理区",
                "status": {
                    "code": 1,
                    "desc": "正常"
                },
                "addr": "222333",
                "assign_bid_mgr_manually": 1,
                "contact_show": 1,
                "in_operation": 0,
                "max_tcsp": 11,
                "recently_update_operation_user": {
                    "name": "gxd_dev"
                },
                "tags": [],
                "zip": "3333333",
                "city_ids": [
                    2,
                    15,
                    17,
                    29
                ],
                "commission_rate": 0.12,
                "subsidy_memo": "12345678",
                "subsidy_rate": 0.1,
                "created_at": "2015-12-25 14:35:08",
                "updated_at": "2016-10-17 11:04:29",
                "recently_at": "2016-01-12 15:33:54",
                "car_team_driver_count": 21
            }
        },
        {
            "value": 3,
            "display": "广州管理区",
            "class_name": "",
            "data": {
                "adcid": 3,
                "name": "广州管理区",
                "title": "广州管理区",
                "status": {
                    "code": 1,
                    "desc": "正常"
                },
                "addr": "111",
                "assign_bid_mgr_manually": 1,
                "contact_show": 0,
                "in_operation": 0,
                "max_tcsp": 1,
                "recently_update_operation_user": {
                    "name": "test"
                },
                "tags": [],
                "zip": "11111",
                "city_ids": [
                    3,
                    9,
                    10,
                    66
                ],
                "commission_rate": 0.4,
                "subsidy_memo": "123450",
                "subsidy_rate": 0.2,
                "created_at": "2015-12-25 14:35:08",
                "updated_at": "2016-12-26 18:02:52",
                "recently_at": "2016-03-21 11:10:19"
            }
        },
        {
            "value": 4,
            "display": "深圳管理区",
            "class_name": "",
            "data": {
                "adcid": 4,
                "name": "深圳管理区",
                "title": "深圳管理区",
                "status": {
                    "code": 1,
                    "desc": "正常"
                },
                "addr": "深圳",
                "assign_bid_mgr_manually": 1,
                "contact_show": 1,
                "in_operation": 0,
                "max_tcsp": 1,
                "recently_update_operation_user": {
                    "name": "gxd_dev"
                },
                "tags": [],
                "zip": "1111",
                "city_ids": [
                    4
                ],
                "commission_rate": 0.01,
                "subsidy_memo": "",
                "subsidy_rate": 0.01,
                "created_at": "2015-12-25 14:35:08",
                "updated_at": "2016-07-08 12:05:30",
                "recently_at": "2016-01-22 10:24:08"
            }
        },
        {
            "value": 5,
            "display": "哥谭管理区",
            "class_name": "",
            "data": {
                "adcid": 5,
                "name": "哥谭管理区",
                "title": "哥谭管理区",
                "status": {
                    "code": 1,
                    "desc": "正常"
                },
                "addr": "uuuuuuuuuuuuuuuuu",
                "assign_bid_mgr_manually": 1,
                "contact_show": 1,
                "in_operation": 0,
                "max_tcsp": 7,
                "recently_update_operation_user": {
                    "name": "test"
                },
                "tags": [],
                "zip": "12346",
                "city_ids": [],
                "commission_rate": 0.15,
                "subsidy_memo": "123456",
                "subsidy_rate": 0.05,
                "created_at": "2015-12-25 14:35:08",
                "updated_at": "2017-02-08 09:34:47",
                "recently_at": "2016-01-09 13:39:32"
            }
        },
        {
            "value": 14,
            "display": "郑州管理区",
            "class_name": "",
            "data": {
                "adcid": 14,
                "name": "郑州管理区",
                "title": "管理区11",
                "status": {
                    "code": 1,
                    "desc": "正常"
                },
                "addr": "111111",
                "assign_bid_mgr_manually": 1,
                "contact_show": 0,
                "in_operation": 0,
                "need_approve": 1,
                "max_tcsp": 0,
                "recently_update_operation_user": {
                    "name": "test"
                },
                "tags": [
                    "华东"
                ],
                "zip": "322222",
                "city_ids": [
                    25
                ],
                "commission_rate": 0.01,
                "subsidy_memo": "",
                "subsidy_rate": 0.01,
                "created_at": "2015-12-25 14:59:53",
                "updated_at": "2016-04-26 16:23:57",
                "recently_at": "2016-04-26 16:23:57"
            }
        },
        {
            "value": 17,
            "display": "管理区17",
            "class_name": "",
            "data": {
                "adcid": 17,
                "name": "管理区17",
                "title": "1",
                "status": {
                    "code": 1,
                    "desc": "正常"
                },
                "addr": "2",
                "assign_bid_mgr_manually": 0,
                "contact_show": 0,
                "in_operation": 0,
                "need_approve": 1,
                "max_tcsp": 2,
                "recently_update_operation_user": {
                    "name": "gxd_dev"
                },
                "tags": [],
                "zip": "3",
                "city_ids": [],
                "created_at": "2016-01-12 15:38:20",
                "recently_at": "2016-01-21 17:55:34"
            }
        },
        {
            "value": 18,
            "display": "管理区18",
            "class_name": "",
            "data": {
                "adcid": 18,
                "name": "管理区18",
                "title": "管理区18",
                "status": {
                    "code": 1,
                    "desc": "正常"
                },
                "addr": "18",
                "assign_bid_mgr_manually": 0,
                "contact_show": 0,
                "in_operation": 0,
                "need_approve": 1,
                "max_tcsp": 2,
                "recently_update_operation_user": {
                    "name": "test"
                },
                "tags": [],
                "zip": "18",
                "city_ids": [],
                "created_at": "2016-01-13 11:20:53",
                "recently_at": "2016-01-21 19:50:32"
            }
        },
        {
            "value": 19,
            "display": "管理区15",
            "class_name": "",
            "data": {
                "adcid": 19,
                "name": "管理区15",
                "title": "管理区15",
                "status": {
                    "code": 1,
                    "desc": "正常"
                },
                "addr": "11111",
                "assign_bid_mgr_manually": 0,
                "contact_show": 0,
                "in_operation": 0,
                "need_approve": 1,
                "max_tcsp": 2,
                "recently_update_operation_user": {
                    "name": "test"
                },
                "tags": [],
                "zip": "22222",
                "city_ids": [],
                "created_at": "2016-01-19 18:48:23",
                "recently_at": "2016-01-21 19:18:32"
            }
        },
        {
            "value": 12,
            "display": "青岛管理区",
            "class_name": "",
            "data": {
                "adcid": 12,
                "name": "青岛管理区",
                "title": "青岛管理区",
                "status": {
                    "code": 1,
                    "desc": "正常"
                },
                "addr": "青岛",
                "assign_bid_mgr_manually": 1,
                "contact_show": 1,
                "in_operation": 0,
                "max_tcsp": 2,
                "recently_update_operation_user": {
                    "name": "gxd_dev"
                },
                "tags": [],
                "zip": "11111",
                "city_ids": [
                    18
                ],
                "commission_rate": 0.1,
                "subsidy_memo": "测试一下",
                "subsidy_rate": 0.08,
                "created_at": "2015-12-25 14:35:08",
                "updated_at": "2016-11-26 19:57:07",
                "recently_at": "2016-01-22 10:01:05"
            }
        },
        {
            "value": 20,
            "display": "管理区19",
            "class_name": "",
            "data": {
                "adcid": 20,
                "name": "管理区19",
                "title": "管理区19",
                "status": {
                    "code": 1,
                    "desc": "正常"
                },
                "addr": "19",
                "assign_bid_mgr_manually": 0,
                "contact_show": 0,
                "in_operation": 0,
                "need_approve": 1,
                "max_tcsp": 2,
                "recently_update_operation_user": {
                    "name": "gxd_dev"
                },
                "tags": [],
                "zip": "19",
                "city_ids": [],
                "created_at": "2016-01-21 18:05:33",
                "recently_at": "2016-01-22 10:22:52"
            }
        },
        {
            "value": 100,
            "display": "王杰test",
            "class_name": "",
            "data": {
                "adcid": 100,
                "name": "王杰test",
                "title": "官网管理区",
                "status": {
                    "code": 1,
                    "desc": "正常"
                },
                "addr": "联系地址",
                "assign_bid_mgr_manually": 1,
                "contact_show": 1,
                "in_operation": 0,
                "need_approve": 1,
                "max_tcsp": 2,
                "tags": [],
                "zip": "100000",
                "city_ids": [],
                "commission_rate": 0,
                "subsidy_rate": 0,
                "created_at": "2016-05-17 15:15:41"
            }
        },
        {
            "value": 16,
            "display": "管理区12",
            "class_name": "",
            "data": {
                "adcid": 16,
                "name": "管理区12",
                "title": "管理区12",
                "status": {
                    "code": 1,
                    "desc": "正常"
                },
                "addr": "管理区12",
                "assign_bid_mgr_manually": 0,
                "contact_show": 0,
                "in_operation": 0,
                "need_approve": 1,
                "max_tcsp": 1,
                "recently_update_operation_user": {
                    "name": "gxd_dev"
                },
                "tags": [],
                "zip": "1222",
                "city_ids": [],
                "created_at": "2016-01-09 18:19:24",
                "recently_at": "2016-01-22 10:07:03"
            }
        },
        {
            "value": 21,
            "display": "管理区20",
            "class_name": "",
            "data": {
                "adcid": 21,
                "name": "管理区20",
                "title": "管理区20",
                "status": {
                    "code": 1,
                    "desc": "正常"
                },
                "addr": "20",
                "assign_bid_mgr_manually": 0,
                "contact_show": 0,
                "in_operation": 0,
                "need_approve": 1,
                "max_tcsp": 10,
                "recently_update_operation_user": {
                    "name": "test"
                },
                "tags": [
                    "华东"
                ],
                "zip": "20",
                "city_ids": [],
                "created_at": "2016-01-22 10:24:48",
                "recently_at": "2016-03-28 22:07:45"
            }
        },
        {
            "value": 22,
            "display": "河北管理区",
            "class_name": "",
            "data": {
                "adcid": 22,
                "name": "河北管理区",
                "status": {
                    "code": 1,
                    "desc": "正常"
                },
                "assign_bid_mgr_manually": 0,
                "contact_show": 0,
                "in_operation": 0,
                "need_approve": 1,
                "max_tcsp": 0,
                "recently_update_operation_user": {
                    "name": "test"
                },
                "tags": [
                    "华东"
                ],
                "city_ids": [
                    65
                ],
                "created_at": "2016-02-02 17:00:36",
                "updated_at": "2016-12-06 21:28:19",
                "recently_at": "2016-02-02 17:00:36"
            }
        },
        {
            "value": 23,
            "display": "测试管理区",
            "class_name": "",
            "data": {
                "adcid": 23,
                "name": "测试管理区",
                "status": {
                    "code": 1,
                    "desc": "正常"
                },
                "addr": "北京",
                "assign_bid_mgr_manually": 0,
                "contact_show": 0,
                "in_operation": 0,
                "need_approve": 1,
                "max_tcsp": 1,
                "recently_update_operation_user": {
                    "name": "test"
                },
                "tags": [
                    "华东"
                ],
                "city_ids": [],
                "created_at": "2016-03-07 16:23:50",
                "recently_at": "2016-03-07 16:25:06"
            }
        },
        {
            "value": 25,
            "display": "测试管理区3",
            "class_name": "",
            "data": {
                "adcid": 25,
                "name": "测试管理区3",
                "status": {
                    "code": 1,
                    "desc": "正常"
                },
                "assign_bid_mgr_manually": 0,
                "contact_show": 0,
                "in_operation": 0,
                "need_approve": 1,
                "max_tcsp": 0,
                "recently_update_operation_user": {
                    "name": "test"
                },
                "tags": [],
                "city_ids": [],
                "created_at": "2016-03-09 14:07:32",
                "recently_at": "2016-03-09 14:07:32"
            }
        },
        {
            "value": 13,
            "display": "合肥管理区",
            "class_name": "",
            "data": {
                "adcid": 13,
                "name": "合肥管理区",
                "status": {
                    "code": 1,
                    "desc": "正常"
                },
                "assign_bid_mgr_manually": 1,
                "contact_show": 0,
                "in_operation": 1,
                "need_approve": 1,
                "max_tcsp": 1,
                "recently_update_operation_user": {
                    "name": "gxd_dev"
                },
                "tags": [],
                "city_ids": [
                    20,
                    45
                ],
                "created_at": "2016-03-09 14:01:00",
                "updated_at": "2016-07-08 12:05:30",
                "recently_at": "2016-03-10 16:02:38"
            }
        },
        {
            "value": 26,
            "display": "王杰管理区",
            "class_name": "",
            "data": {
                "adcid": 26,
                "name": "王杰管理区",
                "title": "王一鸣",
                "status": {
                    "code": 1,
                    "desc": "正常"
                },
                "addr": "北京海淀区西二旗",
                "assign_bid_mgr_manually": 1,
                "contact_show": 1,
                "in_operation": 1,
                "need_approve": 1,
                "max_tcsp": 2,
                "recently_update_operation_user": {
                    "name": "test"
                },
                "tags": [],
                "zip": "150046",
                "city_ids": [],
                "created_at": "2016-03-25 15:43:22",
                "updated_at": "2016-05-17 15:15:41",
                "recently_at": "2016-03-25 15:44:26"
            }
        },
        {
            "value": 27,
            "display": "管理区21",
            "class_name": "",
            "data": {
                "adcid": 27,
                "name": "管理区21",
                "title": "管理区21",
                "status": {
                    "code": 1,
                    "desc": "正常"
                },
                "addr": "这个是地址",
                "assign_bid_mgr_manually": 1,
                "contact_show": 1,
                "in_operation": 1,
                "need_approve": 1,
                "max_tcsp": 10,
                "recently_update_operation_user": {
                    "name": "test"
                },
                "tags": [
                    "华东"
                ],
                "zip": "这个是邮编",
                "city_ids": [],
                "commission_rate": 0,
                "subsidy_memo": "lijie测试",
                "subsidy_rate": 0,
                "created_at": "2016-03-28 22:08:53",
                "updated_at": "2016-04-07 20:13:17",
                "recently_at": "2016-03-28 22:08:53"
            }
        },
        {
            "value": 7,
            "display": "南京管理区",
            "class_name": "",
            "data": {
                "adcid": 7,
                "name": "南京管理区",
                "title": "南京管理区",
                "status": {
                    "code": 1,
                    "desc": "正常"
                },
                "contact_show": 1,
                "city_ids": [
                    7,
                    14,
                    19
                ],
                "commission_rate": 0.05,
                "subsidy_memo": "测试一下，123！@#",
                "subsidy_rate": 0.02,
                "created_at": "2015-12-25 14:35:08",
                "updated_at": "2016-11-26 19:57:28"
            }
        },
        {
            "value": 9,
            "display": "苏州管理区",
            "class_name": "",
            "data": {
                "adcid": 9,
                "name": "苏州管理区",
                "title": "苏州管理区",
                "status": {
                    "code": 1,
                    "desc": "正常"
                },
                "contact_show": 1,
                "city_ids": [
                    13,
                    24,
                    27,
                    28
                ],
                "commission_rate": 0.02,
                "subsidy_memo": "",
                "subsidy_rate": 0.01,
                "created_at": "2015-12-25 14:35:08",
                "updated_at": "2016-10-26 16:56:23"
            }
        },
        {
            "value": 28,
            "display": "抽佣补贴测试的管理区",
            "class_name": "",
            "data": {
                "adcid": 28,
                "name": "抽佣补贴测试的管理区",
                "title": "代越测试代越测试",
                "status": {
                    "code": 1,
                    "desc": "正常"
                },
                "addr": "代越测试代越测试",
                "assign_bid_mgr_manually": 1,
                "contact_show": 1,
                "in_operation": 1,
                "need_approve": 1,
                "max_tcsp": 10,
                "recently_update_operation_user": {
                    "name": "test"
                },
                "tags": [
                    "华东"
                ],
                "zip": "10001",
                "city_ids": [],
                "commission_rate": 0.99,
                "subsidy_memo": "李杰测试",
                "subsidy_rate": 0.99,
                "created_at": "2016-04-07 11:55:48",
                "updated_at": "2016-04-07 20:11:22",
                "recently_at": "2016-04-07 11:55:48"
            }
        },
        {
            "value": 10,
            "display": "成都管理区",
            "class_name": "",
            "data": {
                "adcid": 10,
                "name": "成都管理区",
                "title": "成都管理区",
                "status": {
                    "code": 1,
                    "desc": "正常"
                },
                "contact_show": 1,
                "city_ids": [
                    11
                ],
                "commission_rate": 0.5,
                "subsidy_memo": "1234567",
                "subsidy_rate": 0.25,
                "created_at": "2015-12-25 14:35:08",
                "updated_at": "2016-10-17 15:23:36",
                "car_team_driver_count": 30
            }
        },
        {
            "value": 29,
            "display": "火星",
            "class_name": "",
            "data": {
                "adcid": 29,
                "name": "火星",
                "status": {
                    "code": 1,
                    "desc": "正常"
                },
                "assign_bid_mgr_manually": 0,
                "contact_show": 0,
                "in_operation": 0,
                "need_approve": 1,
                "max_tcsp": 1,
                "recently_update_operation_user": {
                    "name": "test"
                },
                "tags": [
                    "华东"
                ],
                "city_ids": [],
                "commission_rate": 0,
                "subsidy_rate": 0,
                "created_at": "2016-04-25 15:21:31",
                "recently_at": "2016-04-25 15:21:31"
            }
        },
        {
            "value": 30,
            "display": "木星",
            "class_name": "",
            "data": {
                "adcid": 30,
                "name": "木星",
                "status": {
                    "code": 1,
                    "desc": "正常"
                },
                "assign_bid_mgr_manually": 0,
                "contact_show": 0,
                "in_operation": 0,
                "need_approve": 1,
                "max_tcsp": 1,
                "recently_update_operation_user": {
                    "name": "test"
                },
                "tags": [],
                "city_ids": [],
                "commission_rate": 0,
                "subsidy_rate": 0,
                "created_at": "2016-04-25 15:26:37",
                "recently_at": "2016-04-25 15:26:37"
            }
        },
        {
            "value": 31,
            "display": "娜娜管理区",
            "class_name": "",
            "data": {
                "adcid": 31,
                "name": "娜娜管理区",
                "status": {
                    "code": 1,
                    "desc": "正常"
                },
                "assign_bid_mgr_manually": 0,
                "contact_show": 0,
                "in_operation": 0,
                "need_approve": 1,
                "max_tcsp": 2,
                "recently_update_operation_user": {
                    "name": "test"
                },
                "tags": [
                    "华东"
                ],
                "city_ids": [],
                "commission_rate": 0,
                "subsidy_rate": 0,
                "created_at": "2016-05-03 17:58:08",
                "recently_at": "2016-05-03 17:58:08"
            }
        },
        {
            "value": 11,
            "display": "武汉管理区",
            "class_name": "",
            "data": {
                "adcid": 11,
                "name": "武汉管理区",
                "title": "武汉管理区",
                "status": {
                    "code": 1,
                    "desc": "正常"
                },
                "contact_show": 1,
                "city_ids": [
                    16,
                    30,
                    35,
                    32,
                    33,
                    34,
                    37,
                    38,
                    39,
                    40,
                    41
                ],
                "commission_rate": 0.12,
                "subsidy_memo": "测试一下",
                "subsidy_rate": 0.08,
                "created_at": "2015-12-25 14:35:08",
                "updated_at": "2016-11-26 19:56:50",
                "car_team_driver_count": 15
            }
        },
        {
            "value": 6,
            "display": "天津管理区",
            "class_name": "",
            "data": {
                "adcid": 6,
                "name": "天津管理区",
                "title": "天津管理区",
                "status": {
                    "code": 1,
                    "desc": "正常"
                },
                "contact_show": 1,
                "city_ids": [
                    6,
                    26,
                    36
                ],
                "commission_rate": 0,
                "subsidy_memo": "",
                "subsidy_rate": 0,
                "created_at": "2015-12-25 14:35:08",
                "updated_at": "2016-04-07 18:12:13"
            }
        },
        {
            "value": 1,
            "display": "北京管理区",
            "class_name": "",
            "data": {
                "adcid": 1,
                "name": "北京管理区",
                "title": "北京管理区",
                "status": {
                    "code": 1,
                    "desc": "正常"
                },
                "addr": "北京市朝阳区卧龙小区11111",
                "assign_bid_mgr_manually": 1,
                "contact_show": 1,
                "in_operation": 0,
                "max_tcsp": 2,
                "recently_update_operation_user": {
                    "name": "test"
                },
                "tags": [
                    "华东"
                ],
                "zip": "100010",
                "city_ids": [
                    21,
                    22,
                    23,
                    42,
                    43,
                    44,
                    51,
                    1,
                    58
                ],
                "commission_rate": 0.1,
                "subsidy_memo": "策略描述内容测试一下测试",
                "subsidy_rate": 0.08,
                "created_at": "2015-12-25 14:35:08",
                "updated_at": "2016-11-15 15:07:04",
                "recently_at": "2016-03-28 22:07:31",
                "car_team_driver_count": 15
            }
        },
        {
            "value": 32,
            "display": "新建管理区-001",
            "class_name": "",
            "data": {
                "adcid": 32,
                "name": "新建管理区-001",
                "title": "名称测试1",
                "status": {
                    "code": 1,
                    "desc": "正常"
                },
                "addr": "地址测试1",
                "assign_bid_mgr_manually": 1,
                "contact_show": 1,
                "in_operation": 1,
                "need_approve": 1,
                "max_tcsp": 10,
                "recently_update_operation_user": {
                    "name": "gxd_dev"
                },
                "tags": [
                    "华东"
                ],
                "zip": "100000",
                "city_ids": [],
                "commission_rate": 0,
                "subsidy_rate": 0,
                "created_at": "2016-06-30 21:44:11",
                "recently_at": "2016-06-30 21:44:11"
            }
        },
        {
            "value": 33,
            "display": "刘诗杨管理区",
            "class_name": "",
            "data": {
                "adcid": 33,
                "name": "刘诗杨管理区",
                "status": {
                    "code": 1,
                    "desc": "正常"
                },
                "assign_bid_mgr_manually": 1,
                "contact_show": 0,
                "in_operation": 1,
                "need_approve": 1,
                "max_tcsp": 100,
                "recently_update_operation_user": {
                    "name": "gxd_dev"
                },
                "tags": [
                    "华东"
                ],
                "city_ids": [
                    54,
                    55,
                    60,
                    62,
                    63,
                    67
                ],
                "commission_rate": 0,
                "subsidy_rate": 0,
                "created_at": "2016-07-07 10:14:04",
                "updated_at": "2017-01-17 11:52:28",
                "recently_at": "2016-07-07 10:14:04",
                "car_team_driver_count": 10
            }
        },
        {
            "value": 34,
            "display": "cqy管理区",
            "class_name": "",
            "data": {
                "adcid": 34,
                "name": "cqy管理区",
                "status": {
                    "code": 1,
                    "desc": "正常"
                },
                "assign_bid_mgr_manually": 0,
                "contact_show": 0,
                "in_operation": 0,
                "need_approve": 1,
                "max_tcsp": 1,
                "recently_update_operation_user": {
                    "name": "gxd_dev"
                },
                "tags": [
                    "华东"
                ],
                "city_ids": [
                    48,
                    49,
                    52,
                    53,
                    56,
                    57,
                    59
                ],
                "commission_rate": 0,
                "subsidy_rate": 0,
                "created_at": "2016-07-07 10:47:07",
                "updated_at": "2016-07-25 14:41:56",
                "recently_at": "2016-07-07 10:47:07"
            }
        },
        {
            "value": 35,
            "display": "蔡-管理区",
            "class_name": "",
            "data": {
                "adcid": 35,
                "name": "蔡-管理区",
                "status": {
                    "code": 1,
                    "desc": "正常"
                },
                "assign_bid_mgr_manually": 0,
                "contact_show": 0,
                "in_operation": 0,
                "need_approve": 1,
                "max_tcsp": 5,
                "recently_update_operation_user": {
                    "name": "gxd_dev"
                },
                "tags": [],
                "city_ids": [
                    61
                ],
                "commission_rate": 0,
                "subsidy_rate": 0,
                "created_at": "2016-10-13 15:19:38",
                "updated_at": "2016-10-24 11:22:09",
                "recently_at": "2016-10-13 15:21:12",
                "car_team_driver_count": 15
            }
        },
        {
            "value": 36,
            "display": "高-管理区",
            "class_name": "",
            "data": {
                "adcid": 36,
                "name": "高-管理区",
                "status": {
                    "code": 1,
                    "desc": "正常"
                },
                "addr": "齐齐哈尔",
                "assign_bid_mgr_manually": 0,
                "contact_show": 0,
                "in_operation": 0,
                "need_approve": 1,
                "max_tcsp": 8,
                "recently_update_operation_user": {
                    "name": "gxd_dev"
                },
                "tags": [],
                "city_ids": [
                    64
                ],
                "commission_rate": 0,
                "subsidy_rate": 0,
                "created_at": "2016-11-21 20:54:40",
                "updated_at": "2016-11-21 21:46:21",
                "recently_at": "2016-11-21 21:20:35",
                "car_team_driver_count": 20
            }
        },
        {
            "value": 8,
            "display": "杭州管理区",
            "class_name": "",
            "data": {
                "adcid": 8,
                "name": "杭州管理区",
                "title": "杭州管理区",
                "status": {
                    "code": 1,
                    "desc": "正常"
                },
                "contact_show": 1,
                "city_ids": [
                    8,
                    46
                ],
                "commission_rate": 0.1,
                "subsidy_memo": "测试一下吧",
                "subsidy_rate": 0.05,
                "created_at": "2015-12-25 14:35:08",
                "updated_at": "2016-11-26 19:57:50"
            }
        }
    ]
}
