{
      "trans_event_st_config" : [
          {
              "code" : 50,
              "name" : "无配送"
          },
          {
            "code" : 100,
            "name" : "配送完成"
          }
      ],
      "date_st_config" : [
          {
              "code" : 1,
              "desc" : "配送完成日期"
          },
          {
              "code" : 2,
              "desc" : "出车时间"
          }
      ],
      "export_config" : {
        "name" : "大帅锅"
      }
}
