{
    "code": 0,
    "info": [
        {
            "value": 141,
            "display": "shiyang_3",
            "class_name": "",
            "data": {
                "customer_id": 141,
                "name": "shiyang_3",
                "company_name": "123",
                "adcid": 1
            }
        },
        {
            "value": 4081,
            "display": "lsy新建006",
            "class_name": "",
            "data": {
                "customer_id": 4081,
                "name": "lsy新建006",
                "company_name": "新建客户的公司全称",
                "adcid": 1
            }
        },
        {
            "value": 125,
            "display": "asdf",
            "class_name": "",
            "data": {
                "customer_id": 125,
                "name": "asdf",
                "company_name": "adsf",
                "adcid": 1
            }
        },
        {
            "value": 164,
            "display": "Shiyang111_2",
            "class_name": "",
            "data": {
                "customer_id": 164,
                "name": "Shiyang111_2",
                "company_name": "23132",
                "adcid": 1
            }
        },
        {
            "value": 192,
            "display": "gxd_sale1",
            "class_name": "",
            "data": {
                "customer_id": 192,
                "name": "gxd_sale1",
                "company_name": "2222",
                "adcid": 1
            }
        },
        {
            "value": 96,
            "display": "xie_test",
            "class_name": "",
            "data": {
                "customer_id": 96,
                "name": "xie_test",
                "company_name": "",
                "adcid": 1
            }
        },
        {
            "value": 225,
            "display": "shiyang-线控管理北京",
            "class_name": "",
            "data": {
                "customer_id": 225,
                "name": "shiyang-线控管理北京",
                "company_name": "123",
                "adcid": 1
            }
        },
        {
            "value": 234,
            "display": "shiyang-新建客户测试税率log",
            "class_name": "",
            "data": {
                "customer_id": 234,
                "name": "shiyang-新建客户测试税率log",
                "company_name": "123333",
                "adcid": 1
            }
        },
        {
            "value": 269,
            "display": "shiyang-天津1",
            "class_name": "",
            "data": {
                "customer_id": 269,
                "name": "shiyang-天津1",
                "company_name": "213",
                "adcid": 6
            }
        },
        {
            "value": 270,
            "display": "shiyang-南京",
            "class_name": "",
            "data": {
                "customer_id": 270,
                "name": "shiyang-南京",
                "company_name": "驱蚊器",
                "adcid": 1
            }
        },
        {
            "value": 271,
            "display": "shiyang-杭州",
            "class_name": "",
            "data": {
                "customer_id": 271,
                "name": "shiyang-杭州",
                "company_name": "123",
                "adcid": 10
            }
        },
        {
            "value": 289,
            "display": "shiyang-杭州2_2",
            "class_name": "",
            "data": {
                "customer_id": 289,
                "name": "shiyang-杭州2_2",
                "company_name": "杭州",
                "adcid": 1
            }
        },
        {
            "value": 290,
            "display": "shiyang-北京1",
            "class_name": "",
            "data": {
                "customer_id": 290,
                "name": "shiyang-北京1",
                "company_name": "132",
                "adcid": 1
            }
        },
        {
            "value": 301,
            "display": "gxd_customer",
            "class_name": "",
            "data": {
                "customer_id": 301,
                "name": "gxd_customer",
                "company_name": "gxd universe company",
                "adcid": 1
            }
        },
        {
            "value": 303,
            "display": "gxd_customer2",
            "class_name": "",
            "data": {
                "customer_id": 303,
                "name": "gxd_customer2",
                "company_name": "gxd universe company",
                "adcid": 1
            }
        },
        {
            "value": 305,
            "display": "gxd_customer3",
            "class_name": "",
            "data": {
                "customer_id": 305,
                "name": "gxd_customer3",
                "company_name": "gxd universe company",
                "adcid": 1
            }
        },
        {
            "value": 306,
            "display": "gxd_customer4",
            "class_name": "",
            "data": {
                "customer_id": 306,
                "name": "gxd_customer4",
                "company_name": "gxd universe company",
                "adcid": 1
            }
        },
        {
            "value": 312,
            "display": "sdawdwadwaa",
            "class_name": "",
            "data": {
                "customer_id": 312,
                "name": "sdawdwadwaa",
                "company_name": "打我打得",
                "adcid": 1
            }
        },
        {
            "value": 344,
            "display": "吴老板(test gmv)",
            "class_name": "",
            "data": {
                "customer_id": 344,
                "name": "吴老板(test gmv)",
                "company_name": "北京拉个热翔有限公司",
                "adcid": 1
            }
        },
        {
            "value": 345,
            "display": "shiyang测试客户4",
            "class_name": "",
            "data": {
                "customer_id": 345,
                "name": "shiyang测试客户4",
                "company_name": "云鸟",
                "adcid": 10
            }
        },
        {
            "value": 379,
            "display": "test_suggest",
            "class_name": "",
            "data": {
                "customer_id": 379,
                "name": "test_suggest",
                "company_name": "wdfqwefqwef",
                "adcid": 1
            }
        },
        {
            "value": 381,
            "display": "gxd_customer_common",
            "class_name": "",
            "data": {
                "customer_id": 381,
                "name": "gxd_customer_common",
                "company_name": "gxd inc",
                "adcid": 1
            }
        },
        {
            "value": 400,
            "display": "shiyang-成都",
            "class_name": "",
            "data": {
                "customer_id": 400,
                "name": "shiyang-成都",
                "company_name": "成都",
                "adcid": 10
            }
        },
        {
            "value": 401,
            "display": "daiwhattest",
            "class_name": "",
            "data": {
                "customer_id": 401,
                "name": "daiwhattest",
                "company_name": "其违法未",
                "adcid": 1
            }
        },
        {
            "value": 402,
            "display": "fuckelastic",
            "class_name": "",
            "data": {
                "customer_id": 402,
                "name": "fuckelastic",
                "company_name": "23123weqw",
                "adcid": 1
            }
        },
        {
            "value": 403,
            "display": "elasticfuck",
            "class_name": "",
            "data": {
                "customer_id": 403,
                "name": "elasticfuck",
                "company_name": "123额",
                "adcid": 1
            }
        },
        {
            "value": 405,
            "display": "elastictest33",
            "class_name": "",
            "data": {
                "customer_id": 405,
                "name": "elastictest33",
                "company_name": "啥地方",
                "adcid": 1
            }
        },
        {
            "value": 707,
            "display": "shiyang-测试短信",
            "class_name": "",
            "data": {
                "customer_id": 707,
                "name": "shiyang-测试短信",
                "company_name": "shiyang-测试短信",
                "adcid": 10
            }
        },
        {
            "value": 713,
            "display": "holy_shit",
            "class_name": "",
            "data": {
                "customer_id": 713,
                "name": "holy_shit",
                "company_name": "23re3r",
                "adcid": 1
            }
        },
        {
            "value": 714,
            "display": "shiyang-武汉",
            "class_name": "",
            "data": {
                "customer_id": 714,
                "name": "shiyang-武汉",
                "company_name": "武汉市",
                "adcid": 1
            }
        },
        {
            "value": 716,
            "display": "shiyang-佛山",
            "class_name": "",
            "data": {
                "customer_id": 716,
                "name": "shiyang-佛山",
                "company_name": "shiyang-佛山",
                "adcid": 1
            }
        },
        {
            "value": 722,
            "display": "shiyang-上海2",
            "class_name": "",
            "data": {
                "customer_id": 722,
                "name": "shiyang-上海2",
                "company_name": "shiyang-上海2",
                "adcid": 10
            }
        },
        {
            "value": 728,
            "display": "shiyang-测试新建",
            "class_name": "",
            "data": {
                "customer_id": 728,
                "name": "shiyang-测试新建",
                "company_name": "阿斯顿发",
                "adcid": 10
            }
        },
        {
            "value": 736,
            "display": "gxd_customer_10",
            "class_name": "",
            "data": {
                "customer_id": 736,
                "name": "gxd_customer_10",
                "company_name": "asdf",
                "adcid": 1
            }
        },
        {
            "value": 737,
            "display": "gxd_customer_11",
            "class_name": "",
            "data": {
                "customer_id": 737,
                "name": "gxd_customer_11",
                "company_name": "asdf",
                "adcid": 1
            }
        },
        {
            "value": 738,
            "display": "gxd_customer_12",
            "class_name": "",
            "data": {
                "customer_id": 738,
                "name": "gxd_customer_12",
                "company_name": "asdf",
                "adcid": 1
            }
        },
        {
            "value": 739,
            "display": "gxd_customer_13",
            "class_name": "",
            "data": {
                "customer_id": 739,
                "name": "gxd_customer_13",
                "company_name": "asdf",
                "adcid": 1
            }
        },
        {
            "value": 740,
            "display": "gxd_customer_15",
            "class_name": "",
            "data": {
                "customer_id": 740,
                "name": "gxd_customer_15",
                "company_name": "asdf",
                "adcid": 1
            }
        }
    ]
}
