{
    "code": 0,
    "info": [
        {
            "value": 2003341,
            "display": "Siba(2003341)(TEL:11012341048)",
            "class_name": "",
            "data": {
                "driver_id": 2003341,
                "name": "Siba",
                "mobile": "11012341048",
                "telphones": [
                    "11012341048",
                    "10911308941"
                ]
            }
        },
        {
            "value": 2003342,
            "display": "Sijiu(2003342)(TEL:11012341049)",
            "class_name": "",
            "data": {
                "driver_id": 2003342,
                "name": "Sijiu",
                "mobile": "11012341049",
                "telphones": [
                    "11012341049",
                    "10911308941"
                ]
            }
        },
        {
            "value": 2003340,
            "display": "Siq(2003340)(TEL:11012341047)",
            "class_name": "",
            "data": {
                "driver_id": 2003340,
                "name": "Siq",
                "mobile": "11012341047",
                "telphones": [
                    "11012341047",
                    "10911308941"
                ]
            }
        },
        {
            "value": 2000504,
            "display": "Ss(2000504)(TEL:11012341275)",
            "class_name": "",
            "data": {
                "driver_id": 2000504,
                "name": "Ss",
                "mobile": "11012341275",
                "telphones": [
                    "11012341275",
                    "12000000016"
                ]
            }
        },
        {
            "value": 2003350,
            "display": "Ss(2003350)(TEL:11111116663)",
            "class_name": "",
            "data": {
                "driver_id": 2003350,
                "name": "Ss",
                "mobile": "11111116663",
                "telphones": [
                    "11111116663",
                    "11111111111"
                ]
            }
        },
        {
            "value": 2005564,
            "display": "Sz(2005564)(TEL:11111111239)",
            "class_name": "",
            "data": {
                "driver_id": 2005564,
                "name": "Sz",
                "mobile": "11111111239",
                "telphones": [
                    "11111111239"
                ]
            }
        },
        {
            "value": 2005724,
            "display": "sfsdf(2005724)(TEL:13111111112)",
            "class_name": "",
            "data": {
                "driver_id": 2005724,
                "name": "sfsdf",
                "mobile": "13111111112",
                "telphones": [
                    "13111111112"
                ]
            }
        },
        {
            "value": 2000612,
            "display": "sh(2000612)(TEL:11012341332)",
            "class_name": "",
            "data": {
                "driver_id": 2000612,
                "name": "sh",
                "mobile": "11012341332",
                "telphones": [
                    "11012341332",
                    "12111111170"
                ]
            }
        },
        {
            "value": 2000580,
            "display": "sunil(2000580)(TEL:11012341609)",
            "class_name": "",
            "data": {
                "driver_id": 2000580,
                "name": "sunil",
                "mobile": "11012341609",
                "telphones": [
                    "11012341609"
                ]
            }
        },
        {
            "value": 2003298,
            "display": "sx(2003298)(TEL:11111111183)",
            "class_name": "",
            "data": {
                "driver_id": 2003298,
                "name": "sx",
                "mobile": "11111111183",
                "telphones": [
                    "11111111183",
                    "11111111111"
                ]
            }
        },
        {
            "value": 2000782,
            "display": "sybj77(2000782)(TEL:11012341532)",
            "class_name": "",
            "data": {
                "driver_id": 2000782,
                "name": "sybj77",
                "mobile": "11012341532",
                "telphones": [
                    "11012341532",
                    "15612111321"
                ]
            }
        }
    ]
}
