{
	"code": 0,
	"info": {
		"total": 100,
		"admin_info": [
			{
				"mobile": 13100001111,
				"roles": "dev",
				"nick": "张三",
				"adc_name": "北京管理区"
			},
			{
				"mobile": 13800999911,
				"roles": "devvvv",
				"nick": "三",
				"adc_name": "北京理区"
			},
			{
				"mobile": 1543534111,
				"roles": "deeeev",
				"nick": "张",
				"adc_name": "北管理区"
			}
		],
		"customer_info": [
			{
				"mobile": 23100001111,
				"roles": "aaadev",
				"contact": "a张三",
				"customer_id": 2147,
				"customer_name": "aaa诗杨123",
				"adc_name": "北aaa京管理区"
			},
			{
				"mobile": 23100001111,
				"roles": "bdev",
				"contact": "b张三",
				"customer_id": 2147,
				"customer_name": "bb诗杨123",
				"adc_name": "北bbbb京管理区"
			},
			{
				"mobile": 33100001111,
				"roles": "decccv",
				"contact": "张c三",
				"customer_id": 3147,
				"customer_name": "诗杨cc123",
				"adc_name": "北京管cc理区"
			}
		],
		"driver_info": [
			{
				"mobile": 11,
				"roles": "dev",
				"contact": "张三",
				"id": 1432345,
				"adc_name": "北京管理区"
			},
			{
				"mobile": 13100,
				"roles": "dev",
				"contact": "张三",
				"id": 1432345,
				"adc_name": "北京管理区"
			},
			{
				"mobile": 99999999999,
				"roles": "dev",
				"contact": "张三",
				"id": 1432345,
				"adc_name": "北京管理区"
			}
		],
		"others": [
			{
				"mobile": 11,
				"roles": "dev",
				"contact": "张三",
				"id": 1432345,
				"adc_name": "others北京管区"
			},
			{
				"mobile": 13100,
				"roles": "dev",
				"contact": "张三",
				"id": 1432345,
				"adc_name": "others京管理区"
			},
			{
				"mobile": 99999999999,
				"roles": "dev",
				"contact": "张三",
				"id": 1432345,
				"adc_name": "others北管理区"
			}
		]
	}
}