{
  "extends":"standard",
  "parserOptions": {
    "ecmaFeatures": {
      "jsx": 0
    }
  },

  "env": {
    "browser" : true,
    "jquery": true,
    "amd": true,
    "es6": 0,
    "commonjs": 0,
    "node": 0
  },

  "plugins": [
  ],

  "globals": {
  },

  "rules": {
    // 指定数组的元素之间要以空格隔开(,后面)， never参数：[ 之前和 ] 之后不能带空格
    "array-bracket-spacing": [2, "never"],
    // 控制逗号前后的空格
    "comma-spacing": [2, { "before": false, "after": true }],
    // 以方括号取对象属性时，[ 后面和 ] 前面是否需要空格, 可选参数 never, always
    "computed-property-spacing": [2,"never"],
    // 禁用 console
    "no-console": 0,
    // 严格模式
    "strict": [2, "global"],
    // 强制使用一致的换行风格
    "linebreak-style": [2, "unix"],
    "no-alert": 2,
    // 要求使用分号代替 ASI
    "semi": [2, "always"],
    // 强制在 function的左括号之前使用一致的空格
    "space-before-function-paren": 2,

    // 强制把变量的使用限制在其定义的作用域范围内
    "block-scoped-var": 0,
    // 强制函数中的变量要么一起声明要么分开声明
    "one-var": 2,
    "camelcase": 0,
    // 禁用未声明的变量，除非它们在 /*global */ 注释中被提到
    "no-undef": 0,
    "newline-after-var": 0,
    // 强制使用一致的反勾号、双引号或单引号
    "quotes": [0, "single", "avoid-escape"],
    // 强制在块之前使用一致的空格
    "space-before-blocks": 2,
    // 要求在变量声明周围换行
    "one-var-declaration-per-line": 2,
    // 禁止出现多行空行
    "no-multiple-empty-lines": [2, { "maxBOF": 0, "max": 2, "maxEOF": 0 }],

    "max-len": [2, 150, 4, {
      "comments": 180
    }],
    // 强制可嵌套的块的最大深度
    "max-depth": [2, { "max": 4 }],

    "max-params": [2, { "max": 5 }],
    "max-statements": [2, { "max": 60 }],
    "no-tabs":0,
    // 强制使用一致的缩进
    "indent": [2, "tab", {"SwitchCase": 1}],
    // 强制在对象字面量的键和值之间使用一致的空格
    "key-spacing": [2, { "beforeColon": false, "afterColon": true }],
    // 需要把立即执行的函数包裹起来
    "wrap-iife": [2, "any"],
    "no-lonely-if": 2,
    // 大括号风格要求
    "brace-style": [2, "1tbs", {"allowSingleLine": false}],
    // 强制所有控制语句使用一致的括号风格
    "curly": [2, "all"],
    "no-console": 2,
    "no-debugger": 2,
    // 强制操作符使用一致的换行符
    "operator-linebreak": [2, "before"],
    // 禁用 __proto__ 属性
    "no-proto": 0,
    // 禁止使用new产生副作用
    "no-new": 0,
    // 禁止对象字面量中出现重复的 key
    "no-dupe-keys": 0
  }
}
