{
	"code": 0,
	"info": {
		"bill": {
			"id": 6,
			"cuid": 14,
			//客户ID
			"bill_code": 2015006,
			"period": 6,
			"start_date": "2015-11-02",
			//账单周期开始
			"end_date": "2015-11-08",
			//账单周期结束
			"deadline": "2015-11-15",
			//到期还款日
			"bill_money": 171321,
			"consume_money": 164599,
			"pre_tax_money": 6722,
			"post_tax_money": 0,
			"real_tax_money": 0,
			"compensate_money": 0,
			"bad_debt_money": 0,
			"charge_off_money": 0,
			"adjust_money": 0,
			"repayed_money": 0,
			"pay_status": 1,
			"old_check_status": 0,
			"committed_payment_days": 7,
			"postpone_payment_days": 0,
			"receipt_id": "",
			"check_date": 0,
			"check_deadline": 1447257600,
			"created_at": "2016-08-17 14:24:58",
			"updated_at": "2016-08-17 14:26:34",
			"check_status": 100,
			"receipt_status": 0,
			"last_repay_date": null,
			"tax_rate": "0.000000",
			"repay_status": 100,
<<<<<<< HEAD
			"bill_money_display": "1713.21",//账单金额
=======
			"bill_money_display": "1713.21",
			//账单金额
>>>>>>> remotes/origin/feature-finbill
			"bill_money_without_pretax_display": "1645.99",
			"consume_money_display": "1645.99",
			"pre_tax_money_display": "67.22",
			"real_tax_money_display": "0.00",
			"compensate_money_display": "0.00",
			"bad_debt_money_display": "0.00",
			"charge_off_money_display": "0.00",
<<<<<<< HEAD
			"adjust_money_display": "0.00",//调整金额
			"repayed_money_display": "0.00",//已还款金额
			"tax_rate_display": "0%",
			"need_repay_money": 171321,
			"need_repay_money_display": "1713.21",//待还款
			"check_deadline_display": "2015-11-12",
			"check_date_display": "",
			"check_status_display": "待对账",//对账状态
			"repay_status_display": "待回款",//回款状态
			"receipt_status_display": "暂无法开票",//开票状态
			"delay_status": 300,
			"delay_status_display": "重大事故",
			"customer_info":                 {
=======
			"adjust_money_display": "0.00",
			//调整金额
			"repayed_money_display": "0.00",
			//已还款金额
			"tax_rate_display": "0%",
			"need_repay_money": 171321,
			"need_repay_money_display": "1713.21",
			//待还款
			"check_deadline_display": "2015-11-12",
			"check_date_display": "",
			"check_status_display": "待对账",
			//对账状态
			"repay_status_display": "待回款",
			//回款状态
			"receipt_status_display": "暂无法开票",
			//开票状态
			"delay_status": 300,
			"delay_status_display": "重大事故",
			"customer_info": {
>>>>>>> remotes/origin/feature-finbill
				"customer_id": 14,
				"name": "测试测试",
				"login_name": "测试测试",
				"nick": "测试测试1111111",
				"adcid": 1,
				"city": "北京市",
				"city_id": 1,
				"contact": "1123",
				"mobile": "11011102222",
				"telphones": "0",
				"trade_class": {
					"code": 1,
					"desc": "直客"
				},
				"trade_subclass": {
					"code": 6,
					"desc": "BM（品牌商和制造商）"
				},
				"old_trade_class": "O2O",
				"old_trade_subclass": 8,
				"trade_tags": [
					{
						"code": 1,
						"desc": ""
					}
				],
				"trade_tag_other_desc": "",
				"status": {
					"code": 2,
					"desc": "正常"
				},
				"is_frozen": 0,
				"is_individual": 0,
				"is_self_register": 0,
				"gmv_status": {
					"code": 1003,
					"desc": "拒绝服务"
				},
				"enable_gmv_check": {
					"code": 0,
					"desc": "不启动gmv检查"
				},
				"tender_status": {
					"code": 1,
					"desc": "允许招司机"
				},
				"realname_approve": {
					"code": 200,
					"desc": "已认证"
				},
				"once_logged_in_status": {
					"code": 3,
					"desc": "是"
				},
				"customer_source": {
					"code": 100,
					"desc": "待确认"
				},
				"sales_id": 1000090,
				"main_bid_mgr_id": 1000266,
				"quality_mgr": "李雅_北京运作经理",
				"quality_mgr_id": 1000279,
				"is_open_contract": 1,
				"created_at": "2014-11-27 11:24:07",
				"updated_at": "2016-12-12 11:36:43",
				"audit_status": {
					"code": 1,
					"desc": "不需要审核"
				}
			}
		},
		"business_logs": {
			"list": [
				{
<<<<<<< HEAD
					"business_id": 14989,//流水编号
=======
					"business_id": 14989,
					//流水编号
>>>>>>> remotes/origin/feature-finbill
					"cuid": 14,
					"source_type": 310,
					"source_id": 30178,
					"source_user": "",
					"cts": "2015-11-13 03:33:00",
					"money": 528,
<<<<<<< HEAD
					"memo": "取消基础运力价格的税费",//备注
=======
					"memo": "取消基础运力价格的税费",
					//备注
>>>>>>> remotes/origin/feature-finbill
					"log_cts": "2015-11-13 03:33:00",
					"balance": 11185496,
					"created_at": "2015-11-06 09:14:51",
					"updated_at": "2015-11-13 03:33:00",
					"adjust_reason": null,
					"adjust_person": null,
					"has_dispute": 0,
					"status": 100,
<<<<<<< HEAD
					"money_display": "5.28",//金额
					"balance_display": "111854.96",
					"source_type_name": "取消基础运力价格的税费",//计费类型
=======
					"money_display": "5.28",
					//金额
					"balance_display": "111854.96",
					"source_type_name": "取消基础运力价格的税费",
					//计费类型
>>>>>>> remotes/origin/feature-finbill
					"created_at_display": "2015-11-06 09:14:51",
					"log_cts_display": "2015-11-13 03:33:00",
					"cts_display": "2015-11-13 03:33:00",
					"has_dispute_display": "否",
					"increase_money_display": "5.28",
					"decrease_money_display": "",
					"status_display": "正常",
					"source_id_explain": "出车记录编号： 30178"
				}
			],
			"count": 1,
			"stats": {
				"customer_total": 1713.21,
				"trans_succ": 19,
				"trans_cancel": 12,
				"welfare_times": 0,
				"punish_times": 0,
				"repay_times": 0,
				"total_count": 31,
<<<<<<< HEAD
				"trans_money": "5559.29",//出车金额
				"cancel_money": "-3846.08",//取消出车金额
				"driver_bonus": "0.00",//司机赔付
				"welfare_money": "0.00",//福利
				"punish_money": "0.00",//客户罚款
				"repay_money": "0.00"//客户赔付
=======
				"trans_money": "5559.29",
				//出车金额
				"cancel_money": "-3846.08",
				//取消出车金额
				"driver_bonus": "0.00",
				"welfare_money": "0.00",
				//福利
				"punish_money": "0.00",
				//赔付司机
				"repay_money": "0.00"
				//事故赔付
>>>>>>> remotes/origin/feature-finbill
			}
		},
		"ops_logs": {
			"list": [
				{
					"id": 1,
					"bill_id": 8828,
					"opt_type": 400,
<<<<<<< HEAD
					"opt_user": "gxd_dev",//操作人
					"affect_cuid": 13722,
					"affect_value": 1000,
					"need_repay_money": 0,
					"explain": null,//备注
=======
					"opt_user": "gxd_dev",
					//操作人
					"affect_cuid": 13722,
					"affect_value": 1000,
					"need_repay_money": 0,
					"explain": null,
					//备注
>>>>>>> remotes/origin/feature-finbill
					"extends": null,
					"audit_status": 0,
					"audit_memo": "",
					"audit_time": null,
					"audit_user": "",
<<<<<<< HEAD
					"created_at": "2016-07-13 11:12:22",//操作时间
					"updated_at": "2016-07-13 11:12:22",
					"opt_type_display": "调整坏账金额",//变更类型
					"affect_value_display": "10.00",//变动金额
					"need_repay_money_display": "0.00",//账单待还款
=======
					"created_at": "2016-07-13 11:12:22",
					//操作时间
					"updated_at": "2016-07-13 11:12:22",
					"opt_type_display": "调整坏账金额",
					//变更类型
					"affect_value_display": "10.00",
					//变动金额
					"need_repay_money_display": "0.00",
					//账单待还款
>>>>>>> remotes/origin/feature-finbill
					"created_at_display": "2016-07-13 11:12:22",
					"audit_status_display": "已提交"
				}
			],
			"count": 1
<<<<<<< HEAD
		}
=======
		},
		"business_log_type": [
			{
				"code": 100,
				"name": "出车"
			},
			{
				"code": 1000,
				"name": "福利发放"
			},
			{
				"code": 1200,
				"name": "赔付司机"
			},
			{
				"code": 1400,
				"name": "事故赔付"
			}
		]
>>>>>>> remotes/origin/feature-finbill
	}
}
