{
    "code": 0,
    "info": 
         [
            {
                "id": 21,
                "name": "石家庄市",
                "adc_id": 1,
                "province_id": 37,
                "traffic_limit": 0,
                "enable_driver": 1,
                "enable_warehouse": 1,
                "default_addr": "人民广场",
                "default_addr_lot": 114.518276,
                "default_addr_lat": 38.049224,
                "coord_sys": 0
            },
            {
                "id": 22,
                "name": "廊坊市",
                "adc_id": 1,
                "province_id": 37,
                "traffic_limit": 0,
                "enable_driver": 1,
                "enable_warehouse": 1,
                "default_addr": "廊坊火车站",
                "default_addr_lot": 116.715353,
                "default_addr_lat": 39.51529,
                "coord_sys": 0
            },
            {
                "id": 23,
                "name": "保定市",
                "adc_id": 1,
                "province_id": 37,
                "traffic_limit": 0,
                "enable_driver": 1,
                "enable_warehouse": 1,
                "default_addr": "保定站",
                "default_addr_lot": 115.48644,
                "default_addr_lat": 38.869174,
                "coord_sys": 0
            },
            {
                "id": 26,
                "name": "沧州市",
                "adc_id": 6,
                "province_id": 37,
                "traffic_limit": 0,
                "enable_driver": 1,
                "enable_warehouse": 1,
                "default_addr": "沧州市人民政府",
                "default_addr_lot": 116.848904,
                "default_addr_lat": 38.309946,
                "coord_sys": 0
            },
            {
                "id": 36,
                "name": "唐山市",
                "adc_id": 6,
                "province_id": 37,
                "traffic_limit": 0,
                "enable_driver": 1,
                "enable_warehouse": 1,
                "default_addr": "唐山市人民政府",
                "default_addr_lot": 118.186678,
                "default_addr_lat": 39.636637,
                "coord_sys": 0
            },
            {
                "id": 42,
                "name": "承德市",
                "adc_id": 1,
                "province_id": 37,
                "traffic_limit": 0,
                "enable_driver": 1,
                "enable_warehouse": 1,
                "default_addr": "承德市人民政府",
                "default_addr_lot": 117.969493,
                "default_addr_lat": 40.95912,
                "coord_sys": 0
            },
            {
                "id": 43,
                "name": "张家口市",
                "adc_id": 1,
                "province_id": 37,
                "traffic_limit": 0,
                "enable_driver": 1,
                "enable_warehouse": 1,
                "default_addr": "张家口市人民政府",
                "default_addr_lot": 114.892592,
                "default_addr_lat": 40.774347,
                "coord_sys": 0
            },
            {
                "id": 44,
                "name": "秦皇岛市",
                "adc_id": 1,
                "province_id": 37,
                "traffic_limit": 0,
                "enable_driver": 1,
                "enable_warehouse": 1,
                "default_addr": "秦皇岛市人民政府",
                "default_addr_lot": 119.523973,
                "default_addr_lat": 39.895052,
                "coord_sys": 0
            }
        ]
}