{
    "code": 0,
    "info": {
        "table_list": {
            "count": 30,
            "totalpage": 5,
            "page": 1,
            "list":[
                {
                   "id": 1,
                   "informant_id": 0,
                   "creator_id": 1000111,
                   "creator_name":"aaa",
                   "status": 1,
                   "could_edit": false,
                   "status_display":"未处理",
                   "source_from": 1,
                   "source_from_display":"线人线索",
                   "province_id": 1,
                   "city_id": 1,
                   "city_name":"丰台区",
                   "company": "mac",
                   "customer_trade": 0,
                   "customer_trade_display":"直客",
                   "name": "lisi",
                   "position": "hige",
                   "mobile": "18810140001",
                   "landline": "010-0000999",
                   "limited_exposure": true,
                   "created_at": "2017-03-03 10:57:42",
                   "updated_at": "2017-03-03 10:57:42",
                   "business_development_id": 1000111,
                   "business_development_name":"线人所属BD3",
                   "customer_id":1111,
                   "customer_name": "xxx",
                   "customer_service_start": "2027-04-20",
                   "customer_sales_name": "1111",
                   "charge_admin_user_name": "2222",
                   "total_award_amount": 1111,
                   "gmv_amount": 222,
                   "could_make_valid":true,
                   "remark": "这是备注备注备注",
                   "overall_main_clue_id":1
                },
                {
                   "id": 2,
                   "informant_id": 0,
                   "creator_id": 1000111,
                   "creator_name":"bb",
                   "status": 2,
                   "status_display":"审核通过",
                   "source_from": 1,
                   "source_from_display":"线人线索",
                   "province_id": 1,
                   "city_id": 1,
                   "city_name":"丰台区",
                   "company": "mac",
                   "customer_trade": 1,
                   "customer_trade_display":"SCS",
                   "name": "lisi",
                   "position": "hige",
                   "mobile": "18810140001",
                   "landline": "010-0000999",
                   "created_at": "2017-03-03 10:57:42",
                   "updated_at": "2017-03-03 10:57:42",
                   "business_development_id": 1000111,
                   "business_development_name":"线人所属BD",
                   "customer_name": "xxx",
                   "customer_service_start": "2027-04-20",
                   "customer_sales_name": "1111",
                   "charge_admin_user_name": "2222",
                   "could_edit": true,
                   "limited_exposure": true,
                   "city_info": {
                       "id": 1,
                       "name": "北京市",
                       "adc_id": 1,
                       "province_id": 1,
                       "traffic_limit": 1,
                       "enable_driver": 1,
                       "enable_warehouse": 1,
                       "default_addr": "人民纪念碑",
                       "default_addr_lot": 116.404,
                       "default_addr_lat": 39.915
                   },
                   "creator_info": {
                       "admin_user_id": 1000111,
                       "name": "测试角色",
                       "nick": "只有管理权限",
                       "mobile": "11012341234",
                       "channel": "",
                       "email": "liushiyang3@yunniao.me",
                       "city": "北京市",
                       "unread_message_count": 1468,
                       "adcids": [
                           1
                       ],
                       "hiredate": "2015-04-24 08:00:00",
                       "bird_coins": 240,
                       "removed_authz": [],
                       "online": 0,
                       "status": {
                           "code": 200,
                           "desc": "上岗"
                       },
                       "is_delete": 0,
                       "roles": [
                           "bid_mgr",
                           "god"
                       ],
                       "created_at": "2015-05-07 15:50:55",
                       "business_level": {
                           "code": 1,
                           "desc": "一级"
                       }
                   },
                   "business_development_info": {
                       "admin_user_id": 1000111,
                       "name": "测试角色",
                       "nick": "只有管理权限",
                       "mobile": "11012341234",
                       "channel": "",
                       "email": "liushiyang3@yunniao.me",
                       "city": "北京市",
                       "unread_message_count": 1468,
                       "adcids": [
                           1
                       ],
                       "hiredate": "2015-04-24 08:00:00",
                       "bird_coins": 240,
                       "removed_authz": [],
                       "online": 0,
                       "status": {
                           "code": 200,
                           "desc": "上岗"
                       },
                       "is_delete": 0,
                       "roles": [
                           "bid_mgr",
                           "god"
                       ],
                       "created_at": "2015-05-07 15:50:55",
                       "business_level": {
                           "code": 1,
                           "desc": "一级"
                       }
                   },
                   "overall_main_clue_id":1
                },
                {
                   "id": 3,
                   "informant_id": 0,
                   "creator_id": 1000111,
                   "creator_name":"ccccc",
                   "status": 3,
                   "could_edit": true,
                   "status_display":"审核拒绝",
                   "source_from": 1,
                   "source_from_display":"线人线索",
                   "province_id": 1,
                   "city_id": 1,
                   "city_name":"丰台区",
                   "company": "mac",
                   "customer_trade": 2,
                   "limited_exposure": false,
                   "customer_trade_display":"SCS",
                   "name": "lisi",
                   "position": "hige",
                   "mobile": "18810140001",
                   "landline": "010-0000999",
                   "created_at": "2017-03-03 10:57:42",
                   "updated_at": "2017-03-03 10:57:42",
                   "business_development_id": 1000111,
                   "business_development_name":"线人所属BD2",
                   "customer_name": "xxx",
                   "customer_service_start": "2027-04-20",
                   "customer_sales_name": "1111",
                   "charge_admin_user_name": "2222",
                   "city_info": {
                       "id": 1,
                       "name": "北京市",
                       "adc_id": 1,
                       "province_id": 1,
                       "traffic_limit": 1,
                       "enable_driver": 1,
                       "enable_warehouse": 1,
                       "default_addr": "人民纪念碑",
                       "default_addr_lot": 116.404,
                       "default_addr_lat": 39.915
                   },
                   "creator_info": {
                       "admin_user_id": 1000111,
                       "name": "测试角色",
                       "nick": "只有管理权限",
                       "mobile": "11012341234",
                       "channel": "",
                       "email": "liushiyang3@yunniao.me",
                       "city": "北京市",
                       "unread_message_count": 1468,
                       "adcids": [
                           1
                       ],
                       "hiredate": "2015-04-24 08:00:00",
                       "bird_coins": 240,
                       "removed_authz": [],
                       "online": 0,
                       "status": {
                           "code": 200,
                           "desc": "上岗"
                       },
                       "is_delete": 0,
                       "roles": [
                           "bid_mgr",
                           "god"
                       ],
                       "created_at": "2015-05-07 15:50:55",
                       "business_level": {
                           "code": 1,
                           "desc": "一级"
                       }
                   },
                   "business_development_info": {
                       "admin_user_id": 1000111,
                       "name": "测试角色",
                       "nick": "只有管理权限",
                       "mobile": "11012341234",
                       "channel": "",
                       "email": "liushiyang3@yunniao.me",
                       "city": "北京市",
                       "unread_message_count": 1468,
                       "adcids": [
                           1
                       ],
                       "hiredate": "2015-04-24 08:00:00",
                       "bird_coins": 240,
                       "removed_authz": [],
                       "online": 0,
                       "status": {
                           "code": 200,
                           "desc": "上岗"
                       },
                       "is_delete": 0,
                       "roles": [
                           "bid_mgr",
                           "god"
                       ],
                       "created_at": "2015-05-07 15:50:55",
                       "business_level": {
                           "code": 1,
                           "desc": "一级"
                       }
                   },
                   "overall_main_clue_id":1
                }
            ]
        }
    }
}
