{
	"code":0,
	"info":{
		"id": 1,
		"informant_id": 0,
		"creator_id": 1000111,
		"creator_name":"ccccc",
		"status": 1,
		"status_display":"审核拒绝",
		"source_from": 2,
		"source_from_display":"线人线索",
		"charge_admin_user_id":1,
		"charge_admin_user_name":"处理人",
		"province_id": 1,
		"city_id": 21,
		"city_name":"丰台区",
		"company": "mac",
        "customer_id":1,
        "customer_name":"123",
		"customer_trade": 1,
		"customer_trade_display":"SCS",
        "customer_sales_name": "客户所属销售",
        "customer_service_start": "2017-03-03",
        "account_create_time": "2017-03-03",
		"name": "lisi",
		"position": "hige",
		"mobile": "18810140001",
		"landline": "010-0000999",
		"created_at": "2017-03-03 10:57:42",
		"updated_at": "2017-03-03 10:57:42",
		"business_development_id": 1000111,
		"business_development_name":"线人所属BD2",
        "clue_business_development_name": "BD",
		"candidate_status": [1,2],
        "remark": "这是备注信息",
        "adc_name": "管理区域",
        "deactive_reason":"这是一个无效原因",
        "could_edit": true,
        "is_translocal":1,
        "is_key_account":1,
        "status_map": [
            {
                "text": "审核通过",
                "selected": true,
                "unpassed": false
            },
            {
                "text": "已分配",
                "selected": true,
                "unpassed": false
            },
            {
                "text": "跟进中",
                "selected": true,
                "unpassed": false
            },
            {
                "text": "已分配",
                "selected": true,
                "unpassed": false
            },
            {
                "text": "已开跑",
                "selected": false,
                "unpassed": false
            }
        ],
        "could_assign_customer": 1,
        "customer_list":[
            {
                "customer_id": 1,
                "customer_name": "XXXX",
                "company_id": 2,
                "company_name": "xxxxxx",
                "account_create_time": "2017-07-25 15:10:34",
                "customer_service_start": "2017-07-25 15:10:34"
            }
        ]
	}
}
