{
    "code": 0,
    "info": {
        "table_list": {
            "count": 30,
            "totalpage": 5,
            "page": 1,
            "list":[
                {
                    "id": 1,
                    "name": "陈雷测试",
                    "mobile": "13112345678",
                    "city": "北京市",
                    "company": "company",
                    "category": 2,
                    "category_display":"哈哈",
                    "professional_level": "professional_level",
                    "username": "13112345678",
                    "password": "123",
                    "password_status": 2,
                    "business_development": "测试角色",
                    "creator": "只有管理权限",
                    "status": 2
                },
                {
                    "id": 3,
                    "name": "陈雷测试1",
                    "mobile": "13112345679",
                    "city": "北京市",
                    "company": "company",
                    "category": 2,
                    "category_display":"哈哈2",
                    "professional_level": "professional_level",
                    "username": "13112345679",
                    "password": "sadf32rqho3iuyr91hfp9q3u4f982fq9h3f8uq34f81u42f",
                    "password_status": 1,
                    "business_development": "测试角色",
                    "creator": "只有管理权限",
                    "status": 1
                }
            ]
        }
    }
}