{
	"code": 0,
	"info": {
		"count": 100,
		"totalpage":20,
		"list": [
			{
				"id": 26,
	           	"submit_admin_user_id": 1111,
	          	"submit_admin_user_name": "2121",
	          	"amount": 10,
	          	"award_amount": 10016,
	          	"created_at": "2017-04-27 21:35:46"
			},
			{
				"id": 26,
	           	"submit_admin_user_id": 1111,
	          	"submit_admin_user_name": "",
	          	"amount": 10,
	          	"award_amount": 10016,
	          	"created_at": "2017-04-27 21:35:46"
			},
			{
				"id": 26,
	           	"submit_admin_user_id": 1111,
	          	"submit_admin_user_name": "",
	          	"amount": 10,
	          	"award_amount": 10016,
	          	"created_at": "2017-04-27 21:35:46"
			},
			{
				"id": 26,
	           	"submit_admin_user_id": 1111,
	          	"submit_admin_user_name": "",
	          	"amount": 10,
	          	"award_amount": 10016,
	          	"created_at": "2017-04-27 21:35:46"
			},
			{
				"id": 26,
	           	"submit_admin_user_id": 1111,
	          	"submit_admin_user_name": "",
	          	"amount": 10,
	          	"award_amount": 10016,
	          	"created_at": "2017-04-27 21:35:46"
			}
		]
	}
}