{
    "code": 0,
    "info": {
        "list": [
            {
                "id": 1,
                "code": 110000,
                "name": "北京市",
                "level": 1,
                "province": 110000,
                "city": null
            },
            {
                "id": 19,
                "code": 120000,
                "name": "天津市",
                "level": 1,
                "province": 120000,
                "city": null
            },
            {
                "id": 37,
                "code": 130000,
                "name": "河北省",
                "level": 1,
                "province": 130000,
                "city": null
            },
            {
                "id": 220,
                "code": 140000,
                "name": "山西省",
                "level": 1,
                "province": 140000,
                "city": null
            },
            {
                "id": 351,
                "code": 150000,
                "name": "内蒙古自治区",
                "level": 1,
                "province": 150000,
                "city": null
            },
            {
                "id": 466,
                "code": 210000,
                "name": "辽宁省",
                "level": 1,
                "province": 210000,
                "city": null
            },
            {
                "id": 581,
                "code": 220000,
                "name": "吉林省",
                "level": 1,
                "province": 220000,
                "city": null
            },
            {
                "id": 651,
                "code": 230000,
                "name": "黑龙江省",
                "level": 1,
                "province": 230000,
                "city": null
            },
            {
                "id": 793,
                "code": 310000,
                "name": "上海市",
                "level": 1,
                "province": 310000,
                "city": null
            },
            {
                "id": 811,
                "code": 320000,
                "name": "江苏省",
                "level": 1,
                "province": 320000,
                "city": null
            },
            {
                "id": 922,
                "code": 330000,
                "name": "浙江省",
                "level": 1,
                "province": 330000,
                "city": null
            },
            {
                "id": 1024,
                "code": 340000,
                "name": "安徽省",
                "level": 1,
                "province": 340000,
                "city": null
            },
            {
                "id": 1146,
                "code": 350000,
                "name": "福建省",
                "level": 1,
                "province": 350000,
                "city": null
            },
            {
                "id": 1241,
                "code": 360000,
                "name": "江西省",
                "level": 1,
                "province": 360000,
                "city": null
            },
            {
                "id": 1353,
                "code": 370000,
                "name": "山东省",
                "level": 1,
                "province": 370000,
                "city": null
            },
            {
                "id": 1508,
                "code": 410000,
                "name": "河南省",
                "level": 1,
                "province": 410000,
                "city": null
            },
            {
                "id": 1684,
                "code": 420000,
                "name": "湖北省",
                "level": 1,
                "province": 420000,
                "city": null
            },
            {
                "id": 1801,
                "code": 430000,
                "name": "湖南省",
                "level": 1,
                "province": 430000,
                "city": null
            },
            {
                "id": 1938,
                "code": 440000,
                "name": "广东省",
                "level": 1,
                "province": 440000,
                "city": null
            },
            {
                "id": 2079,
                "code": 450000,
                "name": "广西壮族自治区",
                "level": 1,
                "province": 450000,
                "city": null
            },
            {
                "id": 2204,
                "code": 460000,
                "name": "海南省",
                "level": 1,
                "province": 460000,
                "city": null
            },
            {
                "id": 2232,
                "code": 500000,
                "name": "重庆市",
                "level": 1,
                "province": 500000,
                "city": null
            },
            {
                "id": 2272,
                "code": 510000,
                "name": "四川省",
                "level": 1,
                "province": 510000,
                "city": null
            },
            {
                "id": 2477,
                "code": 520000,
                "name": "贵州省",
                "level": 1,
                "province": 520000,
                "city": null
            },
            {
                "id": 2575,
                "code": 530000,
                "name": "云南省",
                "level": 1,
                "province": 530000,
                "city": null
            },
            {
                "id": 2721,
                "code": 540000,
                "name": "西藏自治区",
                "level": 1,
                "province": 540000,
                "city": null
            },
            {
                "id": 2803,
                "code": 610000,
                "name": "陕西省",
                "level": 1,
                "province": 610000,
                "city": null
            },
            {
                "id": 2921,
                "code": 620000,
                "name": "甘肃省",
                "level": 1,
                "province": 620000,
                "city": null
            },
            {
                "id": 3022,
                "code": 630000,
                "name": "青海省",
                "level": 1,
                "province": 630000,
                "city": null
            },
            {
                "id": 3074,
                "code": 640000,
                "name": "宁夏回族自治区",
                "level": 1,
                "province": 640000,
                "city": null
            },
            {
                "id": 3102,
                "code": 650000,
                "name": "新疆维吾尔自治区",
                "level": 1,
                "province": 650000,
                "city": null
            },
            {
                "id": 3221,
                "code": 710000,
                "name": "台湾省",
                "level": 1,
                "province": 710000,
                "city": null
            },
            {
                "id": 3223,
                "code": 810000,
                "name": "香港特别行政区",
                "level": 1,
                "province": 810000,
                "city": null
            },
            {
                "id": 3225,
                "code": 820000,
                "name": "澳门特别行政区",
                "level": 1,
                "province": 820000,
                "city": null
            },
            {
                "id": 3227,
                "code": 990000,
                "name": "哥谭省",
                "level": 1,
                "province": 990000,
                "city": null
            }
        ]
    }
}