{
	"code": 0,
	"info": {
		"count": 14,
		"totalPage":9,
		"list": [
			{
				"id": 1,
		        "customer_id": 3,
		        "customer_name": "张三",
		        "run_award_amount": 50000,
		        "gmv_amount":100000,
		        "gmv_award_rate":0.4,
		        "gmv_award_amount":4,
		        "total_award_amount":50400,
		        "clue_id": 3,
		        "created_at": "2017-01-01",
		        "informant_id": 15,
		        "is_frozen": 0,
		        "is_award_enable": 0
			},
			{
				"id": 2,
		        "customer_id": 3,
		        "run_award_amount": 50000,
		        "gmv_amount":100000,
		        "gmv_award_rate":0.4,
		        "gmv_award_amount":4,
		        "total_award_amount":50400,
		        "clue_id": 3,
		        "created_at": "2017-01-01",
		        "informant_id": 15,
		        "is_frozen": 0,
		        "is_award_enable": 0
			},
			{
				"id": 3,
		        "customer_id": 3,
		        "run_award_amount": 50000,
		        "gmv_amount":100000,
		        "gmv_award_rate":0.4,
		        "gmv_award_amount":4,
		        "total_award_amount":50400,
		        "clue_id": 3,
		        "created_at": "2017-01-01",
		        "informant_id": 15,
		        "is_frozen": 0,
		        "is_award_enable": 0
			},
			{
				"id": 4,
		        "customer_id": 3,
		        "run_award_amount": 50000,
		        "gmv_amount":100000,
		        "gmv_award_rate":0.4,
		        "gmv_award_amount":4,
		        "total_award_amount":50400,
		        "clue_id": 3,
		        "created_at": "2017-01-01",
		        "informant_id": 15,
		        "is_frozen": 0,
		        "is_award_enable": 0
			},
			{
				"id": 5,
		        "customer_id": 3,
		        "run_award_amount": 50000,
		        "gmv_amount":100000,
		        "gmv_award_rate":0.4,
		        "gmv_award_amount":4,
		        "total_award_amount":50400,
		        "clue_id": 3,
		        "created_at": "2017-01-01",
		        "informant_id": 15,
		        "is_frozen": 0,
		        "is_award_enable": 0
			}
		]
	}
}