{
  "code": 0,
  "info": [
    {
      "id": 1,
      "name": "北京管理区"
    },
    {
      "id": 2,
      "name": "上海管理区"
    },
    {
      "id": 3,
      "name": "广州管理区"
    },
    {
      "id": 4,
      "name": "深圳管理区"
    },
    {
      "id": 5,
      "name": "哥谭管理区"
    },
    {
      "id": 6,
      "name": "天津管理区"
    },
    {
      "id": 7,
      "name": "南京管理区"
    },
    {
      "id": 8,
      "name": "杭州管理区"
    },
    {
      "id": 9,
      "name": "苏州管理区"
    },
    {
      "id": 10,
      "name": "成都管理区"
    },
    {
      "id": 11,
      "name": "武汉管理区"
    },
    {
      "id": 12,
      "name": "青岛管理区"
    },
    {
      "id": 14,
      "name": "郑州管理区"
    },
    {
      "id": 16,
      "name": "管理区12"
    },
    {
      "id": 17,
      "name": "管理区17"
    },
    {
      "id": 18,
      "name": "管理区18"
    },
    {
      "id": 19,
      "name": "管理区15"
    },
    {
      "id": 20,
      "name": "管理区19"
    },
    {
      "id": 21,
      "name": "管理区20"
    },
    {
      "id": 22,
      "name": "河北管理区"
    },
    {
      "id": 23,
      "name": "测试管理区"
    },
    {
      "id": 13,
      "name": "合肥管理区"
    },
    {
      "id": 25,
      "name": "测试管理区3"
    },
    {
      "id": 26,
      "name": "王杰管理区"
    },
    {
      "id": 27,
      "name": "管理区21"
    },
    {
      "id": 28,
      "name": "抽佣补贴测试的管理区"
    },
    {
      "id": 29,
      "name": "火星"
    },
    {
      "id": 30,
      "name": "木星"
    },
    {
      "id": 31,
      "name": "娜娜管理区"
    },
    {
      "id": 100,
      "name": "王杰test"
    },
    {
      "id": 32,
      "name": "新建管理区-001"
    },
    {
      "id": 33,
      "name": "刘诗杨管理区"
    },
    {
      "id": 34,
      "name": "cqy管理区"
    },
    {
      "id": 35,
      "name": "蔡-管理区"
    },
    {
      "id": 36,
      "name": "高-管理区"
    },
    {
      "id": 37,
      "name": "石家庄管理区"
    },
    {
      "id": 38,
      "name": "蔡-测试-630"
    },
    {
      "id": 39,
      "name": "瑶光管理区"
    },
    {
      "id": 40,
      "name": "test管理区"
    },
    {
      "id": 41,
      "name": "test"
    },
    {
      "id": 42,
      "name": "重庆管理区"
    },
    {
      "id": 43,
      "name": "赵崇管理区"
    },
    {
      "id": 44,
      "name": "复现问题管理区"
    }
  ]
}