{
    "code": 0,
    "info": {
        "totalTime": 2,
        "total": 216,
        "list": [
            {
                "project_type": 2,
                "company_id": 2842,
                "is_frozen": 0,
                "name": "土豆运输公司",
                "finance_pay_type": 100,
                "audit_status": 2,
                "customer_id": 14288,
                "sales_id": 1000116,
                "adcid": 1,
                "contract_archived": 0,
                "status": 2,
                "company": {
                    "id": 2842,
                    "name": "又得新建一个公司",
                    "short_name": "",
                    "admin_account_id": 0,
                    "group_id": 0,
                    "ka_type": 0,
                    "realname_approve_status": 0,
                    "realname_approve_operator_id": 0,
                    "realname_approve_time": "0000-00-00 00:00:00",
                    "business_license": "91110108551885082Q",
                    "business_license_image": "http://test-yn-static.img-cn-beijing.aliyuncs.com/pic/avatar/2017-09-12/1505156677_997302954.",
                    "business_license_image_raw": "http://static.dingtalk.com/media/lADPACOG837CQlLNA5LNAog_648_914.jpg",
                    "opening_license_image": "",
                    "opening_license_image_raw": "",
                    "audit_status": 3,
                    "address": "",
                    "city_id": 0,
                    "province_id": 0,
                    "service_telephone": "",
                    "contact_name": "",
                    "contact_title": "",
                    "contact_telephone": "",
                    "comment": "",
                    "sales_id": 0,
                    "creator_id": 0,
                    "status": 0,
                    "is_active": 1,
                    "project_count": 2,
                    "cooperate_status": 2,
                    "created_at": "2017-09-11 15:17:01",
                    "updated_at": "2017-09-15 15:31:11"
                },
                "adc": {
                    "adcid": 1,
                    "name": "北京管理区",
                    "title": "北京管理区",
                    "status": {
                        "code": 1,
                        "desc": "正常"
                    },
                    "addr": "北京市朝阳区卧龙小区11111",
                    "assign_bid_mgr_manually": 1,
                    "contact_show": 1,
                    "in_operation": 0,
                    "max_tcsp": 2,
                    "recently_update_operation_user": {
                        "name": "test"
                    },
                    "tags": [
                        "华北大区"
                    ],
                    "zip": "100010",
                    "city_ids": [
                        22,
                        23,
                        42,
                        43,
                        44,
                        51,
                        58
                    ],
                    "commission_rate": 0.12,
                    "subsidy_memo": "策略描述内容测试一下测试",
                    "subsidy_rate": 0.1,
                    "created_at": "2015-12-25 14:35:08",
                    "updated_at": "2017-09-02 15:29:01",
                    "recently_at": "2017-08-28 12:01:57",
                    "car_team_driver_count": 100
                },
                "sales_info": {
                    "admin_user_id": 1000116,
                    "name": "cqy_sales",
                    "nick": "柴倩怡客服经理",
                    "mobile": "11012345610",
                    "email": "chaiqianyi@yunniao.me",
                    "city": "北京市",
                    "unread_message_count": 1627,
                    "adcids": [
                        1
                    ],
                    "hiredate": "2015-05-04 08:00:00",
                    "bird_coins": 300,
                    "removed_authz": [

                    ],
                    "granted_authz": [
                        "客户财务.客户保理商管理",
                        "SOP管理.面试列表"
                    ],
                    "is_bu_lead": 0,
                    "buid": [
                        1000211
                    ],
                    "online": 1,
                    "status": {
                        "code": 200,
                        "desc": "上岗"
                    },
                    "is_delete": 0,
                    "roles": [
                        "sales",
                        "god"
                    ],
                    "created_at": "2015-05-08 15:03:50",
                    "business_level": {
                        "code": 1,
                        "desc": "一级"
                    },
                    "is_forcibly_update_pass": 0
                },
                "bu_leader": "柴倩怡销售助理",
                "profile": {
                    "customer_id": 14288,
                    "name": "土豆运输公司",
                    "login_name": "赵崇呜呜呜呜呜呜呜呜呀",
                    "nick": "土豆运输公司",
                    "adcid": 1,
                    "crm_id": 0,
                    "vehicles_times": 0,
                    "city": "",
                    "city_id": 2,
                    "contact": "夜宵",
                    "mobile": "13841522266",
                    "telphones": [

                    ],
                    "trade_class": {
                        "code": 1,
                        "desc": "直客"
                    },
                    "trade_subclass": {
                        "code": 3,
                        "desc": "O2O"
                    },
                    "trade_tags": [

                    ],
                    "trade_tag_other_desc": "",
                    "subsidy_id": 0,
                    "status": {
                        "code": 2,
                        "desc": "正常"
                    },
                    "is_frozen": 0,
                    "is_individual": 0,
                    "is_self_register": 0,
                    "gmv_status": {
                        "code": 1000,
                        "desc": "正常"
                    },
                    "enable_gmv_check": {
                        "code": 0,
                        "desc": "不启动gmv检查"
                    },
                    "tender_status": {
                        "code": 2,
                        "desc": "禁止招司机"
                    },
                    "realname_approve": {
                        "code": 300,
                        "desc": "未认证"
                    },
                    "once_logged_in_status": {
                        "code": 2,
                        "desc": "否"
                    },
                    "customer_source": {
                        "code": 100,
                        "desc": "待确认"
                    },
                    "creater": "柴倩怡客服经理",
                    "sales_id": 1000116,
                    "main_bid_mgr_id": 1000112,
                    "quality_mgr": "",
                    "quality_mgr_id": 1000942,
                    "project_operation_mgr_id": 1000942,
                    "is_first_contract": 1,
                    "read_novice_guide": 0,
                    "read_accident_setting": 0,
                    "is_read_help": 0,
                    "enter_subaccount_manage": 0,
                    "read_operation_data_setting": 0,
                    "read_choice_driver_guide": 0,
                    "is_open_contract": 1,
                    "created_at": "2017-09-11 16:02:34",
                    "updated_at": "2017-09-18 03:00:08",
                    "audit_status": {
                        "code": 2,
                        "desc": "待审核"
                    },
                    "visiting_card_image": "",
                    "audit_feedbacker": "",
                    "audit_feedbacker_mobile": "",
                    "audit_feedback": "",
                    "assign_status": 0,
                    "cargo_type": {
                        "code": 500,
                        "desc": "酒水饮料"
                    },
                    "consignee_type": {
                        "code": 3,
                        "desc": "宅配"
                    },
                    "office_address": "搜图无图考虑考虑",
                    "project_type": {
                        "code": 2,
                        "desc": "自助"
                    },
                    "project_type_checked": {
                        "code": 0,
                        "desc": "未确认"
                    },
                    "project_status": {
                        "code": 1,
                        "desc": "未开跑"
                    },
                    "is_bonus_charged": {
                        "code": 2,
                        "desc": "提成不计入流水"
                    }
                },
                "last_audit_time": "",
                "project_type_display": "自助",
                "finance_pay_type_display": "信用客户"
            },
            {
                "project_type": 1,
                "company_id": 2835,
                "is_frozen": 0,
                "name": "dev创建",
                "finance_pay_type": 100,
                "audit_status": 2,
                "customer_id": 14287,
                "sales_id": 1000136,
                "adcid": 1,
                "contract_archived": 0,
                "status": 2,
                "company": {
                    "id": 2835,
                    "name": "北京云鸟科技有限公司李雅",
                    "short_name": "234234234",
                    "admin_account_id": 0,
                    "group_id": 0,
                    "ka_type": 0,
                    "realname_approve_status": 300,
                    "realname_approve_operator_id": 0,
                    "realname_approve_time": "0000-00-00 00:00:00",
                    "business_license": "234242423424234",
                    "business_license_image": "http://test-yn-static.img-cn-beijing.aliyuncs.com/pic/avatar/2017-08-22/1503400496_485329923.",
                    "business_license_image_raw": "http://test-yn-static.img-cn-beijing.aliyuncs.com/pic/avatar/2017-08-19/1503126023_755066877.png",
                    "opening_license_image": "",
                    "opening_license_image_raw": "",
                    "audit_status": 4,
                    "address": "23424",
                    "city_id": 2,
                    "province_id": 1,
                    "service_telephone": "",
                    "contact_name": "24234",
                    "contact_title": "",
                    "contact_telephone": "23424324",
                    "comment": "",
                    "sales_id": 0,
                    "creator_id": 1000177,
                    "status": 0,
                    "is_active": 1,
                    "project_count": 4,
                    "cooperate_status": 2,
                    "created_at": "2017-08-19 15:01:11",
                    "updated_at": "2017-09-11 16:09:23"
                },
                "adc": {
                    "adcid": 1,
                    "name": "北京管理区",
                    "title": "北京管理区",
                    "status": {
                        "code": 1,
                        "desc": "正常"
                    },
                    "addr": "北京市朝阳区卧龙小区11111",
                    "assign_bid_mgr_manually": 1,
                    "contact_show": 1,
                    "in_operation": 0,
                    "max_tcsp": 2,
                    "recently_update_operation_user": {
                        "name": "test"
                    },
                    "tags": [
                        "华北大区"
                    ],
                    "zip": "100010",
                    "city_ids": [
                        22,
                        23,
                        42,
                        43,
                        44,
                        51,
                        58
                    ],
                    "commission_rate": 0.12,
                    "subsidy_memo": "策略描述内容测试一下测试",
                    "subsidy_rate": 0.1,
                    "created_at": "2015-12-25 14:35:08",
                    "updated_at": "2017-09-02 15:29:01",
                    "recently_at": "2017-08-28 12:01:57",
                    "car_team_driver_count": 100
                },
                "sales_info": {
                    "admin_user_id": 1000136,
                    "name": "yixiaofan",
                    "nick": "易小凡",
                    "mobile": "11111111111",
                    "channel": "",
                    "email": "wangjian@yunniao.me",
                    "city": "北京市",
                    "unread_message_count": 1627,
                    "adcids": [
                        1,
                        2,
                        3,
                        4,
                        6,
                        7,
                        8,
                        9,
                        10,
                        11,
                        12,
                        14,
                        16,
                        17,
                        18,
                        19,
                        20,
                        21,
                        22,
                        2,
                        3,
                        4,
                        6,
                        7,
                        8,
                        9,
                        10,
                        11,
                        12,
                        14,
                        16,
                        17,
                        18,
                        19,
                        20,
                        21,
                        22,
                        23,
                        13,
                        25,
                        26,
                        27,
                        28,
                        29,
                        30,
                        31,
                        100,
                        32,
                        33,
                        34,
                        35,
                        36,
                        37,
                        38,
                        39,
                        40,
                        41,
                        42,
                        43,
                        44
                    ],
                    "hiredate": "2015-12-07",
                    "bird_coins": 300,
                    "removed_authz": [

                    ],
                    "is_bu_lead": 0,
                    "buid": [

                    ],
                    "online": 1,
                    "status": {
                        "code": 200,
                        "desc": "上岗"
                    },
                    "is_delete": 0,
                    "roles": [
                        "dev",
                        "admin",
                        "god",
                        "sales",
                        "sales_leader"
                    ],
                    "created_at": "2015-05-20 15:53:03",
                    "business_level": {
                        "code": 1,
                        "desc": "一级"
                    },
                    "is_national": 1,
                    "regions": [
                        "华东大区",
                        "华西大区",
                        "华南大区",
                        "华北大区",
                        "华中大区",
                        "其他大区"
                    ]
                },
                "bu_leader": "",
                "profile": {
                    "customer_id": 14287,
                    "name": "dev创建",
                    "login_name": "qinyi",
                    "nick": "dev创建",
                    "adcid": 1,
                    "crm_id": 0,
                    "city": "哥谭市",
                    "city_id": 5,
                    "contact": "姚大大",
                    "mobile": "18600183270",
                    "telphones": [

                    ],
                    "trade_class": {
                        "code": 1,
                        "desc": "直客"
                    },
                    "trade_subclass": {
                        "code": 7,
                        "desc": "RS（零售供应商、大批发商等）"
                    },
                    "trade_tags": [

                    ],
                    "trade_tag_other_desc": "",
                    "subsidy_id": 0,
                    "status": {
                        "code": 2,
                        "desc": "正常"
                    },
                    "is_frozen": 0,
                    "is_individual": 0,
                    "is_self_register": 0,
                    "gmv_status": {
                        "code": 1000,
                        "desc": "正常"
                    },
                    "enable_gmv_check": {
                        "code": 0,
                        "desc": "不启动gmv检查"
                    },
                    "tender_status": {
                        "code": 2,
                        "desc": "禁止招司机"
                    },
                    "realname_approve": {
                        "code": 300,
                        "desc": "未认证"
                    },
                    "once_logged_in_status": {
                        "code": 2,
                        "desc": "否"
                    },
                    "customer_source": {
                        "code": 100,
                        "desc": "待确认"
                    },
                    "creater": "测试账户test",
                    "sales_id": 1000136,
                    "main_bid_mgr_id": 1000108,
                    "quality_mgr": "王雪-谁在删除打短腿",
                    "quality_mgr_id": 1000089,
                    "project_operation_mgr_id": 1000920,
                    "is_first_contract": 1,
                    "read_novice_guide": 0,
                    "read_accident_setting": 0,
                    "is_read_help": 0,
                    "enter_subaccount_manage": 0,
                    "read_operation_data_setting": 0,
                    "read_choice_driver_guide": 0,
                    "is_open_contract": 1,
                    "created_at": "2017-09-11 15:55:45",
                    "updated_at": "2017-09-18 03:00:08",
                    "audit_status": {
                        "code": 2,
                        "desc": "待审核"
                    },
                    "visiting_card_image": "",
                    "audit_feedbacker": "",
                    "audit_feedbacker_mobile": "",
                    "audit_feedback": "",
                    "assign_status": 0,
                    "cargo_type": {
                        "code": 500,
                        "desc": "酒水饮料"
                    },
                    "consignee_type": {
                        "code": 2,
                        "desc": "门店"
                    },
                    "office_address": "北京天朝路",
                    "project_type": {
                        "code": 1,
                        "desc": "封装"
                    },
                    "project_type_checked": {
                        "code": 0,
                        "desc": "未确认"
                    },
                    "project_status": {
                        "code": 1,
                        "desc": "未开跑"
                    },
                    "is_bonus_charged": {
                        "code": 2,
                        "desc": "提成不计入流水"
                    }
                },
                "last_audit_time": "",
                "project_type_display": "封装",
                "finance_pay_type_display": "信用客户"
            },
            {
                "project_type": 1,
                "company_id": 2775,
                "is_frozen": 0,
                "name": "caiqianyi",
                "finance_pay_type": 100,
                "audit_status": 2,
                "customer_id": 14284,
                "sales_id": 1000116,
                "adcid": 1,
                "contract_archived": 0,
                "status": 2,
                "company": {
                    "id": 2775,
                    "name": "外外货运公司",
                    "short_name": "",
                    "admin_account_id": 7195,
                    "group_id": 36,
                    "ka_type": 0,
                    "realname_approve_status": 300,
                    "realname_approve_operator_id": 0,
                    "realname_approve_time": "0000-00-00 00:00:00",
                    "business_license": "123111111111111",
                    "business_license_image": "http://test-yn-static.img-cn-beijing.aliyuncs.com/pic/avatar/2017-08-15/1502771557_572982979.",
                    "business_license_image_raw": "http://test-yn-static.img-cn-beijing.aliyuncs.com/pic/avatar/2017-08-14/1502706926_832862390.",
                    "opening_license_image": "",
                    "opening_license_image_raw": "",
                    "audit_status": 3,
                    "address": "北京海淀区学院路",
                    "city_id": 0,
                    "province_id": 0,
                    "service_telephone": "",
                    "contact_name": "外外",
                    "contact_title": "",
                    "contact_telephone": "12345678910",
                    "comment": "",
                    "sales_id": 1000723,
                    "creator_id": 1000177,
                    "status": 0,
                    "is_active": 1,
                    "project_count": 8,
                    "cooperate_status": 2,
                    "created_at": "2017-04-20 14:38:58",
                    "updated_at": "2017-09-08 10:23:14"
                },
                "adc": {
                    "adcid": 1,
                    "name": "北京管理区",
                    "title": "北京管理区",
                    "status": {
                        "code": 1,
                        "desc": "正常"
                    },
                    "addr": "北京市朝阳区卧龙小区11111",
                    "assign_bid_mgr_manually": 1,
                    "contact_show": 1,
                    "in_operation": 0,
                    "max_tcsp": 2,
                    "recently_update_operation_user": {
                        "name": "test"
                    },
                    "tags": [
                        "华北大区"
                    ],
                    "zip": "100010",
                    "city_ids": [
                        22,
                        23,
                        42,
                        43,
                        44,
                        51,
                        58
                    ],
                    "commission_rate": 0.12,
                    "subsidy_memo": "策略描述内容测试一下测试",
                    "subsidy_rate": 0.1,
                    "created_at": "2015-12-25 14:35:08",
                    "updated_at": "2017-09-02 15:29:01",
                    "recently_at": "2017-08-28 12:01:57",
                    "car_team_driver_count": 100
                },
                "sales_info": {
                    "admin_user_id": 1000116,
                    "name": "cqy_sales",
                    "nick": "柴倩怡客服经理",
                    "mobile": "11012345610",
                    "email": "chaiqianyi@yunniao.me",
                    "city": "北京市",
                    "unread_message_count": 1627,
                    "adcids": [
                        1
                    ],
                    "hiredate": "2015-05-04 08:00:00",
                    "bird_coins": 300,
                    "removed_authz": [

                    ],
                    "granted_authz": [
                        "客户财务.客户保理商管理",
                        "SOP管理.面试列表"
                    ],
                    "is_bu_lead": 0,
                    "buid": [
                        1000211
                    ],
                    "online": 1,
                    "status": {
                        "code": 200,
                        "desc": "上岗"
                    },
                    "is_delete": 0,
                    "roles": [
                        "sales",
                        "god"
                    ],
                    "created_at": "2015-05-08 15:03:50",
                    "business_level": {
                        "code": 1,
                        "desc": "一级"
                    },
                    "is_forcibly_update_pass": 0
                },
                "bu_leader": "柴倩怡销售助理",
                "profile": {
                    "customer_id": 14284,
                    "name": "caiqianyi",
                    "login_name": "sw_b_11",
                    "nick": "caiqianyi",
                    "adcid": 1,
                    "crm_id": 0,
                    "vehicles_times": 100,
                    "city": "北京市",
                    "city_id": 1,
                    "contact": "waiwai",
                    "mobile": "15878988777",
                    "telphones": [

                    ],
                    "trade_class": {
                        "code": 1,
                        "desc": "直客"
                    },
                    "trade_subclass": {
                        "code": 1,
                        "desc": "B2B"
                    },
                    "trade_tags": [

                    ],
                    "trade_tag_other_desc": "",
                    "subsidy_id": 0,
                    "status": {
                        "code": 2,
                        "desc": "正常"
                    },
                    "is_frozen": 0,
                    "is_individual": 0,
                    "is_self_register": 0,
                    "gmv_status": {
                        "code": 1000,
                        "desc": "正常"
                    },
                    "enable_gmv_check": {
                        "code": 0,
                        "desc": "不启动gmv检查"
                    },
                    "tender_status": {
                        "code": 2,
                        "desc": "禁止招司机"
                    },
                    "realname_approve": {
                        "code": 300,
                        "desc": "未认证"
                    },
                    "once_logged_in_status": {
                        "code": 2,
                        "desc": "否"
                    },
                    "customer_source": {
                        "code": 100,
                        "desc": "待确认"
                    },
                    "creater": "柴倩怡客服经理",
                    "sales_id": 1000116,
                    "main_bid_mgr_id": 1000108,
                    "quality_mgr": "王雪-谁在删除打短腿",
                    "quality_mgr_id": 1000089,
                    "project_operation_mgr_id": 1000910,
                    "is_first_contract": 1,
                    "read_novice_guide": 0,
                    "read_accident_setting": 0,
                    "is_read_help": 0,
                    "enter_subaccount_manage": 0,
                    "read_operation_data_setting": 0,
                    "read_choice_driver_guide": 0,
                    "is_open_contract": 1,
                    "created_at": "2017-09-08 10:23:13",
                    "updated_at": "2017-09-18 03:00:08",
                    "audit_status": {
                        "code": 2,
                        "desc": "待审核"
                    },
                    "visiting_card_image": "",
                    "audit_feedbacker": "",
                    "audit_feedbacker_mobile": "",
                    "audit_feedback": "",
                    "assign_status": 0,
                    "cargo_type": {
                        "code": 100,
                        "desc": "食材"
                    },
                    "consignee_type": {
                        "code": 1,
                        "desc": "仓库"
                    },
                    "office_address": "半公里至",
                    "project_type": {
                        "code": 1,
                        "desc": "封装"
                    },
                    "project_type_checked": {
                        "code": 0,
                        "desc": "未确认"
                    },
                    "project_status": {
                        "code": 1,
                        "desc": "未开跑"
                    },
                    "is_bonus_charged": {
                        "code": 2,
                        "desc": "提成不计入流水"
                    }
                },
                "last_audit_time": "",
                "project_type_display": "封装",
                "finance_pay_type_display": "信用客户"
            },
            {
                "project_type": 1,
                "company_id": 2799,
                "is_frozen": 0,
                "name": "test11111111",
                "finance_pay_type": 100,
                "audit_status": 2,
                "customer_id": 14282,
                "sales_id": 1000103,
                "adcid": 1,
                "contract_archived": 0,
                "status": 2,
                "company": {
                    "id": 2799,
                    "name": "赵崇测试公司一btttttt",
                    "short_name": "",
                    "admin_account_id": 0,
                    "group_id": 38,
                    "ka_type": 0,
                    "realname_approve_status": 300,
                    "realname_approve_operator_id": 0,
                    "realname_approve_time": "0000-00-00 00:00:00",
                    "business_license": "gaegaewgeabrebr",
                    "business_license_image": "http://test-yn-static.img-cn-beijing.aliyuncs.com/pic/avatar/2017-08-15/1502769860_884838842.",
                    "business_license_image_raw": "http://test-yn-static.img-cn-beijing.aliyuncs.com/pic/avatar/2017-08-14/1502705147_691987908.",
                    "opening_license_image": "",
                    "opening_license_image_raw": "",
                    "audit_status": 2,
                    "address": "gega",
                    "city_id": 0,
                    "province_id": 0,
                    "service_telephone": "",
                    "contact_name": "e",
                    "contact_title": "",
                    "contact_telephone": "e",
                    "comment": "",
                    "sales_id": 0,
                    "creator_id": 1000177,
                    "status": 0,
                    "is_active": 1,
                    "project_count": 1,
                    "cooperate_status": 2,
                    "created_at": "2017-05-06 10:34:42",
                    "updated_at": "2017-09-07 22:43:27"
                },
                "adc": {
                    "adcid": 1,
                    "name": "北京管理区",
                    "title": "北京管理区",
                    "status": {
                        "code": 1,
                        "desc": "正常"
                    },
                    "addr": "北京市朝阳区卧龙小区11111",
                    "assign_bid_mgr_manually": 1,
                    "contact_show": 1,
                    "in_operation": 0,
                    "max_tcsp": 2,
                    "recently_update_operation_user": {
                        "name": "test"
                    },
                    "tags": [
                        "华北大区"
                    ],
                    "zip": "100010",
                    "city_ids": [
                        22,
                        23,
                        42,
                        43,
                        44,
                        51,
                        58
                    ],
                    "commission_rate": 0.12,
                    "subsidy_memo": "策略描述内容测试一下测试",
                    "subsidy_rate": 0.1,
                    "created_at": "2015-12-25 14:35:08",
                    "updated_at": "2017-09-02 15:29:01",
                    "recently_at": "2017-08-28 12:01:57",
                    "car_team_driver_count": 100
                },
                "sales_info": {
                    "admin_user_id": 1000103,
                    "name": "bjwangshu",
                    "nick": "北京王澍",
                    "mobile": "11012341234",
                    "email": "wangshu@yunniao.me",
                    "city": "北京市",
                    "unread_message_count": 1627,
                    "adcids": [
                        1
                    ],
                    "hiredate": "2015-03-02 08:00:00",
                    "bird_coins": 200,
                    "removed_authz": [

                    ],
                    "is_bu_lead": 0,
                    "buid": [
                        1000119
                    ],
                    "online": 1,
                    "status": {
                        "code": 200,
                        "desc": "上岗"
                    },
                    "is_delete": 0,
                    "roles": [
                        "sales",
                        "bu_leader",
                        "god"
                    ],
                    "created_at": "2015-04-22 15:44:29",
                    "business_level": {
                        "code": 1,
                        "desc": "一级"
                    },
                    "is_forcibly_update_pass": 0
                },
                "bu_leader": "",
                "profile": {
                    "customer_id": 14282,
                    "name": "test11111111",
                    "login_name": "adfsfsd",
                    "nick": "test11111111",
                    "adcid": 1,
                    "crm_id": 0,
                    "city": "北京市",
                    "city_id": 1,
                    "contact": "afdsfx",
                    "mobile": "12344223768",
                    "telphones": [

                    ],
                    "trade_class": {
                        "code": 1,
                        "desc": "直客"
                    },
                    "trade_subclass": {
                        "code": 2,
                        "desc": "B2C"
                    },
                    "trade_tags": [

                    ],
                    "trade_tag_other_desc": "",
                    "subsidy_id": 0,
                    "status": {
                        "code": 2,
                        "desc": "正常"
                    },
                    "is_frozen": 0,
                    "is_individual": 0,
                    "is_self_register": 0,
                    "gmv_status": {
                        "code": 1000,
                        "desc": "正常"
                    },
                    "enable_gmv_check": {
                        "code": 0,
                        "desc": "不启动gmv检查"
                    },
                    "tender_status": {
                        "code": 2,
                        "desc": "禁止招司机"
                    },
                    "realname_approve": {
                        "code": 300,
                        "desc": "未认证"
                    },
                    "once_logged_in_status": {
                        "code": 2,
                        "desc": "否"
                    },
                    "customer_source": {
                        "code": 200,
                        "desc": "顾问自拓"
                    },
                    "creater": "北京王澍",
                    "sales_id": 1000103,
                    "main_bid_mgr_id": 1000108,
                    "quality_mgr": "dy运作经理",
                    "quality_mgr_id": 1000141,
                    "project_operation_mgr_id": 1000910,
                    "is_first_contract": 1,
                    "read_novice_guide": 0,
                    "read_accident_setting": 0,
                    "is_read_help": 0,
                    "enter_subaccount_manage": 0,
                    "read_operation_data_setting": 0,
                    "read_choice_driver_guide": 0,
                    "is_open_contract": 1,
                    "created_at": "2017-09-07 22:43:21",
                    "updated_at": "2017-09-18 03:00:08",
                    "audit_status": {
                        "code": 2,
                        "desc": "待审核"
                    },
                    "visiting_card_image": "",
                    "audit_feedbacker": "",
                    "audit_feedbacker_mobile": "",
                    "audit_feedback": "",
                    "assign_status": 0,
                    "cargo_type": {
                        "code": 100,
                        "desc": "食材"
                    },
                    "consignee_type": {
                        "code": 1,
                        "desc": "仓库"
                    },
                    "office_address": "xxxx",
                    "project_type": {
                        "code": 1,
                        "desc": "封装"
                    },
                    "project_type_checked": {
                        "code": 0,
                        "desc": "未确认"
                    },
                    "project_status": {
                        "code": 1,
                        "desc": "未开跑"
                    },
                    "is_bonus_charged": {
                        "code": 2,
                        "desc": "提成不计入流水"
                    }
                },
                "last_audit_time": "",
                "project_type_display": "封装",
                "finance_pay_type_display": "信用客户"
            },
            {
                "project_type": 1,
                "company_id": 2810,
                "is_frozen": 0,
                "name": "测试测试测试",
                "finance_pay_type": 100,
                "audit_status": 2,
                "customer_id": 14281,
                "sales_id": 1000092,
                "adcid": 1,
                "contract_archived": 0,
                "status": 2,
                "company": {
                    "id": 2810,
                    "name": "云中小鸟科技有限公司（testai）",
                    "short_name": "test",
                    "admin_account_id": 0,
                    "group_id": 0,
                    "ka_type": 1,
                    "realname_approve_status": 300,
                    "realname_approve_operator_id": 0,
                    "realname_approve_time": "0000-00-00 00:00:00",
                    "business_license": "123456789012345678",
                    "business_license_image": "http://test-yn-static.img-cn-beijing.aliyuncs.com/pic/avatar/2017-08-15/1502768712_186995142.",
                    "business_license_image_raw": "http://test-yn-static.img-cn-beijing.aliyuncs.com/pic/avatar/2017-08-15/1502763436_684740131.",
                    "opening_license_image": "",
                    "opening_license_image_raw": "",
                    "audit_status": 3,
                    "address": "北京市朝阳区慧忠北路卧龙小区",
                    "city_id": 2,
                    "province_id": 1,
                    "service_telephone": "",
                    "contact_name": "小花",
                    "contact_title": "市场部总监",
                    "contact_telephone": "12312341234",
                    "comment": "",
                    "sales_id": 0,
                    "creator_id": 1000177,
                    "status": 0,
                    "is_active": 1,
                    "project_count": 10,
                    "cooperate_status": 2,
                    "created_at": "2017-06-29 14:56:44",
                    "updated_at": "2017-09-07 20:50:05"
                },
                "adc": {
                    "adcid": 1,
                    "name": "北京管理区",
                    "title": "北京管理区",
                    "status": {
                        "code": 1,
                        "desc": "正常"
                    },
                    "addr": "北京市朝阳区卧龙小区11111",
                    "assign_bid_mgr_manually": 1,
                    "contact_show": 1,
                    "in_operation": 0,
                    "max_tcsp": 2,
                    "recently_update_operation_user": {
                        "name": "test"
                    },
                    "tags": [
                        "华北大区"
                    ],
                    "zip": "100010",
                    "city_ids": [
                        22,
                        23,
                        42,
                        43,
                        44,
                        51,
                        58
                    ],
                    "commission_rate": 0.12,
                    "subsidy_memo": "策略描述内容测试一下测试",
                    "subsidy_rate": 0.1,
                    "created_at": "2015-12-25 14:35:08",
                    "updated_at": "2017-09-02 15:29:01",
                    "recently_at": "2017-08-28 12:01:57",
                    "car_team_driver_count": 100
                },
                "sales_info": {
                    "admin_user_id": 1000092,
                    "name": "wangxue4",
                    "nick": "王雪客服经理",
                    "mobile": "13269335006",
                    "channel": "wx",
                    "email": "ljch@yunniao.me",
                    "city": "北京市",
                    "unread_message_count": 1627,
                    "adcids": [
                        1,
                        2,
                        3,
                        4,
                        6,
                        7,
                        8,
                        9,
                        10,
                        11,
                        12,
                        14,
                        16,
                        17,
                        18,
                        19,
                        20,
                        21,
                        22,
                        2,
                        3,
                        4,
                        6,
                        7,
                        8,
                        9,
                        10,
                        11,
                        12,
                        14,
                        16,
                        17,
                        18,
                        19,
                        20,
                        21,
                        22,
                        23,
                        13,
                        25,
                        26,
                        27,
                        28,
                        29,
                        30,
                        31,
                        100,
                        32,
                        33,
                        34,
                        35,
                        36,
                        37,
                        38,
                        39,
                        40,
                        41,
                        42,
                        43,
                        44
                    ],
                    "hiredate": "2013-04-08 08:00:00",
                    "bird_coins": 200,
                    "removed_authz": [

                    ],
                    "is_bu_lead": 0,
                    "buid": [
                        1000148
                    ],
                    "online": 1,
                    "status": {
                        "code": 200,
                        "desc": "上岗"
                    },
                    "is_delete": 0,
                    "roles": [
                        "sales",
                        "risk_ctrl_mgr",
                        "god"
                    ],
                    "created_at": "2015-04-13 10:34:08",
                    "business_level": {
                        "code": 1,
                        "desc": "一级"
                    },
                    "is_national": 1,
                    "regions": [
                        "华东大区",
                        "华西大区",
                        "华南大区",
                        "华北大区",
                        "华中大区",
                        "其他大区"
                    ],
                    "is_forcibly_update_pass": 0
                },
                "bu_leader": "王雪客服经理",
                "profile": {
                    "customer_id": 14281,
                    "name": "测试测试测试",
                    "login_name": "aaaaaaa2",
                    "nick": "测试测试测试",
                    "adcid": 1,
                    "crm_id": 0,
                    "city": "北京市",
                    "city_id": 1,
                    "contact": "bbbbb",
                    "mobile": "11123332222",
                    "telphones": [

                    ],
                    "trade_class": {
                        "code": 1,
                        "desc": "直客"
                    },
                    "trade_subclass": {
                        "code": 2,
                        "desc": "B2C"
                    },
                    "trade_tags": [

                    ],
                    "trade_tag_other_desc": "",
                    "subsidy_id": 0,
                    "status": {
                        "code": 2,
                        "desc": "正常"
                    },
                    "is_frozen": 0,
                    "is_individual": 0,
                    "is_self_register": 0,
                    "gmv_status": {
                        "code": 1000,
                        "desc": "正常"
                    },
                    "enable_gmv_check": {
                        "code": 0,
                        "desc": "不启动gmv检查"
                    },
                    "tender_status": {
                        "code": 2,
                        "desc": "禁止招司机"
                    },
                    "realname_approve": {
                        "code": 300,
                        "desc": "未认证"
                    },
                    "once_logged_in_status": {
                        "code": 2,
                        "desc": "否"
                    },
                    "customer_source": {
                        "code": 200,
                        "desc": "顾问自拓"
                    },
                    "creater": "测试账户test",
                    "sales_id": 1000092,
                    "main_bid_mgr_id": 1000237,
                    "quality_mgr": "王雪-谁在删除打短腿",
                    "quality_mgr_id": 1000089,
                    "project_operation_mgr_id": 1000910,
                    "is_first_contract": 1,
                    "read_novice_guide": 0,
                    "read_accident_setting": 0,
                    "is_read_help": 0,
                    "enter_subaccount_manage": 0,
                    "read_operation_data_setting": 0,
                    "read_choice_driver_guide": 0,
                    "is_open_contract": 1,
                    "created_at": "2017-09-07 20:50:05",
                    "updated_at": "2017-09-18 03:00:08",
                    "audit_status": {
                        "code": 2,
                        "desc": "待审核"
                    },
                    "visiting_card_image": "",
                    "audit_feedbacker": "",
                    "audit_feedbacker_mobile": "",
                    "audit_feedback": "",
                    "assign_status": 0,
                    "cargo_type": {
                        "code": 100,
                        "desc": "食材"
                    },
                    "consignee_type": {
                        "code": 1,
                        "desc": "仓库"
                    },
                    "office_address": "xxxxxxxxx",
                    "project_type": {
                        "code": 1,
                        "desc": "封装"
                    },
                    "project_type_checked": {
                        "code": 0,
                        "desc": "未确认"
                    },
                    "project_status": {
                        "code": 1,
                        "desc": "未开跑"
                    },
                    "is_bonus_charged": {
                        "code": 2,
                        "desc": "提成不计入流水"
                    }
                },
                "last_audit_time": "",
                "project_type_display": "封装",
                "finance_pay_type_display": "信用客户"
            },
            {
                "project_type": 1,
                "company_id": 2761,
                "is_frozen": 0,
                "name": "线索20633客户",
                "finance_pay_type": 100,
                "audit_status": 2,
                "customer_id": 14279,
                "sales_id": 1000920,
                "adcid": 1,
                "contract_archived": 0,
                "status": 2,
                "company": {
                    "id": 2761,
                    "name": "北京测试公司",
                    "short_name": "测试",
                    "admin_account_id": 0,
                    "group_id": 0,
                    "ka_type": 0,
                    "realname_approve_status": 200,
                    "realname_approve_operator_id": 1000177,
                    "realname_approve_time": "2017-08-01 14:04:46",
                    "business_license": "111111111111111",
                    "business_license_image": "http://test-yn-static.img-cn-beijing.aliyuncs.com/pic/avatar/2017-08-15/1502772747_676015160.",
                    "business_license_image_raw": "http://test-yn-static.img-cn-beijing.aliyuncs.com/pic/avatar/2017-03-29/1490759046_220806833.png",
                    "opening_license_image": "",
                    "opening_license_image_raw": "",
                    "audit_status": 2,
                    "address": "卧龙小区219号楼1单元3",
                    "city_id": 2,
                    "province_id": 1,
                    "service_telephone": "",
                    "contact_name": "测试",
                    "contact_title": "",
                    "contact_telephone": "13718954368",
                    "comment": "",
                    "sales_id": 0,
                    "creator_id": 1000000000,
                    "status": 0,
                    "is_active": 1,
                    "project_count": 32,
                    "cooperate_status": 2,
                    "created_at": "2017-03-29 11:44:43",
                    "updated_at": "2017-09-05 20:11:17"
                },
                "adc": {
                    "adcid": 1,
                    "name": "北京管理区",
                    "title": "北京管理区",
                    "status": {
                        "code": 1,
                        "desc": "正常"
                    },
                    "addr": "北京市朝阳区卧龙小区11111",
                    "assign_bid_mgr_manually": 1,
                    "contact_show": 1,
                    "in_operation": 0,
                    "max_tcsp": 2,
                    "recently_update_operation_user": {
                        "name": "test"
                    },
                    "tags": [
                        "华北大区"
                    ],
                    "zip": "100010",
                    "city_ids": [
                        22,
                        23,
                        42,
                        43,
                        44,
                        51,
                        58
                    ],
                    "commission_rate": 0.12,
                    "subsidy_memo": "策略描述内容测试一下测试",
                    "subsidy_rate": 0.1,
                    "created_at": "2015-12-25 14:35:08",
                    "updated_at": "2017-09-02 15:29:01",
                    "recently_at": "2017-08-28 12:01:57",
                    "car_team_driver_count": 100
                },
                "sales_info": {
                    "admin_user_id": 1000920,
                    "name": "bihuijie",
                    "nick": "毕会杰",
                    "mobile": "13552425400",
                    "email": "bihuijie@yunniao.me",
                    "unread_message_count": 12,
                    "adcids": [
                        1
                    ],
                    "hiredate": "2017-07-04 08:00:00",
                    "bird_coins": 200,
                    "removed_authz": [

                    ],
                    "granted_authz": [

                    ],
                    "is_bu_lead": 0,
                    "buid": [
                        1000291
                    ],
                    "online": 1,
                    "status": {
                        "code": 200,
                        "desc": "上岗"
                    },
                    "is_delete": 0,
                    "roles": [
                        "sales",
                        "project_operation_mgr",
                        "god"
                    ],
                    "created_at": "2017-07-25 11:21:39",
                    "business_level": {
                        "code": 1,
                        "desc": "一级"
                    },
                    "is_forcibly_update_pass": 0
                },
                "bu_leader": "梅高客",
                "profile": {
                    "customer_id": 14279,
                    "name": "线索20633客户",
                    "login_name": "线索20633客户",
                    "nick": "线索20633客户",
                    "adcid": 1,
                    "crm_id": 0,
                    "vehicles_times": 50,
                    "city": "北京市",
                    "city_id": 1,
                    "contact": "线索20633客户",
                    "mobile": "13113170905",
                    "telphones": [

                    ],
                    "trade_class": {
                        "code": 1,
                        "desc": "直客"
                    },
                    "trade_subclass": {
                        "code": 1,
                        "desc": "B2B"
                    },
                    "trade_tags": [

                    ],
                    "trade_tag_other_desc": "",
                    "subsidy_id": 0,
                    "status": {
                        "code": 2,
                        "desc": "正常"
                    },
                    "is_frozen": 0,
                    "is_individual": 0,
                    "is_self_register": 0,
                    "gmv_status": {
                        "code": 1000,
                        "desc": "正常"
                    },
                    "enable_gmv_check": {
                        "code": 0,
                        "desc": "不启动gmv检查"
                    },
                    "tender_status": {
                        "code": 2,
                        "desc": "禁止招司机"
                    },
                    "realname_approve": {
                        "code": 300,
                        "desc": "未认证"
                    },
                    "once_logged_in_status": {
                        "code": 2,
                        "desc": "否"
                    },
                    "customer_source": {
                        "code": 200,
                        "desc": "顾问自拓"
                    },
                    "creater": "毕会杰",
                    "sales_id": 1000920,
                    "main_bid_mgr_id": 1000195,
                    "quality_mgr": "王雪-谁在删除打短腿",
                    "quality_mgr_id": 1000089,
                    "project_operation_mgr_id": 1000910,
                    "is_first_contract": 1,
                    "read_novice_guide": 0,
                    "read_accident_setting": 0,
                    "is_read_help": 0,
                    "enter_subaccount_manage": 0,
                    "read_operation_data_setting": 0,
                    "read_choice_driver_guide": 0,
                    "is_open_contract": 1,
                    "created_at": "2017-09-05 20:11:16",
                    "updated_at": "2017-09-18 03:00:08",
                    "audit_status": {
                        "code": 2,
                        "desc": "待审核"
                    },
                    "visiting_card_image": "",
                    "audit_feedbacker": "",
                    "audit_feedbacker_mobile": "",
                    "audit_feedback": "",
                    "assign_status": 0,
                    "cargo_type": {
                        "code": 100,
                        "desc": "食材"
                    },
                    "consignee_type": {
                        "code": 1,
                        "desc": "仓库"
                    },
                    "office_address": "北京西大街6号",
                    "project_type": {
                        "code": 1,
                        "desc": "封装"
                    },
                    "project_type_checked": {
                        "code": 0,
                        "desc": "未确认"
                    },
                    "project_status": {
                        "code": 1,
                        "desc": "未开跑"
                    },
                    "is_bonus_charged": {
                        "code": 2,
                        "desc": "提成不计入流水"
                    }
                },
                "last_audit_time": "",
                "project_type_display": "封装",
                "finance_pay_type_display": "信用客户"
            },
            {
                "project_type": 1,
                "company_id": 2761,
                "is_frozen": 0,
                "name": "线索20634客户",
                "finance_pay_type": 100,
                "audit_status": 2,
                "customer_id": 14278,
                "sales_id": 1000920,
                "adcid": 1,
                "contract_archived": 0,
                "status": 2,
                "company": {
                    "id": 2761,
                    "name": "北京测试公司",
                    "short_name": "测试",
                    "admin_account_id": 0,
                    "group_id": 0,
                    "ka_type": 0,
                    "realname_approve_status": 200,
                    "realname_approve_operator_id": 1000177,
                    "realname_approve_time": "2017-08-01 14:04:46",
                    "business_license": "111111111111111",
                    "business_license_image": "http://test-yn-static.img-cn-beijing.aliyuncs.com/pic/avatar/2017-08-15/1502772747_676015160.",
                    "business_license_image_raw": "http://test-yn-static.img-cn-beijing.aliyuncs.com/pic/avatar/2017-03-29/1490759046_220806833.png",
                    "opening_license_image": "",
                    "opening_license_image_raw": "",
                    "audit_status": 2,
                    "address": "卧龙小区219号楼1单元3",
                    "city_id": 2,
                    "province_id": 1,
                    "service_telephone": "",
                    "contact_name": "测试",
                    "contact_title": "",
                    "contact_telephone": "13718954368",
                    "comment": "",
                    "sales_id": 0,
                    "creator_id": 1000000000,
                    "status": 0,
                    "is_active": 1,
                    "project_count": 32,
                    "cooperate_status": 2,
                    "created_at": "2017-03-29 11:44:43",
                    "updated_at": "2017-09-05 20:11:17"
                },
                "adc": {
                    "adcid": 1,
                    "name": "北京管理区",
                    "title": "北京管理区",
                    "status": {
                        "code": 1,
                        "desc": "正常"
                    },
                    "addr": "北京市朝阳区卧龙小区11111",
                    "assign_bid_mgr_manually": 1,
                    "contact_show": 1,
                    "in_operation": 0,
                    "max_tcsp": 2,
                    "recently_update_operation_user": {
                        "name": "test"
                    },
                    "tags": [
                        "华北大区"
                    ],
                    "zip": "100010",
                    "city_ids": [
                        22,
                        23,
                        42,
                        43,
                        44,
                        51,
                        58
                    ],
                    "commission_rate": 0.12,
                    "subsidy_memo": "策略描述内容测试一下测试",
                    "subsidy_rate": 0.1,
                    "created_at": "2015-12-25 14:35:08",
                    "updated_at": "2017-09-02 15:29:01",
                    "recently_at": "2017-08-28 12:01:57",
                    "car_team_driver_count": 100
                },
                "sales_info": {
                    "admin_user_id": 1000920,
                    "name": "bihuijie",
                    "nick": "毕会杰",
                    "mobile": "13552425400",
                    "email": "bihuijie@yunniao.me",
                    "unread_message_count": 12,
                    "adcids": [
                        1
                    ],
                    "hiredate": "2017-07-04 08:00:00",
                    "bird_coins": 200,
                    "removed_authz": [

                    ],
                    "granted_authz": [

                    ],
                    "is_bu_lead": 0,
                    "buid": [
                        1000291
                    ],
                    "online": 1,
                    "status": {
                        "code": 200,
                        "desc": "上岗"
                    },
                    "is_delete": 0,
                    "roles": [
                        "sales",
                        "project_operation_mgr",
                        "god"
                    ],
                    "created_at": "2017-07-25 11:21:39",
                    "business_level": {
                        "code": 1,
                        "desc": "一级"
                    },
                    "is_forcibly_update_pass": 0
                },
                "bu_leader": "梅高客",
                "profile": {
                    "customer_id": 14278,
                    "name": "线索20634客户",
                    "login_name": "线索20634客户",
                    "nick": "线索20634客户",
                    "adcid": 1,
                    "crm_id": 0,
                    "vehicles_times": 50,
                    "city": "北京市",
                    "city_id": 1,
                    "contact": "线索20634客户",
                    "mobile": "13112170905",
                    "telphones": [

                    ],
                    "trade_class": {
                        "code": 1,
                        "desc": "直客"
                    },
                    "trade_subclass": {
                        "code": 1,
                        "desc": "B2B"
                    },
                    "trade_tags": [

                    ],
                    "trade_tag_other_desc": "",
                    "subsidy_id": 0,
                    "status": {
                        "code": 2,
                        "desc": "正常"
                    },
                    "is_frozen": 0,
                    "is_individual": 0,
                    "is_self_register": 0,
                    "gmv_status": {
                        "code": 1000,
                        "desc": "正常"
                    },
                    "enable_gmv_check": {
                        "code": 0,
                        "desc": "不启动gmv检查"
                    },
                    "tender_status": {
                        "code": 2,
                        "desc": "禁止招司机"
                    },
                    "realname_approve": {
                        "code": 300,
                        "desc": "未认证"
                    },
                    "once_logged_in_status": {
                        "code": 2,
                        "desc": "否"
                    },
                    "customer_source": {
                        "code": 200,
                        "desc": "顾问自拓"
                    },
                    "creater": "毕会杰",
                    "sales_id": 1000920,
                    "main_bid_mgr_id": 1000195,
                    "quality_mgr": "王雪-谁在删除打短腿",
                    "quality_mgr_id": 1000089,
                    "project_operation_mgr_id": 1000910,
                    "is_first_contract": 1,
                    "read_novice_guide": 0,
                    "read_accident_setting": 0,
                    "is_read_help": 0,
                    "enter_subaccount_manage": 0,
                    "read_operation_data_setting": 0,
                    "read_choice_driver_guide": 0,
                    "is_open_contract": 1,
                    "created_at": "2017-09-05 20:07:59",
                    "updated_at": "2017-09-18 03:00:08",
                    "audit_status": {
                        "code": 2,
                        "desc": "待审核"
                    },
                    "visiting_card_image": "",
                    "audit_feedbacker": "",
                    "audit_feedbacker_mobile": "",
                    "audit_feedback": "",
                    "assign_status": 0,
                    "cargo_type": {
                        "code": 100,
                        "desc": "食材"
                    },
                    "consignee_type": {
                        "code": 1,
                        "desc": "仓库"
                    },
                    "office_address": "北京西大街6号",
                    "project_type": {
                        "code": 1,
                        "desc": "封装"
                    },
                    "project_type_checked": {
                        "code": 0,
                        "desc": "未确认"
                    },
                    "project_status": {
                        "code": 1,
                        "desc": "未开跑"
                    },
                    "is_bonus_charged": {
                        "code": 2,
                        "desc": "提成不计入流水"
                    }
                },
                "last_audit_time": "",
                "project_type_display": "封装",
                "finance_pay_type_display": "信用客户"
            },
            {
                "project_type": 1,
                "company_id": 2761,
                "is_frozen": 0,
                "name": "线索20644客户",
                "finance_pay_type": 100,
                "audit_status": 2,
                "customer_id": 14277,
                "sales_id": 1000920,
                "adcid": 1,
                "contract_archived": 0,
                "status": 2,
                "company": {
                    "id": 2761,
                    "name": "北京测试公司",
                    "short_name": "测试",
                    "admin_account_id": 0,
                    "group_id": 0,
                    "ka_type": 0,
                    "realname_approve_status": 200,
                    "realname_approve_operator_id": 1000177,
                    "realname_approve_time": "2017-08-01 14:04:46",
                    "business_license": "111111111111111",
                    "business_license_image": "http://test-yn-static.img-cn-beijing.aliyuncs.com/pic/avatar/2017-08-15/1502772747_676015160.",
                    "business_license_image_raw": "http://test-yn-static.img-cn-beijing.aliyuncs.com/pic/avatar/2017-03-29/1490759046_220806833.png",
                    "opening_license_image": "",
                    "opening_license_image_raw": "",
                    "audit_status": 2,
                    "address": "卧龙小区219号楼1单元3",
                    "city_id": 2,
                    "province_id": 1,
                    "service_telephone": "",
                    "contact_name": "测试",
                    "contact_title": "",
                    "contact_telephone": "13718954368",
                    "comment": "",
                    "sales_id": 0,
                    "creator_id": 1000000000,
                    "status": 0,
                    "is_active": 1,
                    "project_count": 32,
                    "cooperate_status": 2,
                    "created_at": "2017-03-29 11:44:43",
                    "updated_at": "2017-09-05 20:11:17"
                },
                "adc": {
                    "adcid": 1,
                    "name": "北京管理区",
                    "title": "北京管理区",
                    "status": {
                        "code": 1,
                        "desc": "正常"
                    },
                    "addr": "北京市朝阳区卧龙小区11111",
                    "assign_bid_mgr_manually": 1,
                    "contact_show": 1,
                    "in_operation": 0,
                    "max_tcsp": 2,
                    "recently_update_operation_user": {
                        "name": "test"
                    },
                    "tags": [
                        "华北大区"
                    ],
                    "zip": "100010",
                    "city_ids": [
                        22,
                        23,
                        42,
                        43,
                        44,
                        51,
                        58
                    ],
                    "commission_rate": 0.12,
                    "subsidy_memo": "策略描述内容测试一下测试",
                    "subsidy_rate": 0.1,
                    "created_at": "2015-12-25 14:35:08",
                    "updated_at": "2017-09-02 15:29:01",
                    "recently_at": "2017-08-28 12:01:57",
                    "car_team_driver_count": 100
                },
                "sales_info": {
                    "admin_user_id": 1000920,
                    "name": "bihuijie",
                    "nick": "毕会杰",
                    "mobile": "13552425400",
                    "email": "bihuijie@yunniao.me",
                    "unread_message_count": 12,
                    "adcids": [
                        1
                    ],
                    "hiredate": "2017-07-04 08:00:00",
                    "bird_coins": 200,
                    "removed_authz": [

                    ],
                    "granted_authz": [

                    ],
                    "is_bu_lead": 0,
                    "buid": [
                        1000291
                    ],
                    "online": 1,
                    "status": {
                        "code": 200,
                        "desc": "上岗"
                    },
                    "is_delete": 0,
                    "roles": [
                        "sales",
                        "project_operation_mgr",
                        "god"
                    ],
                    "created_at": "2017-07-25 11:21:39",
                    "business_level": {
                        "code": 1,
                        "desc": "一级"
                    },
                    "is_forcibly_update_pass": 0
                },
                "bu_leader": "梅高客",
                "profile": {
                    "customer_id": 14277,
                    "name": "线索20644客户",
                    "login_name": "线索20644客户",
                    "nick": "线索20644客户",
                    "adcid": 1,
                    "crm_id": 0,
                    "vehicles_times": 50,
                    "city": "北京市",
                    "city_id": 1,
                    "contact": "线索20644客户",
                    "mobile": "13110170905",
                    "telphones": [

                    ],
                    "trade_class": {
                        "code": 1,
                        "desc": "直客"
                    },
                    "trade_subclass": {
                        "code": 1,
                        "desc": "B2B"
                    },
                    "trade_tags": [

                    ],
                    "trade_tag_other_desc": "",
                    "subsidy_id": 0,
                    "status": {
                        "code": 2,
                        "desc": "正常"
                    },
                    "is_frozen": 0,
                    "is_individual": 0,
                    "is_self_register": 0,
                    "gmv_status": {
                        "code": 1000,
                        "desc": "正常"
                    },
                    "enable_gmv_check": {
                        "code": 0,
                        "desc": "不启动gmv检查"
                    },
                    "tender_status": {
                        "code": 2,
                        "desc": "禁止招司机"
                    },
                    "realname_approve": {
                        "code": 300,
                        "desc": "未认证"
                    },
                    "once_logged_in_status": {
                        "code": 2,
                        "desc": "否"
                    },
                    "customer_source": {
                        "code": 200,
                        "desc": "顾问自拓"
                    },
                    "creater": "毕会杰",
                    "sales_id": 1000920,
                    "main_bid_mgr_id": 1000195,
                    "quality_mgr": "王雪-谁在删除打短腿",
                    "quality_mgr_id": 1000089,
                    "project_operation_mgr_id": 1000910,
                    "is_first_contract": 1,
                    "read_novice_guide": 0,
                    "read_accident_setting": 0,
                    "is_read_help": 0,
                    "enter_subaccount_manage": 0,
                    "read_operation_data_setting": 0,
                    "read_choice_driver_guide": 0,
                    "is_open_contract": 1,
                    "created_at": "2017-09-05 19:49:51",
                    "updated_at": "2017-09-18 03:00:08",
                    "audit_status": {
                        "code": 2,
                        "desc": "待审核"
                    },
                    "visiting_card_image": "",
                    "audit_feedbacker": "",
                    "audit_feedbacker_mobile": "",
                    "audit_feedback": "",
                    "assign_status": 0,
                    "cargo_type": {
                        "code": 100,
                        "desc": "食材"
                    },
                    "consignee_type": {
                        "code": 1,
                        "desc": "仓库"
                    },
                    "office_address": "北京西大街6号",
                    "project_type": {
                        "code": 1,
                        "desc": "封装"
                    },
                    "project_type_checked": {
                        "code": 0,
                        "desc": "未确认"
                    },
                    "project_status": {
                        "code": 1,
                        "desc": "未开跑"
                    },
                    "is_bonus_charged": {
                        "code": 2,
                        "desc": "提成不计入流水"
                    }
                },
                "last_audit_time": "",
                "project_type_display": "封装",
                "finance_pay_type_display": "信用客户"
            },
            {
                "project_type": 1,
                "company_id": 0,
                "is_frozen": 0,
                "name": "客户名称毕",
                "finance_pay_type": 100,
                "audit_status": 2,
                "customer_id": 14276,
                "sales_id": 1000920,
                "adcid": 1,
                "contract_archived": 0,
                "status": 2,
                "company": [

                ],
                "adc": {
                    "adcid": 1,
                    "name": "北京管理区",
                    "title": "北京管理区",
                    "status": {
                        "code": 1,
                        "desc": "正常"
                    },
                    "addr": "北京市朝阳区卧龙小区11111",
                    "assign_bid_mgr_manually": 1,
                    "contact_show": 1,
                    "in_operation": 0,
                    "max_tcsp": 2,
                    "recently_update_operation_user": {
                        "name": "test"
                    },
                    "tags": [
                        "华北大区"
                    ],
                    "zip": "100010",
                    "city_ids": [
                        22,
                        23,
                        42,
                        43,
                        44,
                        51,
                        58
                    ],
                    "commission_rate": 0.12,
                    "subsidy_memo": "策略描述内容测试一下测试",
                    "subsidy_rate": 0.1,
                    "created_at": "2015-12-25 14:35:08",
                    "updated_at": "2017-09-02 15:29:01",
                    "recently_at": "2017-08-28 12:01:57",
                    "car_team_driver_count": 100
                },
                "sales_info": {
                    "admin_user_id": 1000920,
                    "name": "bihuijie",
                    "nick": "毕会杰",
                    "mobile": "13552425400",
                    "email": "bihuijie@yunniao.me",
                    "unread_message_count": 12,
                    "adcids": [
                        1
                    ],
                    "hiredate": "2017-07-04 08:00:00",
                    "bird_coins": 200,
                    "removed_authz": [

                    ],
                    "granted_authz": [

                    ],
                    "is_bu_lead": 0,
                    "buid": [
                        1000291
                    ],
                    "online": 1,
                    "status": {
                        "code": 200,
                        "desc": "上岗"
                    },
                    "is_delete": 0,
                    "roles": [
                        "sales",
                        "project_operation_mgr",
                        "god"
                    ],
                    "created_at": "2017-07-25 11:21:39",
                    "business_level": {
                        "code": 1,
                        "desc": "一级"
                    },
                    "is_forcibly_update_pass": 0
                },
                "bu_leader": "梅高客",
                "profile": {
                    "customer_id": 14276,
                    "name": "客户名称毕",
                    "login_name": "客户名称毕",
                    "nick": "客户名称毕",
                    "adcid": 1,
                    "crm_id": 0,
                    "vehicles_times": 50,
                    "city": "北京市",
                    "city_id": 1,
                    "contact": "客户名称毕",
                    "mobile": "13110170902",
                    "telphones": [

                    ],
                    "trade_class": {
                        "code": 1,
                        "desc": "直客"
                    },
                    "trade_subclass": {
                        "code": 1,
                        "desc": "B2B"
                    },
                    "trade_tags": [

                    ],
                    "trade_tag_other_desc": "",
                    "subsidy_id": 0,
                    "status": {
                        "code": 2,
                        "desc": "正常"
                    },
                    "is_frozen": 0,
                    "is_individual": 0,
                    "is_self_register": 0,
                    "gmv_status": {
                        "code": 1000,
                        "desc": "正常"
                    },
                    "enable_gmv_check": {
                        "code": 0,
                        "desc": "不启动gmv检查"
                    },
                    "tender_status": {
                        "code": 2,
                        "desc": "禁止招司机"
                    },
                    "realname_approve": {
                        "code": 300,
                        "desc": "未认证"
                    },
                    "once_logged_in_status": {
                        "code": 2,
                        "desc": "否"
                    },
                    "customer_source": {
                        "code": 200,
                        "desc": "顾问自拓"
                    },
                    "creater": "毕会杰",
                    "sales_id": 1000920,
                    "main_bid_mgr_id": 1000195,
                    "quality_mgr": "王雪-谁在删除打短腿",
                    "quality_mgr_id": 1000089,
                    "project_operation_mgr_id": 1000910,
                    "is_first_contract": 1,
                    "read_novice_guide": 0,
                    "read_accident_setting": 0,
                    "is_read_help": 0,
                    "enter_subaccount_manage": 0,
                    "read_operation_data_setting": 0,
                    "read_choice_driver_guide": 0,
                    "is_open_contract": 1,
                    "created_at": "2017-09-05 17:50:01",
                    "updated_at": "2017-09-18 03:00:08",
                    "audit_status": {
                        "code": 2,
                        "desc": "待审核"
                    },
                    "visiting_card_image": "",
                    "audit_feedbacker": "",
                    "audit_feedbacker_mobile": "",
                    "audit_feedback": "",
                    "assign_status": 0,
                    "cargo_type": {
                        "code": 100,
                        "desc": "食材"
                    },
                    "consignee_type": {
                        "code": 1,
                        "desc": "仓库"
                    },
                    "office_address": "北京西大街6号",
                    "project_type": {
                        "code": 1,
                        "desc": "封装"
                    },
                    "project_type_checked": {
                        "code": 0,
                        "desc": "未确认"
                    },
                    "project_status": {
                        "code": 1,
                        "desc": "未开跑"
                    },
                    "is_bonus_charged": {
                        "code": 2,
                        "desc": "提成不计入流水"
                    }
                },
                "last_audit_time": "",
                "project_type_display": "封装",
                "finance_pay_type_display": "信用客户"
            }
        ],
        "total_pages": 11,
        "per_page": 20,
        "page": 1,
        "pre_page": 1,
        "next_page": 2,
        "count": 20,
        "total_page": 11
    }
}