{
	"code": 0,
	"info": {
		"company": {
			"id": 34,
			"name": "这是cqy-c的公司全称",
			"admin_account_id": null,
			"group_id": 1,
			"ka_type": 0,
			"ka_type_display": "否",
			"realname_approve_status": 100,
			"realname_approve_status_display": "未认证",
			"business_license": "123432424",
			"business_license_image": "",
			"opening_license_image": "http://test-yn-static.img-cn-beijing.aliyuncs.com/pic/avatar/2016-04-09/1460195802_0.042533385334536",
			"address": "北京市慧忠里卧龙小区219西单元",
			"service_telephone": "11012345501",
			"contact_name": "王美",
			"contact_title": "职位",
			"contact_telephone": "11012345500",
			"comment": "备注备注备注",
			"sales_id": 2,
			"audit_status": 2,
			"stock_market": 2,
			"financing_round": 3,
			"financing_amount": 4
		},
		"admin_account": {
			"id": 12,
			"mobile": 135261253543,
			"name": "管理员姓名",
			"login_name": "管理员登录名"
		},
		"permission": {
			"real_name_cert_enable": 1,
			"save_entity_enable": 1,
			"save_account_enable": 1,
			"customer_showable": 1,
			"ka_enable": 1,
			"save_enable": 1
		},
		"customers": {
			"customer_count": 1,
			"run_count": 2,
			"frozen_count": 2,
			"list": [
				{
					"customer_id": 14,
					"name": "测试测试",
					"adcid": 1,
					"sales_id": 1000090,
					"sales_nick": "我是sale",
					"adc_name": "我是adc",
					"is_frozen": 0,
					"created_at": "2014-11-27 11:24:07",
					"project_type": {
						"code": 2,
						"desc": "自助"
					},
					"project_status": {
						"code": 2,
						"desc": "已开跑"
					},
					"finance_pay_type": {
						"code": 100,
						"desc": "信用客户"
					},
					"tender_status": {
						"desc": "允许招司机",
						"code": 123
					}
				},
				{
					"customer_id": 147,
					"name": "shiyang123",
					"adcid": 1,
					"sales_id": 1000155,
					"is_frozen": 0,
					"sales_nick": "我是sale",
					"adc_name": "我是adc",
					"created_at": "2015-05-07 18:15:30",
					"project_type": {
						"code": 2,
						"desc": "自助"
					},
					"project_status": {
						"code": 2,
						"desc": "已开跑"
					},
					"finance_pay_type": {
						"code": 100,
						"desc": "信用客户"
					},
					"tender_status": {
						"desc": "允许招司机",
						"code": 123
					}
				}
			],
			"pagination": {
				"total": 1,
				"total_pages": 5,
				"per_page": 20,
				"page": 1,
				"pre_page": 1,
				"next_page": 1
			}
		},
		"config": {
			"groups": [
				{
					"id": 1,
					"name": "name1"
				},
				{
					"id": 2,
					"name": "name2"
				}
			],
			"stock_market": [
				{
					"id": 1,
					"name": "情况未确认"
				},
				{
					"id": 2,
					"name": "未上市"
				},
				{
					"id": 3,
					"name": "已上市-A股"
				},
				{
					"id": 4,
					"name": "已上市-H股"
				},
				{
					"id": 5,
					"name": "已上市-其他股"
				}
			],
			"financing_round": [
				{
					"id": 1,
					"name": "情况未确认"
				},
				{
					"id": 2,
					"name": "A轮及之前"
				},
				{
					"id": 3,
					"name": "B轮"
				},
				{
					"id": 4,
					"name": "C轮、非融资"
				},
				{
					"id": 5,
					"name": "D轮"
				},
				{
					"id": 6,
					"name": "D轮以上"
				}
			],
			"financing_amount": [
				{
					"id": 1,
					"name": "情况未确认"
				},
				{
					"id": 2,
					"name": "5000万元及以下、非融资"
				},
				{
					"id": 3,
					"name": "5000万元至1亿元（含）"
				},
				{
					"id": 4,
					"name": "1亿元至1.5亿元（含）"
				},
				{
					"id": 5,
					"name": "2亿元至2.5亿元（含）"
				},
				{
					"id": 6,
					"name": "2.5亿元以上"
				}
			],
			"sales": [
				{
					"id": 1,
					"name": "sales1"
				},
				{
					"id": 2,
					"name": "sales2"
				}
			],
			"ka_type": [
				{
					"id": 0,
					"name": "否"
				},
				{
					"id": 1,
					"name": "区域KA"
				},
				{
					"id": 2,
					"name": "全国KA"
				}
			]
		}
	}
}
