{
    "code": 0,
    "info": {
        "count":5,
        "total":15,
        "total_page":3,
        "table_list": [
          {
            "id":1,
            "cooperate_status_display":"为合作",
            "short_name": "简称",
            "name": "公司名称"
          },
          {
            "id":2,
            "cooperate_status_display":"为合作",
            "short_name": "简称",
            "name": "公司名称"
          },
          {
            "id":3,
            "cooperate_status_display":"为合作",
            "short_name": "简称",
            "name": "公司名称"
          },
          {
            "id":4,
            "cooperate_status_display":"为合作",
            "short_name": "简称",
            "name": "公司名称"
          },
          {
            "id":5,
            "cooperate_status_display":"为合作",
            "short_name": "简称",
            "name": "公司名称"
          },
          {
            "id":6,
            "cooperate_status_display":"为合作",
            "short_name": "简称",
            "name": "公司名称"
          },
          {
            "id":7,
            "cooperate_status_display":"为合作",
            "short_name": "简称",
            "name": "公司名称"
          },
          {
            "id":8,
            "cooperate_status_display":"为合作",
            "short_name": "简称",
            "name": "公司名称"
          },
          {
            "id":9,
            "cooperate_status_display":"为合作",
            "short_name": "简称",
            "name": "公司名称"
          },
          {
            "id":10,
            "cooperate_status_display":"为合作",
            "short_name": "简称",
            "name": "公司名称"
          },
          {
            "id":11,
            "cooperate_status_display":"为合作",
            "short_name": "简称",
            "name": "公司名称"
          }
        ]
    }
}
