{
	"code": 0,
	"info": {
		"list": [
			{
				"customer_id": 14,
				"name": "测试测试",
				"adcid": 1,
				"sales_id": 1000090,
				"sales_nick": "我是sale",
				"adc_name": "我是adc",
				"is_frozen": 0,
				"created_at": "2014-11-27 11:24:07",
				"project_type": {
					"code": 2,
					"desc": "自助"
				},
				"project_status": {
					"code": 2,
					"desc": "已开跑"
				},
				"finance_pay_type": {
					"code": 100,
					"desc": "信用客户"
				},
				"tender_status": {
					"code": 1,
					"desc": "允许招司机"
				}
			},
			{
				"customer_id": 147,
				"name": "shiyang123",
				"adcid": 1,
				"sales_id": 1000155,
				"is_frozen": 0,
				"sales_nick": "我是sale",
				"adc_name": "我是adc",
				"created_at": "2015-05-07 18:15:30",
				"project_type": {
					"code": 2,
					"desc": "自助"
				},
				"project_status": {
					"code": 2,
					"desc": "已开跑"
				},
				"finance_pay_type": {
					"code": 100,
					"desc": "信用客户"
				},
				"tender_status": {
					"code": 1,
					"desc": "允许招司机"
				}
			},
			{
				"customer_id": 147,
				"name": "shiyang123",
				"adcid": 1,
				"sales_id": 1000155,
				"is_frozen": 0,
				"sales_nick": "我是sale",
				"adc_name": "我是adc",
				"created_at": "2015-05-07 18:15:30",
				"project_type": {
					"code": 2,
					"desc": "自助"
				},
				"project_status": {
					"code": 2,
					"desc": "已开跑"
				},
				"finance_pay_type": {
					"code": 100,
					"desc": "信用客户"
				},
				"tender_status": {
					"code": 1,
					"desc": "允许招司机"
				}
			},
			{
				"customer_id": 147,
				"name": "shiyang123",
				"adcid": 1,
				"sales_id": 1000155,
				"is_frozen": 0,
				"sales_nick": "我是sale",
				"adc_name": "我是adc",
				"created_at": "2015-05-07 18:15:30",
				"project_type": {
					"code": 2,
					"desc": "自助"
				},
				"project_status": {
					"code": 2,
					"desc": "已开跑"
				},
				"finance_pay_type": {
					"code": 100,
					"desc": "信用客户"
				},
				"tender_status": {
					"code": 1,
					"desc": "允许招司机"
				}
			},
			{
				"customer_id": 147,
				"name": "shiyang123",
				"adcid": 1,
				"sales_id": 1000155,
				"is_frozen": 0,
				"sales_nick": "我是sale",
				"adc_name": "我是adc",
				"created_at": "2015-05-07 18:15:30",
				"project_type": {
					"code": 2,
					"desc": "自助"
				},
				"project_status": {
					"code": 2,
					"desc": "已开跑"
				},
				"finance_pay_type": {
					"code": 100,
					"desc": "信用客户"
				},
				"tender_status": {
					"code": 1,
					"desc": "允许招司机"
				}
			}
		],
		"pagination": {
			"total": 6,
			"total_pages": 5,
			"per_page": 20,
			"page": 2,
			"pre_page": 1,
			"next_page": 1
		}
	}
}