{
	"code": 0,
	"info": {
		"stock_market": [
			{
				"id": 1,
				"name": "情况未确认"
			},
			{
				"id": 2,
				"name": "未上市"
			},
			{
				"id": 3,
				"name": "已上市-A股"
			},
			{
				"id": 4,
				"name": "已上市-H股"
			},
			{
				"id": 5,
				"name": "已上市-其他股"
			}
		],
		"financing_round": [
			{
				"id": 1,
					"name": "情况未确认"
			},
			{
				"id": 2,
				"name": "A轮及之前"
			},
			{
				"id": 3,
				"name": "B轮"
			},
			{
				"id": 4,
				"name": "C轮、非融资"
			},
			{
				"id": 5,
				"name": "D轮"
			},
			{
				"id": 6,
				"name": "D轮以上"
			}
		],
		"financing_amount": [
			{
				"id": 1,
				"name": "情况未确认"
			},
			{
				"id": 2,
				"name": "5000万元及以下、非融资"
			},
			{
				"id": 3,
				"name": "5000万元至1亿元（含）"
			},
			{
				"id": 4,
				"name": "1亿元至1.5亿元（含）"
			},
			{
				"id": 5,
				"name": "2亿元至2.5亿元（含）"
			},
			{
				"id": 6,
				"name": "2.5亿元以上"
			}
		]
	}
}