{
  "code": 0,
  "info": {
    "group": [
      {
        "id": 31,
        "name": "柴倩怡集团全称12"
      },
      {
        "id": 30,
        "name": "kdflklkl"
      },
      {
        "id": 29,
        "name": "dfddfddfdf"
      },
      {
        "id": 28,
        "name": "ffadfdf"
      },
      {
        "id": 27,
        "name": "测试集团111"
      },
      {
        "id": 26,
        "name": "asdfa"
      },
      {
        "id": 25,
        "name": "1t"
      },
      {
        "id": 24,
        "name": "打发打发"
      },
      {
        "id": 23,
        "name": "军伟新建"
      },
      {
        "id": 22,
        "name": "12"
      },
      {
        "id": 21,
        "name": "柴倩怡集团全称11"
      },
      {
        "id": 20,
        "name": "柴倩怡集团全称10"
      },
      {
        "id": 19,
        "name": "柴倩怡集团全称9"
      },
      {
        "id": 18,
        "name": "柴倩怡集团全称8"
      },
      {
        "id": 17,
        "name": "柴倩怡集团全称7"
      },
      {
        "id": 16,
        "name": "cqy-group6"
      },
      {
        "id": 15,
        "name": "柴倩怡集团全称五"
      },
      {
        "id": 14,
        "name": "柴倩怡集团全称四"
      },
      {
        "id": 13,
        "name": "柴倩怡集团全称三"
      },
      {
        "id": 12,
        "name": "a"
      },
      {
        "id": 11,
        "name": "！@#￥%……&*（）+"
      },
      {
        "id": 10,
        "name": "陈雷集团2"
      },
      {
        "id": 9,
        "name": "柴倩怡集团全称二"
      },
      {
        "id": 8,
        "name": "陈雷集团1"
      },
      {
        "id": 7,
        "name": "集团1"
      },
      {
        "id": 6,
        "name": "柴倩怡集团全称一new"
      },
      {
        "id": 5,
        "name": "方法打发打发放到"
      },
      {
        "id": 4,
        "name": "方法打发打发"
      },
      {
        "id": 3,
        "name": "方法"
      },
      {
        "id": 2,
        "name": "方法的按揭付款的"
      },
      {
        "id": 1,
        "name": "张军伟测试哈哈哈"
      }
    ]
  }
}