{
    "code": 0,

    "info": {
        "customer_info": {
        "customer_id": 4054,
        "customer_name": "封装用户空档期",
        "project_type": {
            "code": 1,
            "desc": "封装"
        },
        "project_type_checked": {
            "code": 0,
            "desc": "已确认"
        },
        "project_status": {
            "code": 1,
            "desc": "停止"
        },
        "service_start": "2016-03-15",
        "is_bonus_charged": {
            "code": 0,
            "desc": "提成不计入流水"
        },
        "sop_rate": 0,
        "latest_trans_event_complete_date": "2017-09-19"
        },
        "id": 1515,
        "customer_flag_display": "整车封装",
        "customer_id": 4054,
        "settlement_type": 100,
        "have_confirmed": 100,
        "have_surety": 0,
        "have_arrange_auth": 0,
        "charge_unit": 300,
        "surety_unit": 200,
        "have_bonus": 1,
        "bonus_unit": 200,
        "bonus_demo": "asdasdasd",
        "customer_flag": 400,
        "settlement_type_display": "原封装项目结算方式",
        "details": [
            {
                "charge_id":113,
                "charge_price":10000,
                "charge_price_display":"100.00",
                "charge_rate":0,
                "charge_rate_display":"0%",
                "charge_type":100,
                "desc_base":"50.00",
                "desc_rule" :100,
                "desc_rule_display":"大于>",
                "desc_unit":200,
                "desc_unit_display":"重量",
                "detail_definition":[],
                "detail_desc":"分类定义一",
                "detail_name":"二级分类一",
                "id":834,
                "order_center_price":8000,
                "order_center_price_display":"80.00",
                "sop_rate": "0.01",
                "surety_amount":120000,
                "surety_amount_display":"1200.00",
                "surety_count":10,
                "unit_display":"千克"
            }
        ],
        "additionalDetails": [
            {
                "id": 853,
                "charge_id": 15,
                "charge_type": 200,
                "detail_name": "fj1",
                "detail_desc": "fj1",
                "desc_unit": 100,
                "charge_price": 1200
            },
            {
                "id": 888,
                "charge_id": 15,
                "charge_type": 200,
                "detail_name": "fj1",
                "detail_desc": "fj1",
                "desc_unit": 100,
                "charge_price": 1200
            }
        ],
        "permission": {
            "confirm_project_enable" : false
        }
    }
}
