{
    "code": 0,
    "info": {
        "count": 1,
        "page": 1,
        "per_page": 20,
        "total": 121,
        "total_pages": 7,
        "list":[
            {
                "id": 6,
                "customer_id": 13932,
                "report_date": "2017-06-18",
                "pack_report_id": 3550,
                "balance_type": 100,
                "balance_type_display": "收入",
                "balance_money": 3000,
                "balance_money_display": 30.00,
                "explain": 400,
                "explain_display": "封装日报收入调整",
                "balance_source": 100,
                "balance_source_display": "系统生成",
                "created_at": "2017-06-24 11:43:11",
                "updated_at": "2017-06-24 11:43:12",
                "memo":"基础运力成本",
                "customer_info": {
                    "name": "1221封装客户",
                    "adcid": 1,
                    "city": "北京市",
                    "city_id": 1,
                    "mobile": "18501371230",
                    "sales": "杨发销售",
                    "sales_id": 1000684,
                    "main_bid_mgr": "dy北京岗位经理",
                    "main_bid_mgr_id": 1000139,
                    "quality_mgr": "曹小凌",
                    "quality_mgr_id": 1000709,
                    "cuid": 13932,
                    "com_name": "范德萨范德萨范德萨",
                    "company_id": 2678,
                    "tender_status": 2,
                    "finance_pay_type": 100,
                    "archived": false,
                    "ps": 2,
                    "pt": 1,
                    "now_invoice_tax_rate_value": 0.06,
                    "invoice_tax_rate_display": "有（6%)",
                    "vas_sop_spp_display": "8.00%",
                    "ps_display": "已开跑",
                    "pt_display": "封装",
                    "finance_pay_type_display": "信用客户",
                    "bu_leader": {
                        "name": "杨发销售高"
                    },
                    "adc_info": {
                        "adcid": 1,
                        "name": "北京管理区"
                    }
                }
            }
        ]
    }
}
