{
    "code": 0,
    "info": {
        "count": 67,
        "list": [
            {
                "id": 67,
                "customer_id": 53,
                "customer_flag": 400,
                "report_date": "2017-07-14",
                "pack_report_id": 4391,
                "adc_id": 1,
                "sales_id": 1000094,
                "bu_lead_id": 1000241,
                "reporter_id": 0,
                "income_total": 0,
                "cost_total": 0,
                "trans_event_count": 0,
                "gross_profit": 0,
                "gross_profit_rate": "0.0000",
                "vas_bonus_rate": "0.0000",
                "dd_bonus_rate": "0.0000",
                "bid_bonus_rate": "0.0000",
                "status": 100,
                "committed_at": 0,
                "saved_at": 0,
                "created_at": "2017-07-15 17:32:06",
                "updated_at": "2017-07-17 11:07:39",
                "income_total_display": "0.00",
                "cost_total_display": "0.00",
                "gross_profit_display": "0.00",
                "gross_profit_rate_display": "0%",
                "committed_at_display": "",
                "saved_at_display": "",
                "status_display": "未提交",
                "vas_bonus_rate_display": "0%",
                "dd_bonus_rate_display": "0%",
                "bid_bonus_rate_display": "0%",
                "vas_bonus_cost_display": 0,
                "dd_bonus_cost_display": 0,
                "bid_bonus_cost_display": 0,
                "bonus_total_display": 0,
                "customer_flag_display": "订单封装",
                "income_total": 31502100,
                "income_total_display": "315021.00",
                "cost_total": 0,
                "cost_total_display": "0.00",
                "income_money":31502100,
                "income_money_display":315021.00,
                "cost_money":31502100,
                "cost_money_display":315021.00,
                "income_balance":31502100,
                "income_balance_display":315021.00,
                "cost_balance":31502100,
                "cost_balance_display":315021.00,
                "customer_info": {
                    "city": "北京市",
                    "com_name": "123456",
                    "cuid": 53,
                    "mobile": "11012341238",
                    "name": "呵呵1",
                    "quality_mgr": "bj_现控经理1",
                    "sales": "李雅（客服经理）",
                    "main_bid_mgr": "只有管理权限",
                    "adcid": 1,
                    "city_id": 1,
                    "main_bid_mgr_id": 1000111,
                    "quality_mgr_id": 1000244,
                    "sales_id": 1000094,
                    "company_id": 2102,
                    "tender_status": 1,
                    "finance_pay_type": 200,
                    "archived": false,
                    "ps": 2,
                    "pt": 1,
                    "now_invoice_tax_rate_value": 0,
                    "invoice_tax_rate_display": "无",
                    "vas_sop_spp_display": "8.00%",
                    "ps_display": "已开跑",
                    "pt_display": "封装",
                    "finance_pay_type_display": "预充值客户",
                    "bu_leader": {
                        "name": "bj_客服经理2"
                    },
                    "adc_info": {
                        "adcid": 1,
                        "name": "北京管理区"
                    }
                }
            },
            {
                "id": 67,
                "customer_id": 53,
                "customer_flag": 400,
                "report_date": "2017-07-14",
                "pack_report_id": 4391,
                "adc_id": 1,
                "sales_id": 1000094,
                "bu_lead_id": 1000241,
                "reporter_id": 0,
                "income_total": 0,
                "cost_total": 0,
                "trans_event_count": 0,
                "gross_profit": 0,
                "gross_profit_rate": "0.0000",
                "vas_bonus_rate": "0.0000",
                "dd_bonus_rate": "0.0000",
                "bid_bonus_rate": "0.0000",
                "status": 100,
                "committed_at": 0,
                "saved_at": 0,
                "created_at": "2017-07-15 17:32:06",
                "updated_at": "2017-07-17 11:07:39",
                "income_total_display": "0.00",
                "cost_total_display": "0.00",
                "gross_profit_display": "0.00",
                "gross_profit_rate_display": "0%",
                "committed_at_display": "",
                "saved_at_display": "",
                "status_display": "未提交",
                "vas_bonus_rate_display": "0%",
                "dd_bonus_rate_display": "0%",
                "bid_bonus_rate_display": "0%",
                "vas_bonus_cost_display": 0,
                "dd_bonus_cost_display": 0,
                "bid_bonus_cost_display": 0,
                "bonus_total_display": 0,
                "customer_flag_display": "订单封装",
                "income_total": 31502100,
                "income_total_display": "315021.00",
                "cost_total": 0,
                "cost_total_display": "0.00",
                "income_money":31502100,
                "income_money_display":315021.00,
                "cost_money":31502100,
                "cost_money_display":315021.00,
                "income_balance":31502100,
                "income_balance_display":315021.00,
                "cost_balance":31502100,
                "cost_balance_display":315021.00,
                "customer_info": {
                    "city": "北京市",
                    "com_name": "123456",
                    "cuid": 53,
                    "mobile": "11012341238",
                    "name": "呵呵1",
                    "quality_mgr": "bj_现控经理1",
                    "sales": "李雅（客服经理）",
                    "main_bid_mgr": "只有管理权限",
                    "adcid": 1,
                    "city_id": 1,
                    "main_bid_mgr_id": 1000111,
                    "quality_mgr_id": 1000244,
                    "sales_id": 1000094,
                    "company_id": 2102,
                    "tender_status": 1,
                    "finance_pay_type": 200,
                    "archived": false,
                    "ps": 2,
                    "pt": 1,
                    "now_invoice_tax_rate_value": 0,
                    "invoice_tax_rate_display": "无",
                    "vas_sop_spp_display": "8.00%",
                    "ps_display": "已开跑",
                    "pt_display": "封装",
                    "finance_pay_type_display": "预充值客户",
                    "bu_leader": {
                        "name": "bj_客服经理2"
                    },
                    "adc_info": {
                        "adcid": 1,
                        "name": "北京管理区"
                    }
                }
            },
            {
                "id": 67,
                "customer_id": 53,
                "customer_flag": 400,
                "report_date": "2017-07-14",
                "pack_report_id": 4391,
                "adc_id": 1,
                "sales_id": 1000094,
                "bu_lead_id": 1000241,
                "reporter_id": 0,
                "income_total": 0,
                "cost_total": 0,
                "trans_event_count": 0,
                "gross_profit": 0,
                "gross_profit_rate": "0.0000",
                "vas_bonus_rate": "0.0000",
                "dd_bonus_rate": "0.0000",
                "bid_bonus_rate": "0.0000",
                "status": 100,
                "committed_at": 0,
                "saved_at": 0,
                "created_at": "2017-07-15 17:32:06",
                "updated_at": "2017-07-17 11:07:39",
                "income_total_display": "0.00",
                "cost_total_display": "0.00",
                "gross_profit_display": "0.00",
                "gross_profit_rate_display": "0%",
                "committed_at_display": "",
                "saved_at_display": "",
                "status_display": "未提交",
                "vas_bonus_rate_display": "0%",
                "dd_bonus_rate_display": "0%",
                "bid_bonus_rate_display": "0%",
                "vas_bonus_cost_display": 0,
                "dd_bonus_cost_display": 0,
                "bid_bonus_cost_display": 0,
                "bonus_total_display": 0,
                "customer_flag_display": "订单封装",
                "income_total": 31502100,
                "income_total_display": "315021.00",
                "cost_total": 0,
                "cost_total_display": "0.00",
                "income_money":31502100,
                "income_money_display":315021.00,
                "cost_money":31502100,
                "cost_money_display":315021.00,
                "income_balance":31502100,
                "income_balance_display":315021.00,
                "cost_balance":31502100,
                "cost_balance_display":315021.00,
                "customer_info": {
                    "city": "北京市",
                    "com_name": "123456",
                    "cuid": 53,
                    "mobile": "11012341238",
                    "name": "呵呵1",
                    "quality_mgr": "bj_现控经理1",
                    "sales": "李雅（客服经理）",
                    "main_bid_mgr": "只有管理权限",
                    "adcid": 1,
                    "city_id": 1,
                    "main_bid_mgr_id": 1000111,
                    "quality_mgr_id": 1000244,
                    "sales_id": 1000094,
                    "company_id": 2102,
                    "tender_status": 1,
                    "finance_pay_type": 200,
                    "archived": false,
                    "ps": 2,
                    "pt": 1,
                    "now_invoice_tax_rate_value": 0,
                    "invoice_tax_rate_display": "无",
                    "vas_sop_spp_display": "8.00%",
                    "ps_display": "已开跑",
                    "pt_display": "封装",
                    "finance_pay_type_display": "预充值客户",
                    "bu_leader": {
                        "name": "bj_客服经理2"
                    },
                    "adc_info": {
                        "adcid": 1,
                        "name": "北京管理区"
                    }
                }
            }

        ],
        "page": 1,
        "per_page": 20,
        "total_pages": 4,
        "total": 67,
        "summary": {
            "income_total": 31502100,
            "income_total_display": "315021.00",
            "cost_total": 0,
            "cost_total_display": "0.00",
            "income_money":31502100,
            "income_money_display":315021.00,
            "cost_money":31502100,
            "cost_money_display":315021.00,
            "income_balance":31502100,
            "income_balance_display":315021.00,
            "cost_balance":31502100,
            "cost_balance_display":315021.00,
            "gross_profit": 31502100,
            "gross_profit_display": "315021.00",
            "gross_profit_rate": 1,
            "gross_profit_rate_display": "100%"
        },
        "customer_flag_config": [
            {
                "code": 400,
                "name": "订单封装"
            },
            {
                "code": 500,
                "name": "整车封装"
            }
        ]
    }
}
