{
	"event": [
		{
			"date": "2016-09-22",
			"complete_count": 0,
			"dprice_total": 0,
			"bonus_total": 0,
			"total_money": 0,
			"final_distribution_point_count": 0,
			"type": "配送完成日期"
		},
		{
			"date": "2016-09-22",
			"complete_count": 0,
			"dprice_total": 0,
			"bonus_total": 0,
			"total_money": 0,
			"final_distribution_point_count": 0,
			"type": "签到日期"
		},
		{
			"date": "2016-09-22",
			"complete_count": 0,
			"dprice_total": 0,
			"bonus_total": 0,
			"total_money": 0,
			"final_distribution_point_count": 0,
			"type": "出车日期"
		}
	],
	"welfare": [
		{
			"date": "2016-09-22",
			"complete_count": 0,
			"total_money": 0
		}
	],
	"compensate": [
		{
			"date": "2016-09-22",
			"complete_count": 0,
			"total_money": 0
		}
	],
	"customer_info": {
		"cuid": 747,
		"name": "wyf05_bj客户名称",
		"sales": "王燕芳-客服经理-北京1",
		"city": "北京市",
		"mobile": "11600050000",
		"com_name": "wyf05_bj公司全称",
		"quality_mgr": "刘诗杨-运作经理-北京1",
		"main_bid_mgr": "王燕芳-岗经-北京1",
		"adcid": 1,
		"city_id": 1,
		"main_bid_mgr_id": 1000239,
		"sales_id": 1000234,
		"quality_mgr_id": 1000145,
		"company_id": 215,
		"tender_status": 1,
		"finance_pay_type": 200,
		"archived": true,
		"ps": 2,
		"pt": 1,
		"now_invoice_tax_rate_value": 0.06,
		"invoice_tax_rate_display": "有（6%)",
		"vas_sop_spp_display": "8.00%",
		"ps_display": "已开跑",
		"pt_display": "封装",
		"finance_pay_type_display": "预充值客户",
		"bu_leader": {
			"name": "刘诗杨_客服经理组长_北京1"
		},
		"adc_info": {
			"adcid": 1,
			"name": "北京管理区"
		}
	}
}
