{
	"code": 0,
	"info": {
		"id": 1,
		"project": 100,
		"customer_id": 14,
		"report_date": "2017-06-19",
		"adc_id": 1,
		"sales_id": 1,
		"bu_lead_id": 1,
		"reporter_id": 1,
		"income_total": 100000,
		"income_total_display": 100,
		"cost_total": 1000,
		"cost_total_display": "成本",
		"gross_profit": 103,
		"gross_profit_display": "毛利",
		"gross_profit_rate": "0.1000",
		"vas_bonus_rate": "2.0000",
		"dd_bonus_rate": "3.0000",
		"bid_bonus_rate": "1.0000",
		"dd_bonus_cost_display": 43,
		"bid_bonus_cost_display": 500,
		"vas_bonus_cost_display": 66,
		"status": 100,
		"status_display": "封装日报状态",
		"committed_at": 1490398724,
		"committed_at_display": "提交时间",
		"created_at": "2017-06-19 12:33:44",
		"updated_at": "2017-06-19 12:33:44",
		"customer_info": {
			"name": "客户名称",
			"sales": "客户顾问"
		},
		"adc_info": {
			"name": "所属管理区"
		},
		"bu_leader": "bu_leader",
		"charge_config": {
			"pack_type": "封装类型",
			"charge_unit": "计费单位",
			"sub_charge_item": [
				"票：件数，单价100",
				"票2：件数，单价200"
			]
		},
		"report_detail": {
			"basic_income": [
				{
					"detail_name": "票",
					"charge_count": 10,
					"charge_money": 100
				},
				{
					"detail_name": "票",
					"charge_count": 20,
					"charge_money": 200
				}
			],
			"trans_event_count" : 3,
			"trans_cost": 200,
			"driver_bonus_cost": 200,
			"welfare_cost": 20,
			"driver_repay_cost": 60,
			"preappointment_cost": 100,
			"path_plan_cost": 90,
			"trans_arrange_cost": 88,
			"plat_accident_cost": 39,
			"sop_accident_cost": 80,
			"mgr_accident_cost": 89,
			"vas_bonus_cost": 110,
			"dd_bonus_cost": 43,

			"bid_bonus_cost": 32,
			"income_total": 2000,
			"cost_total": 1000
		}
	}
}