{
    "code": 0,
    "info": [
        {
            "customer_id": 111,
            "company_name": "四川盆地",
            "is_pass_check": 1,
            "error_msg": "客户不存在"
        },
        {
            "customer_id": 222,
            "company_name": "四川盆地",
            "is_pass_check": 1,
            "error_msg": "客户不存在"
        },
        {
            "customer_id": 333,
            "company_name": "四川盆地",
            "is_pass_check": 1,
            "error_msg": "客户不存在"
        }

    ]
}