{
	"code": 0,
	"msg": "",
	"info": {
		"count": 300,
		"page": 1,
		"perPage": 30,
		"list": [
			{
				"id": 1,
				"user_id": 123123,
				"name": "车队长1",
				"mobile": "13111111111",
				"updated_at": "2017-03-03 13:30",
				"status": 1
			},
			{
				"id": 1,
				"user_id": 123123,
				"name": "车队长1",
				"mobile": "13111111111",
				"updated_at": "2017-03-03 13:30",
				"status": 1
			},
			{
				"id": 1,
				"user_id": 123123,
				"name": "车队长1",
				"mobile": "13111111111",
				"updated_at": "2017-03-03 13:30",
				"status": 1
			}
		]
	}
}