{
	"code": 0,
	"msg": "获取详情成功",
	"info": {
		"identity": {
			"id": 1231,
			"realName": "张三",
			"cardNumber": "130123155842336541",
			"frontImg": "http://image.baidu.com/search/down?tn=download&ipn=dwnl&word=download&ie=utf8&fr=result&url=http%3A%2F%2Fimage15.poco.cn%2Fmypoco%2Fmyphoto%2F20131018%2F10%2F6197093920131018100554054.jpg&thumburl=http%3A%2F%2Fimg4.imgtn.bdimg.com%2Fit%2Fu%3D1862702578%2C2651659564%26fm%3D26%26gp%3D0.jpg",
			"backImg": "http://image.baidu.com/search/down?tn=download&ipn=dwnl&word=download&ie=utf8&fr=result&url=http%3A%2F%2Fimage15.poco.cn%2Fmypoco%2Fmyphoto%2F20131018%2F10%2F6197093920131018100554054.jpg&thumburl=http%3A%2F%2Fimg4.imgtn.bdimg.com%2Fit%2Fu%3D1862702578%2C2651659564%26fm%3D26%26gp%3D0.jpg",
			"handHoldingImg": "http://image.baidu.com/search/down?tn=download&ipn=dwnl&word=download&ie=utf8&fr=result&url=http%3A%2F%2Fimage15.poco.cn%2Fmypoco%2Fmyphoto%2F20131018%2F10%2F6197093920131018100554054.jpg&thumburl=http%3A%2F%2Fimg4.imgtn.bdimg.com%2Fit%2Fu%3D1862702578%2C2651659564%26fm%3D26%26gp%3D0.jpg",
			"auditedAt": "2013-03-03 00:00:00",
			"auditor": "李明",
			"status": 0,
            "failCause":"我是不通过的原因"
		},
		"certification": {
			"id": 1231,
			"maritalStatus": 0,
			"recsNumber": 35,
			"bankDetails": [
				"http://image.baidu.com/search/down?tn=download&ipn=dwnl&word=download&ie=utf8&fr=result&url=http%3A%2F%2Fimage15.poco.cn%2Fmypoco%2Fmyphoto%2F20131018%2F10%2F6197093920131018100554054.jpg&thumburl=http%3A%2F%2Fimg4.imgtn.bdimg.com%2Fit%2Fu%3D1862702578%2C2651659564%26fm%3D26%26gp%3D0.jpg",
				"http://image.baidu.com/search/down?tn=download&ipn=dwnl&word=download&ie=utf8&fr=result&url=http%3A%2F%2Fimage15.poco.cn%2Fmypoco%2Fmyphoto%2F20131018%2F10%2F6197093920131018100554054.jpg&thumburl=http%3A%2F%2Fimg4.imgtn.bdimg.com%2Fit%2Fu%3D1862702578%2C2651659564%26fm%3D26%26gp%3D0.jpg",
				"http://image.baidu.com/search/down?tn=download&ipn=dwnl&word=download&ie=utf8&fr=result&url=http%3A%2F%2Fimage15.poco.cn%2Fmypoco%2Fmyphoto%2F20131018%2F10%2F6197093920131018100554054.jpg&thumburl=http%3A%2F%2Fimg4.imgtn.bdimg.com%2Fit%2Fu%3D1862702578%2C2651659564%26fm%3D26%26gp%3D0.jpg",
				"http://image.baidu.com/search/down?tn=download&ipn=dwnl&word=download&ie=utf8&fr=result&url=http%3A%2F%2Fimage15.poco.cn%2Fmypoco%2Fmyphoto%2F20131018%2F10%2F6197093920131018100554054.jpg&thumburl=http%3A%2F%2Fimg4.imgtn.bdimg.com%2Fit%2Fu%3D1862702578%2C2651659564%26fm%3D26%26gp%3D0.jpg",
				"http://image.baidu.com/search/down?tn=download&ipn=dwnl&word=download&ie=utf8&fr=result&url=http%3A%2F%2Fimage15.poco.cn%2Fmypoco%2Fmyphoto%2F20131018%2F10%2F6197093920131018100554054.jpg&thumburl=http%3A%2F%2Fimg4.imgtn.bdimg.com%2Fit%2Fu%3D1862702578%2C2651659564%26fm%3D26%26gp%3D0.jpg",
				"http://image.baidu.com/search/down?tn=download&ipn=dwnl&word=download&ie=utf8&fr=result&url=http%3A%2F%2Fimage15.poco.cn%2Fmypoco%2Fmyphoto%2F20131018%2F10%2F6197093920131018100554054.jpg&thumburl=http%3A%2F%2Fimg4.imgtn.bdimg.com%2Fit%2Fu%3D1862702578%2C2651659564%26fm%3D26%26gp%3D0.jpg",
				"http://image.baidu.com/search/down?tn=download&ipn=dwnl&word=download&ie=utf8&fr=result&url=http%3A%2F%2Fimage15.poco.cn%2Fmypoco%2Fmyphoto%2F20131018%2F10%2F6197093920131018100554054.jpg&thumburl=http%3A%2F%2Fimg4.imgtn.bdimg.com%2Fit%2Fu%3D1862702578%2C2651659564%26fm%3D26%26gp%3D0.jpg",
                "http://image.baidu.com/search/down?tn=download&ipn=dwnl&word=download&ie=utf8&fr=result&url=http%3A%2F%2Fimage15.poco.cn%2Fmypoco%2Fmyphoto%2F20131018%2F10%2F6197093920131018100554054.jpg&thumburl=http%3A%2F%2Fimg4.imgtn.bdimg.com%2Fit%2Fu%3D1862702578%2C2651659564%26fm%3D26%26gp%3D0.jpg",
                "http://image.baidu.com/search/down?tn=download&ipn=dwnl&word=download&ie=utf8&fr=result&url=http%3A%2F%2Fimage15.poco.cn%2Fmypoco%2Fmyphoto%2F20131018%2F10%2F6197093920131018100554054.jpg&thumburl=http%3A%2F%2Fimg4.imgtn.bdimg.com%2Fit%2Fu%3D1862702578%2C2651659564%26fm%3D26%26gp%3D0.jpg",
                "http://image.baidu.com/search/down?tn=download&ipn=dwnl&word=download&ie=utf8&fr=result&url=http%3A%2F%2Fimage15.poco.cn%2Fmypoco%2Fmyphoto%2F20131018%2F10%2F6197093920131018100554054.jpg&thumburl=http%3A%2F%2Fimg4.imgtn.bdimg.com%2Fit%2Fu%3D1862702578%2C2651659564%26fm%3D26%26gp%3D0.jpg"
			],
			"businessLisense": "http://image.baidu.com/search/down?tn=download&ipn=dwnl&word=download&ie=utf8&fr=result&url=http%3A%2F%2Fimage15.poco.cn%2Fmypoco%2Fmyphoto%2F20131018%2F10%2F6197093920131018100554054.jpg&thumburl=http%3A%2F%2Fimg4.imgtn.bdimg.com%2Fit%2Fu%3D1862702578%2C2651659564%26fm%3D26%26gp%3D0.jpg",
			"spouseFrontImg": "",
			"marriedImg": "",
			"auditedAt": "2013-03-03 00:00:00",
			"auditor": "李明",
			"status": 0
		}
	}
}
