{
	"code": 0,
	"info": {
		"count": 1,
		"pagination": {
			"page": 5,
			"per_page": 20,
			"total_pages": 7,
			"total": 3
		},
		"list": [
			{
				"id": 31,
				"cuid": 144,
				"bill_id": 62,
				"start_date": "2015-11-02",
				"end_date": "2015-11-07",
				"bill_money": 1203,
				"diff_money": 120,
				"final_money": 1212,
				"apply_user": "1212",
				"apply_date": 1212,
				"audit_user": "121",
				"audit_date": 121,
				"audit_status": 1,
				"created_at": "2015-11-07 10:00:00",
				"updated_at": "2017-03-08 19:08:08",
				"audit_status_display": 1,
				"diff_money_display": "1.20",
				"final_money_display": "12.12",
				"bill_money_display": "12.03",
				"customer_info": {
					"customer_id": 14,
					"name": "测试测试",
					"login_name": "测试测试",
					"nick": "测试测试1111111",
					"adcid": 1,
					"sales": "王燕芳-客服经理-北京1",
					"bu_leader": {
						"name": "abc"
					},
					"adc_info": {
						"name": "北京管理区"
					},
					"pt_display": "封装",
					"city": "北京市",
					"city_id": 1,
					"contact": "1123",
					"mobile": "11011102222",
					"telphones": 1,
					"trade_class": {
						"code": 1,
						"desc": "直客"
					},
					"trade_subclass": {
						"code": 6,
						"desc": "BM（品牌商和制造商）"
					},
					"old_trade_class": "O2O",
					"old_trade_subclass": 8,
					"trade_tags": [
						{
							"code": 1,
							"desc": ""
						}
					],
					"trade_tag_other_desc": "",
					"status": {
						"code": 2,
						"desc": "正常"
					},
					"is_frozen": 0,
					"is_individual": 0,
					"is_self_register": 0,
					"gmv_status": {
						"code": 1003,
						"desc": "拒绝服务"
					},
					"enable_gmv_check": {
						"code": 0,
						"desc": "不启动gmv检查"
					},
					"tender_status": {
						"code": 1,
						"desc": "允许招司机"
					},
					"realname_approve": {
						"code": 200,
						"desc": "已认证"
					},
					"once_logged_in_status": {
						"code": 3,
						"desc": "是"
					},
					"customer_source": {
						"code": 100,
						"desc": "待确认"
					},
					"sales_id": 1000090,
					"main_bid_mgr_id": 1000266,
					"quality_mgr": "李雅_北京运作经理",
					"quality_mgr_id": 1000279,
					"is_open_contract": 1,
					"created_at": "2014-11-27 11:24:07",
					"updated_at": "2016-12-12 11:36:43",
					"audit_status": {
						"code": 1,
						"desc": "不需要审核"
					}
				}
			}
		]
	}
}
