[
	{
		"code": 1,
		"desc": "北京市管理区"
	},
	{
		"code": 19,
		"desc": "天津市管理区"
	},
	{
		"code": 37,
		"desc": "河北省管理区"
	},
	{
		"code": 220,
		"desc": "山西省管理区"
	},
	{
		"code": 351,
		"desc": "内蒙古自治区管理区"
	},
	{
		"code": 466,
		"desc": "辽宁省管理区"
	},
	{
		"code": 651,
		"desc": "黑龙江省管理区"
	},
	{
		"code": 793,
		"desc": "上海市管理区"
	},
	{
		"code": 811,
		"desc": "江苏省管理区"
	},
	{
		"code": 922,
		"desc": "浙江省管理区"
	},
	{
		"code": 1024,
		"desc": "安徽省管理区"
	},
	{
		"code": 1146,
		"desc": "福建省管理区"
	},
	{
		"code": 1241,
		"desc": "江西省管理区"
	},
	{
		"code": 1353,
		"desc": "山东省管理区"
	},
	{
		"code": 1508,
		"desc": "河南省管理区"
	},
	{
		"code": 1684,
		"desc": "湖北省管理区"
	},
	{
		"code": 1938,
		"desc": "广东省管理区"
	},
	{
		"code": 2272,
		"desc": "四川省管理区"
	},
	{
		"code": 2575,
		"desc": "云南省管理区"
	},
	{
		"code": 2721,
		"desc": "西藏自治区管理区"
	},
	{
		"code": 3022,
		"desc": "青海省管理区"
	},
	{
		"code": 3102,
		"desc": "新疆维吾尔自治区管理区"
	},
	{
		"code": 3221,
		"desc": "台湾省管理区"
	},
	{
		"code": 3227,
		"desc": "哥谭省管理区"
	}
]