{
	"code": 0,
	"info": {
		"pagination": {
			"total": 14,
			"total_pages": 20,
			"per_page": 5,
			"page": 1
		},
		"list": [
			{
				"rid": 2,
				"receiver": "客户1",
				"receiver_range_display": "[全部管理区][自助]",
				"push_type_display": "公6告",
				"title":"这是标题1",
				"cts_display": "2016-12-28",
				"creator_name": "张三"
			},
			{
				"rid": 3,
				"receiver": "客户2",
				"receiver_range_display": "[全部管理区][信用客户]",
				"push_type_display": "公8告",
				"title":"这是标题9",
				"cts_display": "2016-12-20",
				"creator_name": "三"
			},
			{
				"rid": 23,
				"receiver": "客户5",
				"receiver_range_display": "[全部管理区][信用客户][自助]",
				"push_type_display": "公告89",
				"title":"这是标题3",
				"cts_display": "2016-12-6",
				"creator_name": "张"
			}
		]
	}
}