{
	"code": 0,
	"info":{
		"count" : 1,
		"perpage" : 20,
		"page"  : 1,
		"totalpage": 10,
		"is_editable": true,
		"list" : [
			{
			 
			  "is_target_block": false,
			  "is_award_block": false,
			  "id": 1,
			  "data_level_display": "大区",
			  "region": "华北大区",
			  "adc_id": 12,
			  "adc_display": "北京管理区",
			  "bu_leader_id": 123,
			  "bu_leader_display": "搞基特工队",
			  "admin_user_id": 1234,
			  "admin_user_display": "丽丽",
			  "status_display":"已上岗",
			  "hiredate": "2017-09",
			  "assess_type": "1321",
			  "assess_month": "2017-09",
			  "gmv_target_value": "932932",
			  "compass": "123",
			  "overall_award": "321321",
			  "translocal_award": "3213122",
			  "completion_rate": "10%",
			  "close_status": "已封闭",
			  "bu_id": 12322,
			  "created_at": "0000-00-00 00:00:00",
			  "updated_at": "0000-00-00 00:00:00"
			},
			{
				"is_target_block": 1,
				"is_award_block": 0,
				"id": 1,
				"data_level_display": "大区",
				"region": "华北大区",
				"adc_id": 12,
				"adc_display": "北京管理区",
				"bu_leader_id": 123,
				"bu_leader_display": "搞基特工队",
				"admin_user_id": 1234,
				"admin_user_display": "丽丽",
				"status_display":"已上岗",
				"hiredate": "2017-09",
				"assess_type": "1321",
				"assess_month": "2017-09",
				"gmv_target_value": "932932",
				"compass": "123",
				"overall_award": "321321",
				"translocal_award": "3213122",
				"completion_rate": "10%",
				"close_status": "已封闭",
				"bu_id": 12322,
				"created_at": "0000-00-00 00:00:00",
				"updated_at": "0000-00-00 00:00:00"
			  },
			  {
				"is_target_block": 1,
				"is_award_block": 1,
				"id": 1,
				"data_level_display": "大区",
				"region": "华北大区",
				"adc_id": 12,
				"adc_display": "北京管理区",
				"bu_leader_id": 123,
				"bu_leader_display": "搞基特工队",
				"admin_user_id": 1234,
				"admin_user_display": "丽丽",
				"status_display":"已上岗",
				"hiredate": "2017-09",
				"assess_type": "1321",
				"assess_month": "2017-09",
				"gmv_target_value": "932932",
				"compass": "123",
				"overall_award": "321321",
				"translocal_award": "3213122",
				"completion_rate": "10%",
				"close_status": "已封闭",
				"bu_id": 12322,
				"created_at": "0000-00-00 00:00:00",
				"updated_at": "0000-00-00 00:00:00"
			  },
			  {
				"is_target_block": 1,
				"is_award_block": 1,
				"id": 1,
				"data_level_display": "大区",
				"region": "华北大区",
				"adc_id": 12,
				"adc_display": "北京管理区",
				"bu_leader_id": 123,
				"bu_leader_display": "搞基特工队",
				"admin_user_id": 1234,
				"admin_user_display": "丽丽",
				"status_display":"已上岗",
				"hiredate": "2017-09",
				"assess_type": "1321",
				"assess_month": "2017-09",
				"gmv_target_value": "932932",
				"compass": "123",
				"overall_award": "321321",
				"translocal_award": "3213122",
				"completion_rate": "10%",
				"close_status": "已封闭",
				"bu_id": 12322,
				"created_at": "0000-00-00 00:00:00",
				"updated_at": "0000-00-00 00:00:00"
			  },
			  {
				"is_target_block": 1,
				"is_award_block": 1,
				"id": 1,
				"data_level_display": "大区",
				"region": "华北大区",
				"adc_id": 12,
				"adc_display": "北京管理区",
				"bu_leader_id": 123,
				"bu_leader_display": "搞基特工队",
				"admin_user_id": 1234,
				"admin_user_display": "丽丽",
				"status_display":"已上岗",
				"hiredate": "2017-09",
				"assess_type": "1321",
				"assess_month": "2017-09",
				"gmv_target_value": "932932",
				"compass": "123",
				"overall_award": "321321",
				"translocal_award": "3213122",
				"completion_rate": "10%",
				"close_status": "已封闭",
				"bu_id": 12322,
				"created_at": "0000-00-00 00:00:00",
				"updated_at": "0000-00-00 00:00:00"
			  },
			  {
				"is_target_block": 1,
				"is_award_block": 1,
				"id": 1,
				"data_level_display": "大区",
				"region": "华北大区",
				"adc_id": 12,
				"adc_display": "北京管理区",
				"bu_leader_id": 123,
				"bu_leader_display": "搞基特工队",
				"admin_user_id": 1234,
				"admin_user_display": "丽丽",
				"status_display":"已上岗",
				"hiredate": "2017-09",
				"assess_type": "1321",
				"assess_month": "2017-09",
				"gmv_target_value": "932932",
				"compass": "123",
				"overall_award": "321321",
				"translocal_award": "3213122",
				"completion_rate": "10%",
				"close_status": "已封闭",
				"bu_id": 12322,
				"created_at": "0000-00-00 00:00:00",
				"updated_at": "0000-00-00 00:00:00"
			  },
			  {
				"is_target_block": 1,
				"is_award_block": 1,
				"id": 1,
				"data_level_display": "大区",
				"region": "华北大区",
				"adc_id": 12,
				"adc_display": "北京管理区",
				"bu_leader_id": 123,
				"bu_leader_display": "搞基特工队",
				"admin_user_id": 1234,
				"admin_user_display": "丽丽",
				"status_display":"已上岗",
				"hiredate": "2017-09",
				"assess_type": "1321",
				"assess_month": "2017-09",
				"gmv_target_value": "932932",
				"compass": "123",
				"overall_award": "321321",
				"translocal_award": "3213122",
				"completion_rate": "10%",
				"close_status": "已封闭",
				"bu_id": 12322,
				"created_at": "0000-00-00 00:00:00",
				"updated_at": "0000-00-00 00:00:00"
			  },
			  {
				"is_target_block": 1,
				"is_award_block": 1,
				"id": 1,
				"data_level_display": "大区",
				"region": "华北大区",
				"adc_id": 12,
				"adc_display": "北京管理区",
				"bu_leader_id": 123,
				"bu_leader_display": "搞基特工队",
				"admin_user_id": 1234,
				"admin_user_display": "丽丽",
				"status_display":"已上岗",
				"hiredate": "2017-09",
				"assess_type": "1321",
				"assess_month": "2017-09",
				"gmv_target_value": "932932",
				"compass": "123",
				"overall_award": "321321",
				"translocal_award": "3213122",
				"completion_rate": "10%",
				"close_status": "已封闭",
				"bu_id": 12322,
				"created_at": "0000-00-00 00:00:00",
				"updated_at": "0000-00-00 00:00:00"
			  },
			  {
				"is_target_block": 1,
				"is_award_block": 1,
				"id": 1,
				"data_level_display": "大区",
				"region": "华北大区",
				"adc_id": 12,
				"adc_display": "北京管理区",
				"bu_leader_id": 123,
				"bu_leader_display": "搞基特工队",
				"admin_user_id": 1234,
				"admin_user_display": "丽丽",
				"status_display":"已上岗",
				"hiredate": "2017-09",
				"assess_type": "1321",
				"assess_month": "2017-09",
				"gmv_target_value": "932932",
				"compass": "123",
				"overall_award": "321321",
				"translocal_award": "3213122",
				"completion_rate": "10%",
				"close_status": "已封闭",
				"bu_id": 12322,
				"created_at": "0000-00-00 00:00:00",
				"updated_at": "0000-00-00 00:00:00"
			  },{
				"is_target_block": 1,
				"is_award_block": 1,
				"id": 1,
				"data_level_display": "大区",
				"region": "华北大区",
				"adc_id": 12,
				"adc_display": "北京管理区",
				"bu_leader_id": 123,
				"bu_leader_display": "搞基特工队",
				"admin_user_id": 1234,
				"admin_user_display": "丽丽",
				"status_display":"已上岗",
				"hiredate": "2017-09",
				"assess_type": "1321",
				"assess_month": "2017-09",
				"gmv_target_value": "932932",
				"compass": "123",
				"overall_award": "321321",
				"translocal_award": "3213122",
				"completion_rate": "10%",
				"close_status": "已封闭",
				"bu_id": 12322,
				"created_at": "0000-00-00 00:00:00",
				"updated_at": "0000-00-00 00:00:00"
			  },
			  {
				"is_target_block": 1,
				"is_award_block": 1,
				"id": 1,
				"data_level_display": "大区",
				"region": "华北大区",
				"adc_id": 12,
				"adc_display": "北京管理区",
				"bu_leader_id": 123,
				"bu_leader_display": "搞基特工队",
				"admin_user_id": 1234,
				"admin_user_display": "丽丽",
				"status_display":"已上岗",
				"hiredate": "2017-09",
				"assess_type": "1321",
				"assess_month": "2017-09",
				"gmv_target_value": "932932",
				"compass": "123",
				"overall_award": "321321",
				"translocal_award": "3213122",
				"completion_rate": "10%",
				"close_status": "已封闭",
				"bu_id": 12322,
				"created_at": "0000-00-00 00:00:00",
				"updated_at": "0000-00-00 00:00:00"
			  }
	  ]
	}
	
}