{
    "code": 0,
    "msg": "获取列表成功",
    "info": {
        "totalCount": 37,
        "perpage": 15,
        "page": 1,
        "list": [
            {
                "id": 11111,
                "expectArriveWarehouseTime": "2010-00-00 10:00:00",
                "arriveWarehouseAt": "2013-03-03 00:00:00",
                "status": 20,
                "driverName": "张三",
                "authStatus": "Y-通过",
                "checkStatus": 2
            },
            {
                "id": 11111,
                "expectArriveWarehouseTime": "2010-00-00 10:00:00",
                "arriveWarehouseAt": "2013-03-03 00:00:00",
                "status": 10,
                "driverName": "张三",
                "authStatus": "Y-通过",
                "checkStatus": 1
            },
            {
                "id": 11111,
                "expectArriveWarehouseTime": "2010-00-00 10:00:00",
                "arriveWarehouseAt": "2013-03-03 00:00:00",
                "status": 30,
                "driverName": "张三",
                "authStatus": "Y-通过",
                "checkStatus": 0
            },
            {
                "id": 11111,
                "expectArriveWarehouseTime": "2010-00-00 10:00:00",
                "arriveWarehouseAt": "2013-03-03 00:00:00",
                "status": 25,
                "driverName": "张三",
                "authStatus": "Y-通过",
                "checkStatus": 0
            },
            {
                "id": 11111,
                "expectArriveWarehouseTime": "2010-00-00 10:00:00",
                "arriveWarehouseAt": "2013-03-03 00:00:00",
                "status": 1,
                "driverName": "张三",
                "authStatus": "Y-通过",
                "checkStatus": 0
            },
            {
                "id": 11111,
                "expectArriveWarehouseTime": "2010-00-00 10:00:00",
                "arriveWarehouseAt": "2013-03-03 00:00:00",
                "status": 2,
                "driverName": "张三",
                "authStatus": "Y-通过",
                "checkStatus": 0
            }
        ]
    }
}
