{
    "code": 0,
    "msg": "获取列表成功",
    "info": {
        "id": 11111,
        "amount": 12345,
        "receiptUrls":[
            "http://mat1.gtimg.com/fashion/images/index/2017/01/04/mrjx2.gif",
            "http://mat1.gtimg.com/fashion/images/index/2017/01/04/mrjx1.gif"
        ],
        "checkedReason": "通过通过通过通过通过通过通过通过通过通过通过通过通过通过通过通过",
        "checkedStatus": 1,
        "spotChecked": 1,
        "spotCheckedStatus": 1
    }
}
