{
    "code": 0,
    "msg": "success",
    "info": {
        "event": {
            "id": 123,
            "expectArriveWarehouseTime": "2017-09-07 08:40:00",
            "arriveWarehouseAt": "2017-09-07 10:40:00",
            "status": 1,
            "receiptCount": 0,
            "checkedStatus": 1
        },
        "driver": {
            "id": 21,
            "name": "司机昵称",
            "mobile": "12345678907",
            "vehiclesAuth": {
                "vehicleType" : 1,
                "vehicleTypeDesc": "车型"
            }
        },
        "warehouse": {
            "id": 26,
            "masterId": 26,
            "carteamId": 32,
            "name": "用户新仓库",
            "area": "1233",
            "regionId": 110101,
            "address": "新仓库地址",
            "createdAt": "2017-09-06 08:22:06",
            "updatedAt": "2017-09-13 03:06:06",
            "status": 0,
            "longitude": null,
            "latitude": null
        },
        "trailList": [
            {
                "adress": "北京市海淀区清河街道汇智大厦A座",
                "coord":[116.236008, 39.85146],
                "status": 0
            },
            {
                "adress": "北京市海淀区清河街道汇智大厦A座",
                "coord":[116.236008, 39.85146],
                "time": "2017-09-19 05:00:00",
                "status": 1
            },
            {
                "adress": "北京市",
                "coord":[116.079361, 39.662212],
                "time": "2017-09-19 06:00:00",
                "status": 2
            },
            {
                "adress": "北京市海淀区清河",
                "coord":[115.976807, 39.375977],
                "time": "2017-09-19 07:00:00",
                "status": 2
            },
            {
                "adress": "北京市海淀区清河街道北京市海淀区清河街道北京市海淀区清河街道汇智大厦A座",
                "coord":[115.722725, 39.07497],
                "time": "2017-09-19 08:00:00",
                "status": 2
            },
            {
                "adress": "北京市海淀智大厦A座",
                "coord":[115.592674, 38.896347],
                "time": "2017-09-19 09:00:00",
                "status": 2
            },
            {
                "adress": "北京市海淀区清河街道汇智大厦A座",
                "coord":[115.539925, 38.785187],
                "time": "2017-09-19 10:00:00",
                "status": 3
            }
        ]
    }
}
