{
    "code": 0,
    "info": {
        "list": [
            {
                "id": 3670,
                "process_id": 97660,
                "driver_id": 2005622,
                "dd_id": 1000140,
                "car_type_id": 1,
                "car_num": "京Y06018",
                "car_team_id": 0,
                "status": 2000,
                "sub_status": 4050,
                "accept_dispatch_time": "0000-00-00 00:00:00",
                "comment": "过期未抢",
                "created_at": "2017-08-29 11:03:33",
                "updated_at": "2017-08-29 14:02:02",
                "driver_price": 121200,
                "customer_price": 0,
                "task_id": 98441,
                "match_type": 200,
                "dprice_total": 118527,
                "dprice_total_display": "1185.27",
                "dprice_total_sum_display": "1185.27",
                "rewards_money": 12120,
                "rewards_money_display": "121.20",
                "commission_money": -14544,
                "commission_money_display": "-145.44",
                "dprice_per_day": 121200,
                "dprice_per_day_display": "1212.00",
                "cprice": 0,
                "cprice_display": 0,
                "customer_price_display": 0,
                "customer_subsidy": 0,
                "customer_subsidy_display": 0,
                "cprice_with_tax": 0,
                "cprice_with_tax_display": 0,
                "sop_price": 0,
                "sop_price_display": 0,
                "temp_ctrl_price": 0,
                "temp_ctrl_price_display": 0,
                "temp_ctrl_price_tax": 0,
                "temp_ctrl_price_tax_display": 0,
                "temp_ctrl_price_with_tax": 0,
                "temp_ctrl_price_with_tax_display": 0,
                "cargo_insurance_price": 0,
                "cargo_insurance_price_display": 0,
                "cargo_insurance_price_tax": 0,
                "cargo_insurance_price_tax_display": 0,
                "driver_insurance_money": -249,
                "driver_insurance_money_display": "-2.49",
                "cprice_total_with_tax": 0,
                "cprice_total_with_tax_display": 0,
                "visit_count_info": {
		        	"created_at": "2017-05-23 08:00:00"
		        },
                "subsidies": [
                    {
                        "subsidy_id": 0,
                        "subsidy_name": "管理费",
                        "type": 600,
                        "subsidy_to": 100,
                        "use_latest": true,
                        "subsidy_mode": 100,
                        "subsidy_sp": 0.12,
                        "subsidy_money": -14544,
                        "dprice": -14544,
                        "cprice": 0,
                        "comment": ""
                    },
                    {
                        "subsidy_id": 0,
                        "subsidy_name": "奖励",
                        "type": 500,
                        "subsidy_to": 100,
                        "use_latest": true,
                        "subsidy_mode": 100,
                        "subsidy_sp": 0.1,
                        "subsidy_money": 12120,
                        "dprice": 12120,
                        "cprice": 0,
                        "comment": ""
                    }
                ],
                "subsidies_display": "管理费(按12%收取):-145.44, 奖励(按10%收取):121.20, 一路保:-2.49",
                "status_display": "失败",
                "sub_status_display": "过期未抢",
                "driver_info": {
                    "city_id": 1,
                    "district_id": 36,
                    "dd_id": 1000140,
                    "driver_avatar": "https://pic.yunniao.cn/pic/avatar/2016-07-07/1467857571_0.12337979720905423.640x640.jpg",
                    "driver_avatar_60": "https://pic.yunniao.cn/pic/avatar/2016-07-07/1467857571_0.12337979720905423.640x640.jpg@60w_60l_1l",
                    "driver_avatar_100": "https://pic.yunniao.cn/pic/avatar/2016-07-07/1467857571_0.12337979720905423.640x640.jpg@100w_100l_1l",
                    "driver_avatar_150": "https://pic.yunniao.cn/pic/avatar/2016-07-07/1467857571_0.12337979720905423.640x640.jpg@150w_150l_1l",
                    "driver_name": "彭罪",
                    "mobile": "18911110000",
                    "driver_telephones": [
                        "18911110000",
                        "17622345433"
                    ],
                    "car_type": {
                        "code": 1,
                        "desc": "小面"
                    }
                },
                "driver_city_info": {
                    "id": 1,
                    "name": "北京市",
                    "adc_id": 1,
                    "province_id": 1,
                    "region_id": 2,
                    "traffic_limit": 1,
                    "enable_driver": 1,
                    "enable_warehouse": 1,
                    "default_addr": "人民纪念碑",
                    "default_addr_lot": 116.404,
                    "default_addr_lat": 39.915,
                    "coord_sys": 0,
                    "created_at": "0000-00-00 00:00:00",
                    "updated_at": "0000-00-00 00:00:00"
                },
                "dd_info": {
                    "admin_user_name": "dy北京拓展经理",
                    "admin_user_mobile": "18511722051"
                }
            },
            {
                "id": 3670,
                "process_id": 97660,
                "driver_id": 2005622,
                "dd_id": 1000140,
                "car_type_id": 1,
                "car_num": "京Y06018",
                "car_team_id": 0,
                "status": 4000,
                "sub_status": 4050,
                "accept_dispatch_time": "0000-00-00 00:00:00",
                "comment": "过期未抢",
                "created_at": "2017-08-29 11:03:33",
                "updated_at": "2017-08-29 14:02:02",
                "driver_price": 121200,
                "customer_price": 0,
                "task_id": 98441,
                "match_type": 200,
                "dprice_total": 118527,
                "dprice_total_display": "1185.27",
                "dprice_total_sum_display": "1185.27",
                "rewards_money": 12120,
                "rewards_money_display": "121.20",
                "commission_money": -14544,
                "commission_money_display": "-145.44",
                "dprice_per_day": 121200,
                "dprice_per_day_display": "1212.00",
                "cprice": 0,
                "cprice_display": 0,
                "customer_price_display": 0,
                "customer_subsidy": 0,
                "customer_subsidy_display": 0,
                "cprice_with_tax": 0,
                "cprice_with_tax_display": 0,
                "sop_price": 0,
                "sop_price_display": 0,
                "temp_ctrl_price": 0,
                "temp_ctrl_price_display": 0,
                "temp_ctrl_price_tax": 0,
                "temp_ctrl_price_tax_display": 0,
                "temp_ctrl_price_with_tax": 0,
                "temp_ctrl_price_with_tax_display": 0,
                "cargo_insurance_price": 0,
                "cargo_insurance_price_display": 0,
                "cargo_insurance_price_tax": 0,
                "cargo_insurance_price_tax_display": 0,
                "driver_insurance_money": -249,
                "driver_insurance_money_display": "-2.49",
                "cprice_total_with_tax": 0,
                "cprice_total_with_tax_display": 0,
                "visit_count_info": {
					"created_at": "2017-05-23 08:00:00"
				},
                "subsidies": [
                    {
                        "subsidy_id": 0,
                        "subsidy_name": "管理费",
                        "type": 600,
                        "subsidy_to": 100,
                        "use_latest": true,
                        "subsidy_mode": 100,
                        "subsidy_sp": 0.12,
                        "subsidy_money": -14544,
                        "dprice": -14544,
                        "cprice": 0,
                        "comment": ""
                    },
                    {
                        "subsidy_id": 0,
                        "subsidy_name": "奖励",
                        "type": 500,
                        "subsidy_to": 100,
                        "use_latest": true,
                        "subsidy_mode": 100,
                        "subsidy_sp": 0.1,
                        "subsidy_money": 12120,
                        "dprice": 12120,
                        "cprice": 0,
                        "comment": ""
                    }
                ],
                "subsidies_display": "管理费(按12%收取):-145.44, 奖励(按10%收取):121.20, 一路保:-2.49",
                "status_display": "失败",
                "sub_status_display": "过期未抢",
                "driver_info": {
                    "city_id": 1,
                    "district_id": 36,
                    "dd_id": 1000140,
                    "driver_avatar": "https://pic.yunniao.cn/pic/avatar/2016-07-07/1467857571_0.12337979720905423.640x640.jpg",
                    "driver_avatar_60": "https://pic.yunniao.cn/pic/avatar/2016-07-07/1467857571_0.12337979720905423.640x640.jpg@60w_60l_1l",
                    "driver_avatar_100": "https://pic.yunniao.cn/pic/avatar/2016-07-07/1467857571_0.12337979720905423.640x640.jpg@100w_100l_1l",
                    "driver_avatar_150": "https://pic.yunniao.cn/pic/avatar/2016-07-07/1467857571_0.12337979720905423.640x640.jpg@150w_150l_1l",
                    "driver_name": "彭罪",
                    "mobile": "18911110000",
                    "driver_telephones": [
                        "18911110000",
                        "17622345433"
                    ],
                    "car_type": {
                        "code": 1,
                        "desc": "小面"
                    }
                },
                "driver_city_info": {
                    "id": 1,
                    "name": "北京市",
                    "adc_id": 1,
                    "province_id": 1,
                    "region_id": 2,
                    "traffic_limit": 1,
                    "enable_driver": 1,
                    "enable_warehouse": 1,
                    "default_addr": "人民纪念碑",
                    "default_addr_lot": 116.404,
                    "default_addr_lat": 39.915,
                    "coord_sys": 0,
                    "created_at": "0000-00-00 00:00:00",
                    "updated_at": "0000-00-00 00:00:00"
                },
                "dd_info": {
                    "admin_user_name": "dy北京拓展经理",
                    "admin_user_mobile": "18511722051"
                }
            }
        ]
    }
}
