{
    "code": 0,
    "info": {
        "list": [
            {
                "task_log_source": 11010,
                "customer_invoice_tax_rate": 0.11,
                "invoice_start_date": "2016-03-31",
                "job_process_status": 2000,
                "customer_main_bid_mgr_id": 1000290,
                "customer_sales_id": 1000137,
                "type": 200,
                "scene": 100,
                "match_type": 100,
                "line_name": "line1",
                "last_invoice_tax_rate": 0,
                "params_receiving_bid_end_time": "2017-08-07T20:59:00+0800",
                "id": 95430,
                "customer_city_id": 2,
                "warehouse_city_id": 0,
                "substatus": 2000,
                "warehouse_region": "",
                "invoice_switch": true,
                "vas_sop_fcc_id": 0,
                "is_delete": false,
                "open_task_time": "2017-08-07T14:27:55+0800",
                "params_evaluating_bid_end_time": "2017-08-07T21:59:00+0800",
                "requirement_car_type_id": [
                    1,
                    2,
                    3,
                    1032
                ],
                "is_abandon":1,
                "rescueRecordInfo":{
                    "accident_trans_task_id":111,
                    "accident_trans_event_id":222,
                    "accident_id":11111,
                    "driver_price":4444
                },
                "adminInfo":{
                    "nick":"zhangan"
                },
                "originTransTaskInfo":{
                    "driver_price":5555
                },
                "customer_tcsp": 0,
                "customer_adc_id": 1,
                "customer_vass_spp": 0.08,
                "vas_sop_sop_mgr_id": 1000478,
                "work_begin_time": "09:30:00",
                "customer_id": 147,
                "bid_driver_id": 0,
                "onboard_date": "2017-08-08",
                "status": 1,
                "warehouse_id": 2804,
                "type_display": "主司机",
                "match_type_display": "竞价",
                "substatus_display": "运行中",
                "job_process_status_display": "司机报价中",
                "scene_display": "普通场景",
                "customer_name": "shiyang123-客户名称赟",
                "customer_nick": "诗杨一二三在任务中显示的客户名称一二三四",
                "adc_name": "北京管理区",
                "car_type_display": [
                    "小面",
                    "平顶金杯",
                    "高顶金杯",
                    "小面包"
                ],
                "sales_info": {
                    "admin_user_name": "dy北京客服经理",
                    "admin_user_mobile": "18511722051"
                },
                "dd_info": {
                    "admin_user_name": null,
                    "admin_user_mobile": null
                },
                "bid_mgr_info": {
                    "admin_user_name": "柴倩怡岗位经理6",
                    "admin_user_mobile": "12012345606"
                },
                "sop_mgr_info": {
                    "admin_user_name": "彭二狗",
                    "admin_user_mobile": "18811100001"
                },
                "driver_info": {
                    "city_id": "",
                    "district_id": "",
                    "dd_id": 0,
                    "driver_avatar": "",
                    "driver_avatar_60": "",
                    "driver_avatar_100": "",
                    "driver_avatar_150": "",
                    "driver_name": "aaa",
                    "mobile": "13400000000",
                    "driver_telephones": [],
                    "car_type": []
                }
            },
            {
                "task_log_source": 11010,
                "customer_invoice_tax_rate": 0.11,
                "invoice_start_date": "2016-03-31",
                "job_process_status": 2000,
                "customer_main_bid_mgr_id": 1000290,
                "customer_sales_id": 1000137,
                "type": 200,
                "scene": 100,
                "match_type": 200,
                "line_name": "line1",
                "last_invoice_tax_rate": 0,
                "params_receiving_bid_end_time": "2017-08-07T20:59:00+0800",
                "id": 95429,
                "customer_city_id": 2,
                "warehouse_city_id": 0,
                "substatus": 2000,
                "warehouse_region": "",
                "invoice_switch": true,
                "vas_sop_fcc_id": 0,
                "is_delete": false,
                "open_task_time": "2017-08-07T14:27:12+0800",
                "params_evaluating_bid_end_time": "2017-08-07T21:59:00+0800",
                "requirement_car_type_id": [
                    1,
                    2,
                    3,
                    1032
                ],
                "rescueRecordInfo":{
                    "accident_trans_task_id":111,
                    "accident_trans_event_id":222,
                    "accident_id":11111,
                    "driver_price":4444
                },
                "adminInfo":{
                    "nick":"zhangan"
                },
                "originTransTaskInfo":{
                    "driver_price":5555
                },
                "customer_tcsp": 0,
                "customer_adc_id": 1,
                "customer_vass_spp": 0.08,
                "vas_sop_sop_mgr_id": 1000478,
                "work_begin_time": "09:30:00",
                "customer_id": 147,
                "bid_driver_id": 0,
                "onboard_date": "2017-08-08",
                "status": 1,
                "warehouse_id": 2804,
                "type_display": "主司机",
                "match_type_display": "抢单",
                "substatus_display": "运行中",
                "job_process_status_display": "司机报价中",
                "scene_display": "普通场景",
                "customer_name": "shiyang123-客户名称赟",
                "customer_nick": "诗杨一二三在任务中显示的客户名称一二三四",
                "adc_name": "北京管理区",
                "car_type_display": [
                    "小面",
                    "平顶金杯",
                    "高顶金杯",
                    "小面包"
                ],
                "sales_info": {
                    "admin_user_name": "dy北京客服经理",
                    "admin_user_mobile": "18511722051"
                },
                "dd_info": {
                    "admin_user_name": null,
                    "admin_user_mobile": null
                },
                "bid_mgr_info": {
                    "admin_user_name": "柴倩怡岗位经理6",
                    "admin_user_mobile": "12012345606"
                },
                "sop_mgr_info": {
                    "admin_user_name": "彭二狗",
                    "admin_user_mobile": "18811100001"
                },
                "driver_info": {
                    "city_id": "",
                    "district_id": "",
                    "dd_id": 0,
                    "driver_avatar": "",
                    "driver_avatar_60": "",
                    "driver_avatar_100": "",
                    "driver_avatar_150": "",
                    "driver_name": "bbb",
                    "mobile": "13411111111",
                    "driver_telephones": [],
                    "car_type": []
                }
            },
            {
                "task_log_source": 11010,
                "customer_invoice_tax_rate": 0.11,
                "invoice_start_date": "2016-03-31",
                "job_process_status": 2000,
                "customer_main_bid_mgr_id": 1000290,
                "customer_sales_id": 1000137,
                "type": 200,
                "scene": 100,
                "match_type": 100,
                "line_name": "line1",
                "last_invoice_tax_rate": 0,
                "params_receiving_bid_end_time": "2017-08-07T20:59:00+0800",
                "id": 95428,
                "customer_city_id": 2,
                "warehouse_city_id": 0,
                "substatus": 1000,
                "warehouse_region": "",
                "invoice_switch": true,
                "vas_sop_fcc_id": 0,
                "is_delete": false,
                "open_task_time": "2017-08-07T14:23:06+0800",
                "params_evaluating_bid_end_time": "2017-08-07T21:59:00+0800",
                "requirement_car_type_id": [
                    1,
                    2,
                    3,
                    1032
                ],
                "rescueRecordInfo":{
                    "accident_trans_task_id":111,
                    "accident_trans_event_id":222,
                    "accident_id":11111,
                    "driver_price":4444
                },
                "adminInfo":{
                    "nick":"zhangan"
                },
                "originTransTaskInfo":{
                    "driver_price":5555
                },
                "customer_tcsp": 0,
                "customer_adc_id": 1,
                "customer_vass_spp": 0.08,
                "vas_sop_sop_mgr_id": 1000478,
                "work_begin_time": "09:30:00",
                "customer_id": 147,
                "bid_driver_id": 0,
                "onboard_date": "2017-08-08",
                "status": 1,
                "warehouse_id": 2804,
                "type_display": "主司机",
                "match_type_display": "竞价",
                "substatus_display": "已发布",
                "job_process_status_display": "司机报价中",
                "scene_display": "普通场景",
                "customer_name": "shiyang123-客户名称赟",
                "customer_nick": "诗杨一二三在任务中显示的客户名称一二三四",
                "adc_name": "北京管理区",
                "car_type_display": [
                    "小面",
                    "平顶金杯",
                    "高顶金杯",
                    "小面包"
                ],
                "sales_info": {
                    "admin_user_name": "dy北京客服经理",
                    "admin_user_mobile": "18511722051"
                },
                "dd_info": {
                    "admin_user_name": null,
                    "admin_user_mobile": null
                },
                "bid_mgr_info": {
                    "admin_user_name": "柴倩怡岗位经理6",
                    "admin_user_mobile": "12012345606"
                },
                "sop_mgr_info": {
                    "admin_user_name": "彭二狗",
                    "admin_user_mobile": "18811100001"
                },
                "driver_info": {
                    "city_id": "",
                    "district_id": "",
                    "dd_id": 0,
                    "driver_avatar": "",
                    "driver_avatar_60": "",
                    "driver_avatar_100": "",
                    "driver_avatar_150": "",
                    "driver_name": "",
                    "mobile": "",
                    "driver_telephones": [],
                    "car_type": []
                }
            },
            {
                "task_log_source": 11010,
                "customer_invoice_tax_rate": 0.11,
                "invoice_start_date": "2016-03-31",
                "job_process_status": 2000,
                "customer_main_bid_mgr_id": 1000290,
                "customer_sales_id": 1000137,
                "type": 200,
                "scene": 100,
                "match_type": 100,
                "line_name": "line1",
                "last_invoice_tax_rate": 0,
                "params_receiving_bid_end_time": "2017-08-07T20:59:00+0800",
                "id": 95427,
                "customer_city_id": 2,
                "warehouse_city_id": 0,
                "substatus": 1000,
                "warehouse_region": "",
                "invoice_switch": true,
                "vas_sop_fcc_id": 0,
                "is_delete": false,
                "open_task_time": "2017-08-07T10:57:53+0800",
                "params_evaluating_bid_end_time": "2017-08-07T21:59:00+0800",
                "requirement_car_type_id": [
                    1,
                    2,
                    3,
                    1032
                ],
                "rescueRecordInfo":{
                    "accident_trans_task_id":111,
                    "accident_trans_event_id":222,
                    "accident_id":11111,
                    "driver_price":4444
                },
                "adminInfo":{
                    "nick":"zhangan"
                },
                "originTransTaskInfo":{
                    "driver_price":5555
                },
                "customer_tcsp": 0,
                "customer_adc_id": 1,
                "customer_vass_spp": 0.08,
                "vas_sop_sop_mgr_id": 1000478,
                "work_begin_time": "09:30:00",
                "customer_id": 147,
                "bid_driver_id": 0,
                "onboard_date": "2017-08-08",
                "status": 1,
                "warehouse_id": 2804,
                "type_display": "主司机",
                "match_type_display": "竞价",
                "substatus_display": "已发布",
                "job_process_status_display": "司机报价中",
                "scene_display": "普通场景",
                "customer_name": "shiyang123-客户名称赟",
                "customer_nick": "诗杨一二三在任务中显示的客户名称一二三四",
                "adc_name": "北京管理区",
                "car_type_display": [
                    "小面",
                    "平顶金杯",
                    "高顶金杯",
                    "小面包"
                ],
                "sales_info": {
                    "admin_user_name": "dy北京客服经理",
                    "admin_user_mobile": "18511722051"
                },
                "dd_info": {
                    "admin_user_name": null,
                    "admin_user_mobile": null
                },
                "bid_mgr_info": {
                    "admin_user_name": "柴倩怡岗位经理6",
                    "admin_user_mobile": "12012345606"
                },
                "sop_mgr_info": {
                    "admin_user_name": "彭二狗",
                    "admin_user_mobile": "18811100001"
                },
                "driver_info": {
                    "city_id": "",
                    "district_id": "",
                    "dd_id": 0,
                    "driver_avatar": "",
                    "driver_avatar_60": "",
                    "driver_avatar_100": "",
                    "driver_avatar_150": "",
                    "driver_name": "",
                    "mobile": "",
                    "driver_telephones": [],
                    "car_type": []
                }
            },
            {
                "task_log_source": 11010,
                "customer_invoice_tax_rate": 0.11,
                "invoice_start_date": "2016-03-31",
                "job_process_status": 2000,
                "customer_main_bid_mgr_id": 1000290,
                "customer_sales_id": 1000137,
                "type": 200,
                "scene": 100,
                "match_type": 100,
                "line_name": "line1",
                "last_invoice_tax_rate": 0,
                "params_receiving_bid_end_time": "2017-08-07T20:59:00+0800",
                "id": 95426,
                "customer_city_id": 2,
                "warehouse_city_id": 0,
                "substatus": 1000,
                "warehouse_region": "",
                "invoice_switch": true,
                "vas_sop_fcc_id": 0,
                "is_delete": false,
                "open_task_time": "2017-08-07T10:56:24+0800",
                "params_evaluating_bid_end_time": "2017-08-07T21:59:00+0800",
                "requirement_car_type_id": [
                    1,
                    2,
                    3,
                    1032
                ],
                "rescueRecordInfo":{
                    "accident_trans_task_id":111,
                    "accident_trans_event_id":222,
                    "accident_id":11111,
                    "driver_price":4444
                },
                "adminInfo":{
                    "nick":"zhangan"
                },
                "originTransTaskInfo":{
                    "driver_price":5555
                },
                "customer_tcsp": 0,
                "customer_adc_id": 1,
                "customer_vass_spp": 0.08,
                "vas_sop_sop_mgr_id": 1000478,
                "work_begin_time": "09:30:00",
                "customer_id": 147,
                "bid_driver_id": 0,
                "onboard_date": "2017-08-08",
                "status": 1,
                "warehouse_id": 2804,
                "type_display": "主司机",
                "match_type_display": "竞价",
                "substatus_display": "已发布",
                "job_process_status_display": "司机报价中",
                "scene_display": "普通场景",
                "customer_name": "shiyang123-客户名称赟",
                "customer_nick": "诗杨一二三在任务中显示的客户名称一二三四",
                "adc_name": "北京管理区",
                "car_type_display": [
                    "小面",
                    "平顶金杯",
                    "高顶金杯",
                    "小面包"
                ],
                "sales_info": {
                    "admin_user_name": "dy北京客服经理",
                    "admin_user_mobile": "18511722051"
                },
                "dd_info": {
                    "admin_user_name": null,
                    "admin_user_mobile": null
                },
                "bid_mgr_info": {
                    "admin_user_name": "柴倩怡岗位经理6",
                    "admin_user_mobile": "12012345606"
                },
                "sop_mgr_info": {
                    "admin_user_name": "彭二狗",
                    "admin_user_mobile": "18811100001"
                },
                "driver_info": {
                    "city_id": "",
                    "district_id": "",
                    "dd_id": 0,
                    "driver_avatar": "",
                    "driver_avatar_60": "",
                    "driver_avatar_100": "",
                    "driver_avatar_150": "",
                    "driver_name": "",
                    "mobile": "",
                    "driver_telephones": [],
                    "car_type": []
                }
            },
            {
                "task_log_source": 11010,
                "customer_invoice_tax_rate": 0.11,
                "invoice_start_date": "2016-03-31",
                "job_process_status": 4100,
                "customer_main_bid_mgr_id": 1000290,
                "customer_sales_id": 1000137,
                "type": 200,
                "scene": 100,
                "match_type": 100,
                "line_name": "line1",
                "last_invoice_tax_rate": 0,
                "params_receiving_bid_end_time": "2017-08-06T20:59:00+0800",
                "id": 95425,
                "customer_city_id": 2,
                "warehouse_city_id": 0,
                "substatus": 5000,
                "warehouse_region": "",
                "invoice_switch": true,
                "vas_sop_fcc_id": 0,
                "is_delete": false,
                "open_task_time": "2017-08-06T19:41:27+0800",
                "params_evaluating_bid_end_time": "2017-08-06T21:59:00+0800",
                "requirement_car_type_id": [
                    1,
                    2,
                    3,
                    1032
                ],
                "rescueRecordInfo":{
                    "accident_trans_task_id":111,
                    "accident_trans_event_id":222,
                    "accident_id":11111,
                    "driver_price":4444
                },
                "adminInfo":{
                    "nick":"zhangan"
                },
                "originTransTaskInfo":{
                    "driver_price":5555
                },
                "customer_tcsp": 0,
                "customer_adc_id": 1,
                "customer_vass_spp": 0.08,
                "vas_sop_sop_mgr_id": 1000478,
                "work_begin_time": "09:30:00",
                "customer_id": 147,
                "bid_driver_id": 0,
                "onboard_date": "2017-08-07",
                "status": 5,
                "warehouse_id": 2804,
                "type_display": "主司机",
                "match_type_display": "竞价",
                "substatus_display": "客户废弃",
                "job_process_status_display": "无司机报价",
                "scene_display": "普通场景",
                "customer_name": "shiyang123-客户名称赟",
                "customer_nick": "诗杨一二三在任务中显示的客户名称一二三四",
                "adc_name": "北京管理区",
                "car_type_display": [
                    "小面",
                    "平顶金杯",
                    "高顶金杯",
                    "小面包"
                ],
                "sales_info": {
                    "admin_user_name": "dy北京客服经理",
                    "admin_user_mobile": "18511722051"
                },
                "dd_info": {
                    "admin_user_name": null,
                    "admin_user_mobile": null
                },
                "bid_mgr_info": {
                    "admin_user_name": "柴倩怡岗位经理6",
                    "admin_user_mobile": "12012345606"
                },
                "sop_mgr_info": {
                    "admin_user_name": "彭二狗",
                    "admin_user_mobile": "18811100001"
                },
                "driver_info": {
                    "city_id": "",
                    "district_id": "",
                    "dd_id": 0,
                    "driver_avatar": "",
                    "driver_avatar_60": "",
                    "driver_avatar_100": "",
                    "driver_avatar_150": "",
                    "driver_name": "",
                    "mobile": "",
                    "driver_telephones": [],
                    "car_type": []
                }
            }
        ],
        "count": 100,
        "page": "1",
        "perpage": "20",
        "totalpage":10
    }
}
