{
        "id": 94600,
        "version": 1,
        "customer_id": 4085,
        "type": 100,
        "status": 4310,
        "substatus": 1000,
        "open_task_time": "2017-05-22 16:42:58",
        "created_at": "2017-05-22 16:42:58",
        "updated_at": "2017-05-22 16:42:58",
        "task_scope": null,
        "task_contract_config": null,
        "create_task_ip": "",
        "customer_tcsp": 0,
        "invoice_tax_rate": 0.11,
        "sop_spp": 0,
        "bid_mgr_id": 1000239,
        "sales_id": 1000234,
        "customer_city_id": 1,
        "adc_id": 1,
        "warehouse_district": "朝阳区",
        "warehouse_city_id": 1,
        "job_process_status": 4310,
        "new_status": 1,
        "fcc_id": 0,
        "sop_mgr_id": 0,
        "dd_id": 0,
        "car_team_id": 0,
        "source": 301,
        "select_source": 0,
        "receiving_bid_end_time": "2017-05-23 07:00:00",
        "evaluating_bid_end_time": "2017-05-23 08:00:00",
        "match_type": 200,
        "scene": 100,
        "car_id": [
            1,
            1032
        ],
        "warehouse_id": 1512,
        "line_name": "wyf12线路23433",
        "onboard_date": "2017-05-23",
        "work_begin_time": "10:00",
        "bonus_money": 0,
        "distribution_point_startup_count": 0,
        "driver_id": 0,
        "current_bid_id": 0,
        "trans_customer_subsidy_percentage": 0,
        "backup_bid_mgr_id": 0,
        "status_display": "无可选司机",
        "is_del": 0,
        "schedule": "FREQ=WEEKLY;BYDAY=MO,TU,WE,TH,FR,SA,SU",
        "car_memo": "",
        "work_end_time": "10:30",
        "distribution_point_min": 1,
        "distribution_point_max": 5,
        "is_distribution_point_fixed": 1,
        "distribution_area": "23512351253",
        "distribution_direct": "",
        "distance_min": 5,
        "distance_max": 10,
        "is_back": 0,
        "is_ignore_restrict": 1,
        "end_date": "12:00",
        "cargo_type": "货物类型",
        "cargo_volume_min": 8,
        "cargo_volume_max": 12,
        "cargo_weight_min": 12,
        "cargo_weight_max": 23,
        "is_need_receipt": 1,
        "receipt_type": 0,
        "receipt_sendee": null,
        "receipt_express_fee_payer": 0,
        "expected_price_min": 0,
        "expected_price_max": 0,
        "expected_price_describe": "",
        "receipt_contacts": null,
        "receipt_address": "",
        "deliver_experience": "[\"305\"]",
        "reason": null,
        "handling_type": "1",
        "is_req_xiaogong": 0,
        "is_with_load": 1,
        "is_with_unload": 1,
        "is_with_board": 0,
        "other_handling_req": "其他要求",
        "is_need_clear_seats": 1,
        "is_need_tuiche": 1,
        "is_limit_phone": 0,
        "is_need_double_fire_extinguisher": null,
        "is_need_lock": null,
        "is_need_practice_before_onboard": 0,
        "driver_req": "hah",
        "dispatch_end_time": null,
        "other_desc": "{\"collect_money_by_pos_exp\":\"\\u9700\\u8981\",\"collect_cash_exp\":\"\\u9700\\u8981\"}",
        "traffic_control_rule": null,
        "comment": "",
        "cargo_number_min": 6,
        "cargo_number_max": 12,
        "traffice_control_rule_display": "xxxxx",
        "cars_id": [
            1,
            1032
        ],
        "cities_id": [
            1
        ],
        "distribution_point_count": 0,
        "bonus_money_display": "0",
        "type_display": "主司机",
        "handling_type_display": "无需搬运",
        "schedule_display": [
            1,
            2,
            3,
            4,
            5,
            6,
            7
        ],
        "driver_price_display":123,
        "deliver_experience_display": {
            "305": "无要求",
            "304": "有"
        },
        "other_desc_display": {
            "collect_money_by_pos_exp": "需要",
            "collect_cash_exp": "xxxx需要"
        },
        "expected_price_min_display": 0,
        "expected_price_max_display": 0,
        "distribution_points": [
          {
            "id": 2686,
            "trans_task_id": 94600,
            "contact_name": "aa",
            "contact_mobile": "11",
            "address": "aa",
            "seq": 0,
            "created_at": "2017-08-14 11:25:43",
            "updated_at": "2017-08-14 11:25:43",
            "deleted_at": null
          },
          {
            "id": 2686,
            "trans_task_id": 94600,
            "contact_name": "aa",
            "contact_mobile": "11",
            "address": "aa",
            "seq": 1,
            "created_at": "2017-08-14 11:25:43",
            "updated_at": "2017-08-14 11:25:43",
            "deleted_at": null
          }
        ],
        "mathch_one_level_status_display": "未选到可用司机",
        "probation_start": "",
        "probation_end": "",
        "task_duration_days": 0,
        "select_driver_time": "",
        "task_scope.type": null,
        "task_scope.value": null,
        "time_cost": 1800,
        "driver_price": 0,
        "bids": [
            {
                "id": 74603,
                "trans_task_id": 94600,
                "driver_id": 2006608,
                "new_status": 4000,
                "status": 4020,
                "status_display": "司机取消报价",
                "dprice": 100000,
                "slogan": "5226887555",
                "modify_count": 0,
                "comment": "取消报价第五次",
                "is_ignore_restrict": true,
                "car_id": 1032,
                "car_num": "京A11345",
                "car_team_mgr_id": 0,
                "created_at": "2017-05-22 16:43:44",
                "updated_at": "2017-05-22 16:44:03",
                "insurance_type": 0,
                "insurance_type_display": "",
                "is_first_onboard": 0,
                "first_onboard_rate": 0,
                "end_date": 0,
                "sub_status": 4020,
                "dprice_display": 1000,
                "first_status_display": "报价作废",
                "second_status_display": "司机取消报价",
                "delivery_count": 2,
                "cprice": 100000,
                "cprice_display": "1000.00",
                "cprice_with_tax": 111000,
                "cprice_with_tax_display": "1110.00",
                "sop_price": 0,
                "sop_price_display": 0,
                "temp_ctrl_price": 0,
                "temp_ctrl_price_display": 0,
                "temp_ctrl_price_tax": 0,
                "temp_ctrl_price_tax_display": 0,
                "temp_ctrl_price_with_tax": 0,
                "temp_ctrl_price_with_tax_display": 0,
                "cprice_with_tax_and_sop": 100000,
                "cprice_with_tax_and_sop_display": "1000.00",
                "cargo_insurance_price": 600,
                "cargo_insurance_price_display": "6.00",
                "driver_insurance_money": 0,
                "driver_insurance_money_display": 0,
                "cprice_total_with_tax": 111666,
                "cprice_total_with_tax_display": "1116.66"
            }
        ],
        "total_bid_count": 0,
        "latest_bid_id": 0,
        "latest_bid_source": 0,
        "current_bid": [],
        "have_sop": 0,
        "sop_rate": 0,
        "have_sop_display": "无SOP服务",
        "sop_prejob_dates": "",
        "sop_prejob_dates_msg": "",
        "have_temp_ctrl": 0,
        "customer_insurance": {
            "insurance_type": 100,
            "charge_type": 10,
            "insure_way": 200,
            "customer_price_mode": 200,
            "customer_mode_number": 600,
            "min_customer_price": 600,
            "yn_price_mode": 200,
            "yn_mode_number": 200,
            "have_customer_insurance": 1
        },
        "is_onboard": 0,
        "is_advance_choose_driver": 0,
        "can_advance_evaluating_bid": 0,
        "advance_evaluating_bid_seconds": 600,
        "parent_trans_task_id": 0,
        "min_driver_price": 5000,
        "max_driver_price": 800000,
        "modify_bid_max_count": 4,
        "is_have_bonus": 0,
        "match_type_display": "竞价",
        "substatus_display": "已发布",
        "job_process_status_display": "无可选司机",
        "scene_display": "普通场景",
        "customer_name": "wyf12_bj客户名称",
        "customer_nick": "wyf12_bj标书",
        "warehouse_info": {
            "province_name": "北京市",
            "city_name": "北京市",
            "warehouse_id": 1512,
            "name": "wyf12_bj仓1",
            "customer_id": 4085,
            "region": "朝阳区",
            "region_desc": "",
            "city_id": 1,
            "province_id": 1,
            "location": "安贞门",
            "location_memo": "",
            "mobile": "11600120100",
            "mobile_privacy": "ade830d74cab3222f4a015331e5d69c8",
            "telphones": [],
            "telphones_privacy": "",
            "contact": "wyf12_bj仓1联系人",
            "backup_telphones": [""],
            "backup_names": [""],
            "longitude": 116.412371,
            "latitude": 39.983322,
            "coord_sys": 1,
            "fcc_ids": [],
            "other_fcc_ids": [],
            "customer_adcid": 1,
            "customer_quality_mgr": "王燕芳-运作经理-北京1",
            "customer_quality_mgr_id": 1000472,
            "status": {
                "code": 1,
                "desc": "启用"
            },
            "memo": "",
            "created_at": "2016-11-04 15:02:20",
            "updated_at": "2017-06-19 19:03:14",
            "warehouse_coord_sys": 1
        },
        "car_type_display": [
            "小面",
            "小面包"
        ],
        "rescue_record":{
            "longitude": 116.24644,
            "latitude": 39.90859,
            "rescue_position": "xxxxxxxxx 救援位置",
            "rescue_contact_name": "xxxx 救援联系人",
            "rescue_contact_mobile": 11111111111,
            "enable": true
        }

}
