{
	"code": 0,
    "info": {
        "list":[
            {
				"oid":"云鸟订单号",
				"cardinfo_applicant_name":"申请人",
				"cardinfo_mailing_name":"油卡收货人",
				"cteaminfo_name":"所属车队",
				"cardinfo_card_no":"油卡卡号",
				"consume_money_display":"充值金额",
				"pay_way_display":"充值方式",
				"deal_user":"扣款账户",
				"updated_at":"更新时间",
				"consume_status":"充值成功",
				"card_balance_display":"余额"
			},
			{
				"oid":"云鸟订单号",
				"cardinfo_applicant_name":"申请人",
				"cardinfo_mailing_name":"油卡收货人",
				"cteaminfo_name":"所属车队",
				"cardinfo_card_no":"油卡卡号",
				"consume_money_display":"充值金额",
				"pay_way_display":"充值方式",
				"deal_user":"扣款账户",
				"updated_at":"更新时间",
				"consume_status":"充值成功",
				"card_balance_display":"余额"
			},
			{
				"oid":"云鸟订单号",
				"cardinfo_applicant_name":"申请人",
				"cardinfo_mailing_name":"油卡收货人",
				"cteaminfo_name":"所属车队",
				"cardinfo_card_no":"油卡卡号",
				"consume_money_display":"充值金额",
				"pay_way_display":"充值方式",
				"deal_user":"扣款账户",
				"updated_at":"更新时间",
				"consume_status":"充值成功",
				"card_balance_display":"余额"
			}
        ],
        "pagination":{
            "page":1,
            "per_page":20,
            "total_pages":7,
            "total":136
        },
        "sum_data": {
			"sum_money_display": 1200.00
		}
    },
    "search_config":{
        "pay_way":{
            "wallet":{
                "code":1,
                "name":"司机钱包"
            }
        },
        "consume_status":{
            "paid":{
                "code":100,
                "name":"充值成功"
            }
        }
    }
}
