{
    "credentail_info": {
        "id": 93,
        "cuid": 179,
        "type": 1,
        "status": 0,
        "taxpayer_id": 49,
        "header": "看热闹的股份有限公司",
        "tax_no": "123",
        "tax_rate": "0",
        "register_addr": "123",
        "register_mob": "12323455434",
        "register_bank": "北京银行",
        "register_bankno": "23343454364",
        "express_user": "",
        "express_mob": "",
        "express_addr": "",
        "apply_user": "测试账户test",
        "apply_date": "2017-10-19 11:48:06",
        "audit_user": "",
        "audit_date": "0000-00-00 00:00:00",
        "audit_memo": "",
        "addition_memo": "",
        "addition_send_with_tf": 0,
        "addition_send_with_contract": 0,
        "addition_send_with_paper": 0,
        "addition_send_with_bill": 0,
        "addition_unit_price": "",
        "addition_amount": "",
        "addition_unit": "",
        "addition_specific": "",
        "approve_file": "",
        "created_at": "2017-10-19 11:48:06",
        "updated_at": "2017-10-19 11:48:06",
        "status_display": "待审核",
        "type_display": "增值税普通发票",
        "tax_rate_display": "无",
        "audit_date_display": "",
        "audit_memo_display": "",
        "addition_send_with_list": "",
        "taxpayer": {
            "id": 49,
            "type": 1,
            "status": 0,
            "header": "看热闹的股份有限公司",
            "tax_no": "123",
            "register_addr": "123",
            "register_mob": "12323455434",
            "register_bank": "北京银行",
            "register_bankno": "23343454364",
            "audit_user": "",
            "audit_date": 0,
            "created_at": "2017-10-19 11:48:06",
            "updated_at": "2017-10-19 11:48:06",
            "status_display": "待审核",
            "type_display": "增值税普通发票"
        },
        "customer": {
            "customer_id": 179,
            "name": "lijie_gz",
            "login_name": "lijie_gz",
            "nick": "lijie_gz",
            "adcid": 1,
            "city": "广州市",
            "city_id": 3,
            "contact": "lijie",
            "mobile": "11012341234",
            "telphones": [
                "18610811525"
            ],
            "old_trade_subclass": 2,
            "status": {
                "code": 2,
                "desc": "正常"
            },
            "is_frozen": 0,
            "gmv_status": {
                "code": 1003,
                "desc": "拒绝服务"
            },
            "tender_status": {
                "code": 1,
                "desc": "允许招司机"
            },
            "realname_approve": {
                "code": 300,
                "desc": "未认证"
            },
            "once_logged_in_status": {
                "code": 1,
                "desc": "未知"
            },
            "customer_source": {
                "code": 100,
                "desc": "待确认"
            },
            "created_from": {
                "code": 201,
                "desc": "新A端"
            },
            "creater": "daiyue",
            "sales_id": 1000107,
            "main_bid_mgr_id": 1000316,
            "quality_mgr": "",
            "quality_mgr_id": 1000939,
            "project_operation_mgr_id": 1000939,
            "is_open_contract": 1,
            "created_at": "2015-05-20 13:01:28",
            "updated_at": "2017-10-23 13:11:00",
            "audit_status": {
                "code": 1,
                "desc": "不需要审核"
            }
        },
        "company": {
            "customer_id": 179,
            "service_telephone": "",
            "company_name": "看热闹的股份有限公司",
            "company_id": 2159,
            "post_addr": "",
            "post_code": "",
            "bank": {
                "code": 1,
                "desc": "工商银行"
            },
            "bank_account_name": "299292929229222",
            "bank_account_num": "292922929292922",
            "tcpp": 0,
            "spp": 0
        },
        "now_invoice_tax_rate_value": 0
    },
    "config": {
        "type": {
            "normal": {
                "code": 1,
                "name": "增值税普通发票"
            },
            "special": {
                "code": 2,
                "name": "增值税专用发票"
            }
        }
    },
    "pageFlag": "edit"
}
