{
    "code": 0,
    "has_export_privilege": 0,
    "search_config": {
	    "supplier_config": {
	        "chezhubang": {
	            "code": 100,
	            "name": "车主帮"
	        }
	    },
	    "consume_status_config": {
	        "paid": {
	            "code": 100,
	            "name": "已消费"
	        },
	        "refund": {
	            "code": 200,
	            "name": "已退款"
	        }
	    }
	},
    "consume_list": {
        "pagination": {
            "total": 43,
            "total_pages": 3,
            "per_page": 20,
            "page": 1,
            "pre_page": 1,
            "next_page": 2
        },
        "list": [
            {
                "oid": "YJ1231232131",
                "did": 2000442,
                "driverInfo":{
                	"name": "司机姓名"
                },
                "adc_info": {
                	"name": "管区"
                },
                "extends":{
                	"oil_num":123
                },
                "consume_money_display":"600.00",
                "coupon_money_display":"-5.00",
                "fee_display":"2.00",
                "actual_money_display":"500.00",
                "third_oid":1234,
                "consume_status_display":"已消费",
                "created_at":"2017-01-01 10:10:10",
                "updated_at":"2017-01-01 10:10:10"
            },{
                "oid": "YJ1231232131",
                "did": 2000442,
                "driverInfo":{
                	"name": "司机姓名"
                },
                "adc_info": {
                	"name": "管区"
                },
                "extends":{
                	"oil_num":123
                },
                "consume_money_display":"600.00",
                "coupon_money_display":"-5.00",
                "fee_display":"2.00",
                "actual_money_display":"500.00",
                "third_oid":1234,
                "consume_status_display":"已消费",
                "created_at":"2017-01-01 10:10:10",
                "updated_at":"2017-01-01 10:10:10"
            }
        ]
    }
}