{
    "code": 0,
    "info": {
        "config": {
            "type" :
            [
                {
                    "code": 1,
                    "desc": "增值税普通发票"
                }

            ]
        },
        "credentail_info":{
            "id": 1,
            "cuid": 4134,
            "express_user": "lili",
            "express_mob": "18603032039",
            "express_addr": "beijing2323sdsdd",
            "apply_user": "测试账户test",
            "apply_date": "2017-09-04 14:14:58",
            "audit_user": "测试账户test",
            "audit_date": "2017-09-04 14:12:44",
            "audit_memo": "3232",
            "addition_memo": "我是备注内容",
            "addition_send_with_tf": 1,
            "addition_send_with_contract": 1,
            "addition_send_with_paper": 1,
            "addition_send_with_bill": 1,
            "addition_unit_price": "9",
            "addition_amount": "8",
            "addition_unit": "7",
            "addition_specific": "666",
            "approve_file": "http://test-yn-static.img-cn-beijing.aliyuncs.com/pic/avatar/2017-08-14/1502705549951_0.727819365914911.png",
            "type_display": "增值税专用发票",
            "tax_rate_display": "6%",
            "audit_date_display": "",
            "audit_memo_display": "",
            "customer_tax_rate_display": "6%",
            "credential_tax_rate_display": "6%",
            "customer_tax_rate": "6%",
            "taxpayer": {
                "id": 299,
                "status": 2,
                "header": "发票抬头",
                "tax_no": "4",
                "register_addr": "注册地址",
                "register_mob": "4",
                "register_bank": "4",
                "register_bankno": "668843526781217653",
                "audit_user": "",
                "audit_date": 0,
                "created_at": "2017-09-04 14:14:58",
                "updated_at": "2017-09-04 14:14:58",
                "type": 2,
                "status_display": "审核中',#客户开票资质",
                "type_display": "增值税专用发票'#发票类型"
            },
            "customer": {
                "name": "客户名称"
            },
            "company": {
                "id": 2762,
                "company_name": "王燕芳公司零一全称修改",
                "business_license_image": "http://test-yn-static.img-cn-beijing.aliyuncs.com/pic/avatar/2017-08-22/1503405377_237331862.",
                "opening_license_image": ""
            }
        },
        "pageFlag": "edit"
    }
}
