{
    "code": 0,
    "info": {
        "list":[
            {
                "id": 1,
                "cuid": 4134,
                "customer":{
                    "name": "张三",
                    "adc": {
                        "name_with_tags_display": "北京管理区"
                    },
                    "city": "北京",
                    "bu_leader": "测试账户test",
                    "sales": "测试账户test"
                },
                "project_mgr": {
                    "nick": "小明"
                },
                "taxpayer": {
                    "header": "云鸟科技",
                    "type_display": "增值税普通发票",
                    "status_display": "审核"
                },
                "tax_rate_display" : "1%",
                "apply_date": "2017-01-01 01:01:01",
                "audit_date_display": "2017-10-01 12:01:01",
                "audit_memo_display": "这是附加说明",
                "company": {
                    "name": "北京云鸟科技有限公司"
                },
                "adc": {
                    "tags": "华南大区"
                }
            },
            {
                "id": 2,
                "cuid": 4134,
                "customer":{
                    "name": "张三",
                    "adc": {
                        "name_with_tags_display": "北京管理区"
                    },
                    "city": "北京",
                    "bu_leader": "测试账户test",
                    "sales": "测试账户test"
                },
                "project_mgr": {
                    "nick": "小明"
                },
                "taxpayer": {
                    "header": "云鸟科技",
                    "type_display": "增值税普通发票",
                    "status_display": "待审核"
                },
                "tax_rate_display" : "1%",
                "apply_date": "2017-01-01 01:01:01",
                "audit_date_display": "2017-10-01 12:01:01",
                "audit_memo_display": "这是附加说明",
                "company": {
                    "name": "北京云鸟科技有限公司"
                },
                "adc": {
                    "tags": "华南大区"
                }
            },
            {
                "id": 2,
                "cuid": 4134,
                "customer":{
                    "name": "张三",
                    "adc": {
                        "name_with_tags_display": "北京管理区"
                    },
                    "city": "北京",
                    "bu_leader": "测试账户test",
                    "sales": "测试账户test"
                },
                "project_mgr": {
                    "nick": "小明"
                },
                "taxpayer": {
                    "header": "云鸟科技",
                    "type_display": "增值税普通发票",
                    "status_display": "审核通过"
                },
                "tax_rate_display" : "1%",
                "apply_date": "2017-01-01 01:01:01",
                "audit_date_display": "2017-10-01 12:01:01",
                "audit_memo_display": "这是附加说明",
                "company": {
                    "name": "北京云鸟科技有限公司"
                },
                "adc": {
                    "tags": "华南大区"
                }
            }
        ],
        "count":20
    }
}
