{
    "code": 0,
    "msg": "success",
    "info": {
        "totalCount": 100,
        "perpage": 15,
        "page": 1,
        "pageCount": 7,
        "list": [
            {
                "id": 12,
                "name": "北京-天津",
                "createdAt": "2017-09-01 12:10",
                "captain": "小明",
                "area": "10200",
                "region": "北京 北京市 朝阳区",
                "address": "这是哪里不知道哪里的小区的小区的某个单元的某个楼101-22-01",
                "longitude": "12.12312312",
                "latitude": "32.123123"
            },
            {
                "id": 13,
                "name": "天津",
                "createdAt": "2017-09-01 12:10",
                "captain": "小明",
                "area": "10400",
                "region": "北京 北京市 东城区",
                "address": "北京市昌平区回龙观东大街龙锦苑东2区北门菜市场里的仓库",
                "longitude": "",
                "latitude": ""
            },
            {
                "id": 13,
                "name": "天津",
                "createdAt": "2017-09-01 12:10",
                "captain": "小明",
                "area": "10400",
                "region": "北京 北京市 东城区",
                "address": "北京市昌平区回龙观东大街龙锦苑东2区北门菜市场aaaaaaaaaaaaaaaaaaaaaaaaaaaaaaaaaaaaaaaaaaaaaaaaaaaaaaaa",
                "longitude": "",
                "latitude": ""
            },
            {
                "id": 13,
                "name": "天津",
                "createdAt": "2017-09-01 12:10",
                "captain": "小明",
                "area": "10400",
                "region": "北京 北京市 东城区",
                "address": "这是哪里不知道哪里的小区",
                "longitude": "",
                "latitude": ""
            }
        ]
    }
}
