{
  "code": 0,
  "msg": "获取成功.",
  "info": {
    "count": 3,
    "list": [
      {
        "id": 52,
        "receipt_id": 1,
        "status": 100,
        "exception_code": 0,
        "exception_desc": "",
        "comment": "rollback",
        "operator": {
          "operator_id":1111,
          "operator_nick":"ren ren",
          "operator_platform":"A端"
        },
        "operation_time": "2017-06-16 17:20:03",
        "status_display": "等待回单",
        "after_change": "等待回单",
        "before_change": "回单异常(回单已经丢失了)"
      },
      {
        "id": 51,
        "receipt_id": 1,
        "status": 300,
        "exception_code": 4,
        "exception_desc": "回单已经丢失了",
        "comment": "",
        "operator": {
          "operator_id":2222,
          "operator_nick":"ren2 ren",
          "operator_platform":"s端"
        },
        "operation_time": "2017-06-16 17:19:20",
        "status_display": "回单异常",
        "after_change": "回单异常(回单已经丢失了)",
        "before_change": "等待回单"
      },
      {
        "id": 46,
        "receipt_id": 1,
        "status": 100,
        "exception_code": 0,
        "exception_desc": "",
        "comment": "{\"receipt_type\":1,\"receipt_info\":{\"receipt_sendee\":\"test\",\"receipt_contacts\":\"1111111211121\"}}",
        "operator": {
          "operator_id":3333,
          "operator_nick":"ren3 ren",
          "operator_platform":"o端"
        },
        "operation_time": "2017-06-16 17:13:04",
        "status_display": "等待回单",
        "after_change": "等待回单"
      }
    ],
    "perpage": 50,
    "page": 1,
    "total_pages":20
  }
}