{
  "code": 0,
  "msg": "获取成功.",
  "hasAuth": true,
  "isOperable": 1,
  "info": {
    "count": 4,
    "list": [
      {
        "id": 2,
        "task_id": 21,
        "customer_id": 12,
        "customer_name": "zhangsan",
        "customer_adc_name": "fd",
        "bid_mgr_id": 1,
        "bid_mgr_name": "lisi",
        "sop_mgr_name": "wangwu",
        "event_id": 2,
        "work_time":"2017-06-07 13:57:13",
        "expected_complete_time": "2017-06",
        "event_complete_time": "2017-06-07 13:57:13",
        "driver_name":"我就是我",
        "driver_id":"1",
        "receipt_type_display": 2,
        "status_display": 200,
        "operation_time": "2017-06-07 13:57:13",
        "comment":"原因",
        "exception_process_status":0,
        "updated_at": "0000-00-00 00:00:00",

        "receipt_info": {
          "receipt_sendee": "test",
          "receipt_contacts": "1111111211121"
        },
        "driver_id": 12,
        "exception_code": 0,
        "exception_desc": "",
        "do_complete_time": "2017-06-15 13:57:13",
        "is_del": 0,
        "created_at": "0000-00-00 00:00:00",
        "warehouse_name": "仓库1",
        "itid": 123
      },      {
        "id": 2,
        "task_id": 21,
        "customer_id": 12,
        "customer_name": "zhangsan",
        "customer_adc_name": "fd",
        "bid_mgr_id": 1,
        "bid_mgr_name": "lisi",
        "sop_mgr_name": "wangwu",
        "event_id": 2,
        "work_time":"2017-06-07 13:57:13",
        "expected_complete_time": "2017-06",
        "event_complete_time": "2017-06-07 13:57:13",
        "driver_name":"我就是我",
        "driver_id":"1",
        "receipt_type_display": 2,
        "status_display": 200,
        "operation_time": "2017-06-07 13:57:13",
        "comment":"原因",
        "exception_process_status":1,
        "updated_at": "0000-00-00 00:00:00",

        "receipt_info": {
          "receipt_sendee": "test",
          "receipt_contacts": "1111111211121"
        },
        "driver_id": 12,
        "exception_code": 0,
        "exception_desc": "",
        "do_complete_time": "2017-06-15 13:57:13",
        "is_del": 0,
        "created_at": "0000-00-00 00:00:00",
        "warehouse_name": "仓库2",
        "itid": 123
      },      {
        "id": 2,
        "task_id": 21,
        "customer_id": 12,
        "customer_name": "zhangsan",
        "customer_adc_name": "fd",
        "bid_mgr_id": 1,
        "bid_mgr_name": "lisi",
        "sop_mgr_name": "wangwu",
        "event_id": 2,
        "work_time":"2017-06-07 13:57:13",
        "expected_complete_time": "2017-06",
        "event_complete_time": "2017-06-07 13:57:13",
        "driver_name":"我就是我",
        "driver_id":"1",
        "receipt_type_display": 2,
        "status_display": 200,
        "operation_time": "2017-06-07 13:57:13",
        "comment":"原因",
        "exception_process_status":0,
        "updated_at": "0000-00-00 00:00:00",

        "receipt_info": {
          "receipt_sendee": "test",
          "receipt_contacts": "1111111211121"
        },
        "driver_id": 12,
        "exception_code": 0,
        "exception_desc": "",
        "do_complete_time": "2017-06-15 13:57:13",
        "is_del": 0,
        "created_at": "0000-00-00 00:00:00",
        "warehouse_name": "仓库1",
        "itid": 123
      },      {
        "id": 2,
        "task_id": 21,
        "customer_id": 12,
        "customer_name": "zhangsan",
        "customer_adc_name": "fd",
        "bid_mgr_id": 1,
        "bid_mgr_name": "lisi",
        "sop_mgr_name": "wangwu",
        "event_id": 2,
        "work_time":"2017-06-07 13:57:13",
        "expected_complete_time": "2017-06",
        "event_complete_time": "2017-06-07 13:57:13",
        "driver_name":"我就是我",
        "driver_id":"1",
        "receipt_type_display": 2,
        "status_display": 200,
        "operation_time": "2017-06-07 13:57:13",
        "comment":"原因",
        "exception_process_status":0,
        "updated_at": "0000-00-00 00:00:00",

        "receipt_info": {
          "receipt_sendee": "test",
          "receipt_contacts": "1111111211121"
        },
        "driver_id": 12,
        "exception_code": 0,
        "exception_desc": "",
        "do_complete_time": "2017-06-15 13:57:13",
        "is_del": 0,
        "created_at": "0000-00-00 00:00:00",
        "warehouse_name": "仓库1",
        "itid": 123
      }

    ],
    "perpage": 2,
    "page": "1",
    "total_pages":10
  },
  "receipt_status": [
        {
            "code": 300,
            "name": "回单异常",
            "substatus": {
                "301": "回单签字作假",
                "302": "回单未签字",
                "303": "装错货，拿错单子了",
                "305": "司机没有回单",
                "307": "司机回单数量少于应交回单数量",
                "308": "未在规定时间内交回单",
                "309": "客户未在标书中要求回单",
                "310": "其他原因"
            }
        },
        {
            "code": 100,
            "name": "等待回单"
        },
        {
            "code": 200,
            "name": "等待确认"
        },
        {
            "code": 900,
            "name": "回单成功",
            "substatus": {
                "901": "客户确认回单成功",
                "902": "系统确认回单成功",
                "903": "A端确认回单成功"
            }
        }
    ],
    "receipt_exception_process_change": [
        {
            "code": 300,
            "name": "回单异常",
            "substatus": [
                {
                    "code":"301",
                    "name": "回单签字作假"
                },
                {
                    "code":"302",
                    "name": "回单未签字"
                },
                {
                    "code":"303",
                    "name": "装错货，拿错单子了"
                },
                {
                    "code":"305",
                    "name": "司机没有回单"
                },
                {
                    "code":"307",
                    "name": "司机回单数量少于应交回单数量"
                },
                {
                    "code":"308",
                    "name": "未在规定时间内交回单"
                },
                {
                    "code":"309",
                    "name": "客户未在标书中要求回单"
                },
                {
                    "code":"310",
                    "name": "其他原因"
                }
            ]
        },
        {
            "code": 100,
            "name": "等待回单"
        },
        {
            "code": 200,
            "name": "等待确认"
        },
        {
            "code": 900,
            "name": "回单成功",
            "substatus": [
                {
                    "code":"901",
                    "name": "客户确认回单成功"
                },
                {
                    "code":"902",
                    "name": "系统确认回单成功"
                },
                {
                    "code":"903",
                    "name": "A端确认回单成功"
                }
            ]
        }
    ]
}
