{
    "code": 0,
    "info": {
        "status": {
            "exception": {
                "code": 300,
                "name": "回单异常",
                "substatus": {
                    "301": "回单签字作假",
                    "302": "回单未签字",
                    "303": "装错货，拿错单子了",
                    "305": "司机没有回单",
                    "307": "司机回单数量少于应交回单数量",
                    "308": "未在规定时间内交回单",
                    "309": "客户未在标书中要求回单",
                    "310": "其他原因"
                }
            },
            "in_plan": {
                "code": 100,
                "name": "等待回单"
            },
            "waiting_confirm": {
                "code": 200,
                "name": "等待确认"
            },
            "complete": {
                "code": 900,
                "name": "回单成功",
                "substatus": {
                    "901": "客户确认回单成功",
                    "902": "系统确认回单成功",
                    "903": "A端确认回单成功"
                }
            }
        }
    }
}