{
	"code": 0,
	"info": {
		"list":[
				{
					"id":1,
					"applicant_name":"某某某",
					"applicant_mobile":"123434545",
					"trans_event_id":12222 ,
					"applicant_type":10,
					"applicant_type_display":"司机",
					"created_at":"2017-07-25 14:11:12" ,
					"mailing_name":"某某某" ,
					"mailing_mobile": 12323243434,
					"mailing_address": "************",
					"card_no": "21324324545",
					"adc_name": "管理区",
					"status_display": "申请状态"
				},
				{
					"id":3,
					"applicant_name":"某某某",
					"applicant_mobile":"123434545",
					"trans_event_id":12222 ,
					"applicant_type":10,
					"applicant_type_display":"司机",
					"created_at":"2017-07-25 14:11:12" ,
					"mailing_name":"某某某" ,
					"mailing_mobile": 12323243434,
					"mailing_address": "************",
					"card_no": "21324324545",
					"adc_name": "管理区",
					"status_display": "申请状态"
				},
				{
					"id":2,
					"applicant_name":"某某某",
					"applicant_mobile":"123434545",
					"trans_event_id":12222 ,
					"applicant_type":10,
					"applicant_type_display":"司机",
					"created_at":"2017-07-25 14:11:12" ,
					"mailing_name":"某某某" ,
					"mailing_mobile": 12323243434,
					"mailing_address": "************",
					"card_no": "21324324545",
					"adc_name": "管理区",
					"status_display": "申请状态"
				}
		    ],
		"pagination": {
			"total": 20,
			"total_pages": 20,
			"per_page": 20,
			"page": 1
		}
	}
}
