{
	"code": 0,
	"msg": "获取成功",
	"info": {
		"is_operable": 1,
		"list": [
			{
				"order_id": 13899,
				"driver_id": 13899,
				"driver_name": "test",
				"dd_name": "test",
				"product_name": "test",
				"product_count": "签到",
				"product_total_point": 200,
				"order_status":1,
				"order_status_display": "已领取",
				"pay_time": "2017-07-19 15:41:35",
				"address": "卧龙小区",
	            "consignee": "卧龙",
	            "mobile": "15012121212"
			},
			{
				"order_id": 13899,
				"driver_id": 13899,
				"driver_name": "test",
				"dd_name": "test",
				"product_name": "test",
				"product_count": "签到",
				"product_total_point": 200,
				"order_status":0,
				"order_status_display": "待领取",
				"pay_time": "2017-07-19 15:41:35",
				"address": "卧龙小区",
	            "consignee": "卧龙",
	            "mobile": "15012121212"
			},
			{
				"order_id": 13899,
				"driver_id": 13899,
				"driver_name": "test",
				"dd_name": "test",
				"product_name": "test",
				"product_count": "签到",
				"product_total_point": 200,
				"order_status":0,
				"order_status_display": "待领取",
				"pay_time": "2017-07-19 15:41:35",
				"address": "卧龙小区",
	            "consignee": "卧龙",
	            "mobile": "15012121212"
			},
			{
				"order_id": 13899,
				"driver_id": 13899,
				"driver_name": "test",
				"dd_name": "test",
				"product_name": "test",
				"product_count": "签到",
				"product_total_point": 200,
				"order_status":1,
				"order_status_display": "已领取",
				"pay_time": "2017-07-19 15:41:35",
				"address": "卧龙小区",
	            "consignee": "卧龙",
	            "mobile": "15012121212"
			}
		],
		"pagination": {
			"page": "1",
			"per_page": 20,
			"total_pages": 3,
			"total": 42
		},
		"total": 42
	}
}
