{
	"code": 0,
	"msg": "获取成功",
	"info": {
		"list": [
			{
				"operator_name": "张三",
				"action": "领取",
				"operation_time": "2017-07-19 15:41:35"
			},
			{
				"operator_name": "张三",
				"action": "领取",
				"operation_time": "2017-07-19 15:41:35"
			},
			{
				"operator_name": "张三",
				"action": "领取",
				"operation_time": "2017-07-19 15:41:35"
			},
			{
				"operator_name": "张三",
				"action": "领取",
				"operation_time": "2017-07-19 15:41:35"
			}
		],
		"pagination": {
			"page": "1",
			"per_page": 20,
			"total_pages": 3,
			"total": 42
		},
		"total": 42
	}
}
