{
	"code": 0,
	"msg": "获取成功",
	"driver_info": {
		"driver_id":10,
		"adc_name":"管理区名称",
		"driver_name":"司机姓名",
		"driver_bonus_point": "积分额度",
		"driver_tel":"12345678900"
	},
	"operation_type":[{
		"code":100,
		"desc":"扣减"
	},{
		"code":100,
		"desc":"消费"
	},{
		"code":100,
		"desc":"获取"
	}],
	"info": {
		"count": 2,
		"list": [
			{
				"driver_id": 13899,
				"action_code": 1,
				"action_name": "签到",
				"operation_type": 1,
				"operation_type_display": "获取",
				"operation_time": "2017-07-19 15:41:35",
				"changed_point": "+20",
				"source_id_display": 123412
			},
			{
				"driver_id": 13899,
				"action_code": 1,
				"action_name": "签到",
				"operation_type": 1,
				"operation_type_display": "获取",
				"operation_time": "2017-07-19 15:41:35",
				"changed_point": "+20",
				"source_id_display": 123412
			},
			{
				"driver_id": 13899,
				"action_code": 1,
				"action_name": "签到",
				"operation_type": 1,
				"operation_type_display": "获取",
				"operation_time": "2017-07-19 15:41:35",
				"changed_point": "+20",
				"source_id_display": 123412
			}
		],
		"total_pages": 10,
		"perpage": 10,
		"page": 1
	}
}
