{
	"code": 0,
	"msg": "获取成功.",
	"info": {
		"count": 10,
		"total_pages": 10,
		"perpage": 50,
		"page": 1,
		"list": [
			{
				"driver_bonus_point": "积分额度",

				"driver_id": 1000150,
				"driver_name": "司机姓名",
				"dd_id": 1000408,
				"dd_name": "拓展姓名",
				"adc_id": 1,
				"adc_name": "北京管理区"
			},
			{
				"driver_bonus_point": "积分额度",
				"driver_id": 1000151,
				"driver_name": "司机姓名",
				"dd_id": 1000408,
				"dd_name": "拓展姓名",
				"adc_id": 1,
				"adc_name": "北京管理区"
			},
			{
				"driver_bonus_point": "积分额度",
				"driver_id": 1000152,
				"driver_name": "司机姓名",
				"dd_id": 1000408,
				"dd_name": "拓展姓名",
				"adc_id": 1,
				"adc_name": "北京管理区"
			}
		]
	}
}