{
    "code": 0,
    "msg": "获取商品列表成功.",
    "info": {
    	"total": 1,
        "pagination": {
			"page": 1,
			"per_page": 20,
			"total_pages": 1,
			"total": 1
        },
        "list": [
            {
                "product_id": 33,
				"product_title": "a",
				"product_desc": "a",
				"product_img": "a",
				"product_img_big": "a?x-oss-process=image/resize,m_fixed,h_600,w_750",
				"product_img_small": "a?x-oss-process=image/resize,m_fixed,h_188,w_188",
				"product_type": 100,
				"product_status": 100,
				"product_stock": 1,
				"product_unit_point": 1,
				"product_unit_price": 1,
				"is_top": 0,
				"is_del": 0,
				"created_at": "2017-09-06 11:04:27",
				"updated_at": "2017-09-06 11:04:27",
				"adc_id": ["1", "2"],
                "adc_names": ["北京管理区", "上海管理区", "武汉管理区"],
                "product_status_display": "上架",
                "product_type_display": "实物"
            },
            {
                "product_id": 33,
				"product_title": "a",
				"product_desc": "a",
				"product_img": "a",
				"product_img_big": "a?x-oss-process=image/resize,m_fixed,h_600,w_750",
				"product_img_small": "a?x-oss-process=image/resize,m_fixed,h_188,w_188",
				"product_type": 100,
				"product_status": 200,
				"product_stock": 0,
				"product_unit_point": 1,
				"product_unit_price": 1,
				"is_top": 0,
				"is_del": 0,
				"created_at": "2017-09-06 11:04:27",
				"updated_at": "2017-09-06 11:04:27",
				"adc_id": ["1", "2"],
                "adc_names": ["北京管理区", "上海管理区", "武汉管理区"],
                "product_status_display": "上架",
                "product_type_display": "实物"
            }
        ]
    },
    "can_write": true,
	"product_status_list": {
		"on_shelves": {
			"code": 100,
			"desc": "上架"
		},
		"off_shelves": {
			"code": 200,
			"desc": "下架"
		},
		"delete": {
			"code": 900,
			"desc": "删除"
		}
	}
}
