{
    "code": 0,
    "msg": "成功.",
    "detail": {
        "product_title": "车载充电器",
        "product_desc": "充电",
        "product_img": "http://test-yn-static.img-cn-beijing.aliyuncs.com/pic/avatar/2017-09-05/1504582381377_0.48441142309525465.jpg",
        "product_type": "100",
        "product_status": "100",
        "product_stock": "10",
        "product_unit_point": "3900",
        "updated_at": "2017-09-08 15:54:02",
        "created_at": "2017-09-08 15:54:02",
        "status_display": "上架",
        "id": 36,
        "adc_id": [
            "1",
            "2"
        ],
        "adc_names": ["北京管理区", "上海管理区", "武汉管理区"]
    }
}
