{
    "code": 0,
    "msg": "成功.",
    "product_detail": {
        "product_title": "车载充电器",
        "product_desc": "充电",
        "product_img": "http://test-yn-static.img-cn-beijing.aliyuncs.com/pic/avatar/2017-09-05/1504582381377_0.48441142309525465.jpg",
        "product_type": "100",
        "product_status": "100",
        "product_stock": "10",
        "product_unit_point": "3900",
        "updated_at": "2017-09-08 15:54:02",
        "created_at": "2017-09-08 15:54:02",
        "status_display": "上架",
        "id": 36,
        "adc_id": [
            "1",
            "2"
        ],
        "adc_names": ["北京管理区", "上海管理区", "武汉管理区"]
    },
    "adcid_data": [
		{
			"code": 14,
			"desc": "郑州管理区"
		},
		{
			"code": 1,
			"desc": "北京管理区"
		},
		{
			"code": 11,
			"desc": "武汉管理区"
		},
		{
			"code": 10,
			"desc": "成都管理区"
		},
		{
			"code": 9,
			"desc": "苏州管理区"
		},
		{
			"code": 8,
			"desc": "杭州管理区"
		},
		{
			"code": 7,
			"desc": "南京管理区"
		},
		{
			"code": 6,
			"desc": "天津管理区"
		},
		{
			"code": 13,
			"desc": "合肥管理区"
		},
		{
			"code": 16,
			"desc": "重庆管理区"
		},
		{
			"code": 12,
			"desc": "青岛管理区"
		},
		{
			"code": 4,
			"desc": "深圳管理区"
		},
		{
			"code": 3,
			"desc": "广州管理区"
		},
		{
			"code": 2,
			"desc": "上海管理区"
		}
	]
}
