{
    "code": 0,
    "msg": "获取商品变更日志成功.",
    "info": {
        "pagination": {
            "page": 1,
            "per_page": 20,
            "total_pages": 1,
            "total": 1
        },
        "total": 1,
        "list": [
            {
                "id": 36,
                "product_id": 1,
                "action": "商品上架",
                "operation_time": "2017-08-05 17:13:12",
                "operator_id": 1,
                "operator_name": "a",
                "remark": null
            }
        ]
    }
}
