{
	"bill": {
		"id": 9,
		"cuid": 14,
		"bill_code": 2015009,
		"period": 9,
		"start_date": "2015-11-23",
		"end_date": "2015-11-29",
		"deadline": "2015-12-06",
		"bill_money": 103455,
		"consume_money": 100440,
		"pre_tax_money": 3015,
		"post_tax_money": 0,
		"real_tax_money": 0,
		"compensate_money": 0,
		"bad_debt_money": 0,
		"charge_off_money": 0,
		"adjust_money": 0,
		"adjust_tax_money": 0,
		"repayed_money": 0,
		"pay_status": 1,
		"old_check_status": 0,
		"committed_payment_days": 7,
		"postpone_payment_days": 0,
		"receipt_id": "",
		"check_date": 0,
		"check_deadline": 1449072000,
		"created_at": "2016-08-17 14:24:58",
		"updated_at": "2016-08-17 14:26:35",
		"check_status": 100,
		"receipt_status": 0,
		"last_repay_date": null,
		"tax_rate": "0.000000",
		"repay_status": 100,
		"bill_money_display": "1034.55",
		"bill_money_without_pretax_display": "1004.40",
		"consume_money_display": "1004.40",
		"pre_tax_money_display": "30.15",
		"real_tax_money_display": "0.00",
		"compensate_money_display": "0.00",
		"bad_debt_money_display": "0.00",
		"charge_off_money_display": "0.00",
		"adjust_money_display": "0.00",
		"adjust_tax_money_display": "0.00",
		"repayed_money_display": "0.00",
		"tax_rate_display": "0%",
		"need_repay_money": 103455,
		"need_repay_money_display": "1034.55",
		"check_deadline_display": "2015-12-03",
		"check_date_display": "",
		"total_adjust": 0,
		"bill_date_display": "2015-11-23 至 2015-11-29",
		"check_status_display": "待对账",
		"repay_status_display": "待回款",
		"receipt_status_display": "暂无法开票",
		"delay_status": 300,
		"delay_status_display": "重大事故"
	},
	"opt_type_config": [
		{
			"code": 110,
			"name": "申请调整账单金额"
		},
		{
			"code": 120,
			"name": "申请销账"
		},
		{
			"code": 130,
			"name": "申请税费调整"
		}
	]
}
