{
	"code": 0,
	"info": {
		"count": 20,
		"total": 20,
		"total_page": 2,
		"table_list": [
			{
				"id": 1,
				"customer_tax_rate": 0.06,
				"account_number": "6232620101612077",
				"account_name": 100,
				"cuid": 278,
				"assign_status": 100,
				"assign_at": 200,
				"effective_time": 0,
				"used_status": 100,
				"operater": "test",
				"created_at": "2017-04-15 15:09:00",
				"updated_at": "2017-04-15 15:09:00",
				"assign_at_display": "1970-01-01 08:03:20",
				"effective_time_display": "",
				"assign_status_display": "未分配",
				"used_status_display": "未使用",
				"account_name_display": "北京云中小鸟科技有限公司",
				"bank_display": "中国民生银行股份有限公司北京西坝河支行"
			},
			{
				"id": 2,
				"customer_tax_rate": 0,
				"account_number": "6232620101612069",
				"account_name": 100,
				"cuid": 0,
				"assign_status": 100,
				"assign_at": 0,
				"effective_time": 0,
				"used_status": 100,
				"operater": "",
				"created_at": "2017-04-15 15:09:00",
				"updated_at": "2017-04-15 15:09:00",
				"assign_at_display": "",
				"effective_time_display": "",
				"assign_status_display": "未分配",
				"used_status_display": "未使用",
				"account_name_display": "北京云中小鸟科技有限公司",
				"bank_display": "中国民生银行股份有限公司北京西坝河支行"
			},
			{
				"id": 3,
				"customer_tax_rate": 0,
				"account_number": "6232620101611939",
				"account_name": 100,
				"cuid": 0,
				"assign_status": 100,
				"assign_at": 0,
				"effective_time": 0,
				"used_status": 100,
				"operater": "",
				"created_at": "2017-04-15 15:09:00",
				"updated_at": "2017-04-15 15:09:00",
				"assign_at_display": "",
				"effective_time_display": "",
				"assign_status_display": "未分配",
				"used_status_display": "未使用",
				"account_name_display": "北京云中小鸟科技有限公司",
				"bank_display": "中国民生银行股份有限公司北京西坝河支行"
			},
			{
				"id": 4,
				"customer_tax_rate": 0,
				"account_number": "6232620101611897",
				"account_name": 100,
				"cuid": 0,
				"assign_status": 100,
				"assign_at": 0,
				"effective_time": 0,
				"used_status": 100,
				"operater": "",
				"created_at": "2017-04-15 15:09:00",
				"updated_at": "2017-04-15 15:09:00",
				"assign_at_display": "",
				"effective_time_display": "",
				"assign_status_display": "未分配",
				"used_status_display": "未使用",
				"account_name_display": "北京云中小鸟科技有限公司",
				"bank_display": "中国民生银行股份有限公司北京西坝河支行"
			},
			{
				"id": 5,
				"customer_tax_rate": 0,
				"account_number": "6232620101611889",
				"account_name": 100,
				"cuid": 0,
				"assign_status": 100,
				"assign_at": 0,
				"effective_time": 0,
				"used_status": 100,
				"operater": "",
				"created_at": "2017-04-15 15:09:00",
				"updated_at": "2017-04-15 15:09:00",
				"assign_at_display": "",
				"effective_time_display": "",
				"assign_status_display": "未分配",
				"used_status_display": "未使用",
				"account_name_display": "北京云中小鸟科技有限公司",
				"bank_display": "中国民生银行股份有限公司北京西坝河支行"
			},
			{
				"id": 6,
				"customer_tax_rate": 0,
				"account_number": "6232620101611863",
				"account_name": 100,
				"cuid": 0,
				"assign_status": 100,
				"assign_at": 0,
				"effective_time": 0,
				"used_status": 100,
				"operater": "",
				"created_at": "2017-04-15 15:09:00",
				"updated_at": "2017-04-15 15:09:00",
				"assign_at_display": "",
				"effective_time_display": "",
				"assign_status_display": "未分配",
				"used_status_display": "未使用",
				"account_name_display": "北京云中小鸟科技有限公司",
				"bank_display": "中国民生银行股份有限公司北京西坝河支行"
			},
			{
				"id": 7,
				"customer_tax_rate": 0,
				"account_number": "6232620101611871",
				"account_name": 100,
				"cuid": 0,
				"assign_status": 100,
				"assign_at": 0,
				"effective_time": 0,
				"used_status": 100,
				"operater": "",
				"created_at": "2017-04-15 15:09:00",
				"updated_at": "2017-04-15 15:09:00",
				"assign_at_display": "",
				"effective_time_display": "",
				"assign_status_display": "未分配",
				"used_status_display": "未使用",
				"account_name_display": "北京云中小鸟科技有限公司",
				"bank_display": "中国民生银行股份有限公司北京西坝河支行"
			},
			{
				"id": 8,
				"customer_tax_rate": 0,
				"account_number": "6232620101611905",
				"account_name": 100,
				"cuid": 0,
				"assign_status": 100,
				"assign_at": 0,
				"effective_time": 0,
				"used_status": 100,
				"operater": "",
				"created_at": "2017-04-15 15:09:00",
				"updated_at": "2017-04-15 15:09:00",
				"assign_at_display": "",
				"effective_time_display": "",
				"assign_status_display": "未分配",
				"used_status_display": "未使用",
				"account_name_display": "北京云中小鸟科技有限公司",
				"bank_display": "中国民生银行股份有限公司北京西坝河支行"
			},
			{
				"id": 9,
				"customer_tax_rate": 0,
				"account_number": "6232620101611848",
				"account_name": 100,
				"cuid": 0,
				"assign_status": 100,
				"assign_at": 0,
				"effective_time": 0,
				"used_status": 100,
				"operater": "",
				"created_at": "2017-04-15 15:09:00",
				"updated_at": "2017-04-15 15:09:00",
				"assign_at_display": "",
				"effective_time_display": "",
				"assign_status_display": "未分配",
				"used_status_display": "未使用",
				"account_name_display": "北京云中小鸟科技有限公司",
				"bank_display": "中国民生银行股份有限公司北京西坝河支行"
			},
			{
				"id": 10,
				"customer_tax_rate": 0,
				"account_number": "6232620101611855",
				"account_name": 100,
				"cuid": 0,
				"assign_status": 100,
				"assign_at": 0,
				"effective_time": 0,
				"used_status": 100,
				"operater": "",
				"created_at": "2017-04-15 15:09:00",
				"updated_at": "2017-04-15 15:09:00",
				"assign_at_display": "",
				"effective_time_display": "",
				"assign_status_display": "未分配",
				"used_status_display": "未使用",
				"account_name_display": "北京云中小鸟科技有限公司",
				"bank_display": "中国民生银行股份有限公司北京西坝河支行"
			}
		]
	}
}