{
	"is_fengzhuang": 1,
	"bill": {
		"id": 6,
		"cuid": 14,
		"bill_code": 2015006,
		"period": 6,
		"start_date": "2015-11-02",
		"end_date": "2015-11-08",
		"deadline": "2015-11-15",
		"bill_money": 171321,
		"consume_money": 164599,
		"pre_tax_money": 6722,
		"post_tax_money": 0,
		"real_tax_money": 0,
		"compensate_money": 0,
		"bad_debt_money": 0,
		"charge_off_money": 0,
		"adjust_money": 0,
		"adjust_tax_money": 0,
		"repayed_money": 0,
		"pay_status": 1,
		"old_check_status": 0,
		"committed_payment_days": 7,
		"postpone_payment_days": 0,
		"receipt_id": "",
		"check_date": 1489056666,
		"check_deadline": 1447257600,
		"created_at": "2016-08-17 14:24:58",
		"updated_at": "2017-03-09 18:51:06",
		"check_status": 400,
		"receipt_status": 10,
		"last_repay_date": null,
		"tax_rate": "0.000000",
		"repay_status": 100,
		"bill_money_display": "1713.21",
		"bill_money_without_pretax_display": "1645.99",
		"consume_money_display": "1645.99",
		"pre_tax_money_display": "67.22",
		"real_tax_money_display": "0.00",
		"compensate_money_display": "0.00",
		"bad_debt_money_display": "0.00",
		"charge_off_money_display": "10.00",
		"adjust_money_display": "0.00",
		"adjust_tax_money_display": "331.00",
		"repayed_money_display": "0.00",
		"tax_rate_display": "0%",
		"need_repay_money": 171321,
		"need_repay_money_display": "1713.21",
		"check_deadline_display": "2015-11-12",
		"check_date_display": "2017-03-09 18:51:06",
		"total_adjust": 0,
		"bill_date_display": "2015-11-02 至 2015-11-08",
		"check_status_display": "对账完成",
		"repay_status_display": "待回款",
		"receipt_status_display": "待申请开票",
		"delay_status": 300,
		"delay_status_display": "重大事故",
		"customer_info": {
			"customer_id": 14,
			"name": "测试测试",
			"login_name": "测试测试",
			"nick": "测试测试1111111",
			"adcid": 1,
			"city": "北京市",
			"city_id": 1,
			"contact": "1123",
			"mobile": "11011102222",
			"telphones": [
				"function lodash(value) {\n      if (isObjectLike(value) && !isArray(value) && !(value instanceof LazyWrapper)) {\n        if (value instanceof LodashWrapper) {\n          return value;\n        }\n        if (hasOwnProperty.call(value, '__chain__') && hasOwnProperty.call(value, '__wrapped__')) {\n          return wrapperClone(value);\n        }\n      }\n      return new LodashWrapper(value);\n    }"
			],
			"trade_class": {
				"code": 1,
				"desc": "直客"
			},
			"trade_subclass": {
				"code": 6,
				"desc": "BM（品牌商和制造商）"
			},
			"old_trade_class": "O2O",
			"old_trade_subclass": 8,
			"trade_tags": [
				{
					"code": 1,
					"desc": ""
				}
			],
			"trade_tag_other_desc": "",
			"status": {
				"code": 2,
				"desc": "正常"
			},
			"is_frozen": 0,
			"is_individual": 0,
			"is_self_register": 0,
			"gmv_status": {
				"code": 1003,
				"desc": "拒绝服务"
			},
			"enable_gmv_check": {
				"code": 0,
				"desc": "不启动gmv检查"
			},
			"tender_status": {
				"code": 1,
				"desc": "允许招司机"
			},
			"realname_approve": {
				"code": 200,
				"desc": "已认证"
			},
			"once_logged_in_status": {
				"code": 3,
				"desc": "是"
			},
			"customer_source": {
				"code": 100,
				"desc": "待确认"
			},
			"sales_id": 1000090,
			"main_bid_mgr_id": 1000266,
			"quality_mgr": "李雅_北京运作经理",
			"quality_mgr_id": 1000279,
			"is_open_contract": 1,
			"created_at": "2014-11-27 11:24:07",
			"updated_at": "2017-03-10 17:27:54",
			"audit_status": {
				"code": 1,
				"desc": "不需要审核"
			}
		}
	},
	"business_logs": {
		"count": 31,
		"list": [
			{
				"business_id": 14988,
				"cuid": 14,
				"source_type": 110,
				"source_id": 30178,
				"source_user": "",
				"cts": "2015-11-13 03:33:00",
				"money": -18128,
				"memo": "取消司机出车配送完成",
				"log_cts": "2015-11-13 03:33:00",
				"balance": 11184968,
				"created_at": "2015-11-06 09:14:51",
				"updated_at": "2015-11-13 03:33:00",
				"adjust_reason": null,
				"adjust_person": null,
				"has_dispute": 0,
				"status": 100,
				"money_display": "-181.28",
				"balance_display": "111849.68",
				"source_type_name": "取消司机完成时产生的基础运费",
				"created_at_display": "2015-11-06 09:14:51",
				"log_cts_display": "2015-11-13 03:33:00",
				"cts_display": "2015-11-13 03:33:00",
				"has_dispute_display": "否",
				"increase_money_display": "176.00",
				"decrease_money_display": "",
				"status_display": "正常",
				"source_id_explain": "出车记录编号： 30178",
				"source_type_display": "取消出车",
				"trans_event_id": 30178,
				"driver_id": 2000483,
				"trans_task_id": 0,
				"warehouse_id": 414,
				"task_line_name": "测试变更上岗日期"
			},
			{
				"business_id": 14982,
				"cuid": 14,
				"source_type": 110,
				"source_id": 28917,
				"source_user": "",
				"cts": "2015-11-13 03:32:09",
				"money": -18128,
				"memo": "取消司机出车配送完成",
				"log_cts": "2015-11-13 03:32:09",
				"balance": 11155761,
				"created_at": "2015-11-06 06:55:19",
				"updated_at": "2015-11-13 03:32:09",
				"adjust_reason": null,
				"adjust_person": null,
				"has_dispute": 0,
				"status": 100,
				"money_display": "-181.28",
				"balance_display": "111557.61",
				"source_type_name": "取消司机完成时产生的基础运费",
				"created_at_display": "2015-11-06 06:55:19",
				"log_cts_display": "2015-11-13 03:32:09",
				"cts_display": "2015-11-13 03:32:09",
				"has_dispute_display": "否",
				"increase_money_display": "176.00",
				"decrease_money_display": "",
				"status_display": "正常",
				"source_id_explain": "出车记录编号： 28917",
				"source_type_display": "取消出车",
				"trans_event_id": 28917,
				"driver_id": 2000483,
				"trans_task_id": 0,
				"warehouse_id": 414,
				"task_line_name": "测试变更上岗日期"
			},
			{
				"business_id": 14938,
				"cuid": 14,
				"source_type": 110,
				"source_id": 20774,
				"source_user": "",
				"cts": "2015-11-12 10:15:00",
				"money": -18128,
				"memo": "取消司机出车配送完成",
				"log_cts": "2015-11-12 10:15:00",
				"balance": 11155761,
				"created_at": "2015-11-04 13:21:31",
				"updated_at": "2015-11-12 10:15:00",
				"adjust_reason": null,
				"adjust_person": null,
				"has_dispute": 0,
				"status": 100,
				"money_display": "-181.28",
				"balance_display": "111557.61",
				"source_type_name": "取消司机完成时产生的基础运费",
				"created_at_display": "2015-11-04 13:21:31",
				"log_cts_display": "2015-11-12 10:15:00",
				"cts_display": "2015-11-12 10:15:00",
				"has_dispute_display": "否",
				"increase_money_display": "176.00",
				"decrease_money_display": "",
				"status_display": "正常",
				"source_id_explain": "出车记录编号： 20774",
				"source_type_display": "取消出车",
				"trans_event_id": 20774,
				"driver_id": 2000433,
				"trans_task_id": 0,
				"warehouse_id": 506,
				"task_line_name": "选到可用司机－司机违约"
			},
			{
				"business_id": 14936,
				"cuid": 14,
				"source_type": 110,
				"source_id": 20450,
				"source_user": "",
				"cts": "2015-11-12 10:11:52",
				"money": -18128,
				"memo": "取消司机出车配送完成",
				"log_cts": "2015-11-12 10:11:52",
				"balance": 11137633,
				"created_at": "2015-11-04 11:56:47",
				"updated_at": "2015-11-12 10:11:52",
				"adjust_reason": null,
				"adjust_person": null,
				"has_dispute": 0,
				"status": 100,
				"money_display": "-181.28",
				"balance_display": "111376.33",
				"source_type_name": "取消司机完成时产生的基础运费",
				"created_at_display": "2015-11-04 11:56:47",
				"log_cts_display": "2015-11-12 10:11:52",
				"cts_display": "2015-11-12 10:11:52",
				"has_dispute_display": "否",
				"increase_money_display": "176.00",
				"decrease_money_display": "",
				"status_display": "正常",
				"source_id_explain": "出车记录编号： 20450",
				"source_type_display": "取消出车",
				"trans_event_id": 20450,
				"driver_id": 2000433,
				"trans_task_id": 0,
				"warehouse_id": 506,
				"task_line_name": "选到可用司机－司机违约"
			},
			{
				"business_id": 14934,
				"cuid": 14,
				"source_type": 110,
				"source_id": 21464,
				"source_user": "",
				"cts": "2015-11-12 10:10:20",
				"money": -45320,
				"memo": "取消司机出车配送完成",
				"log_cts": "2015-11-12 10:10:20",
				"balance": 11118713,
				"created_at": "2015-11-05 13:31:00",
				"updated_at": "2015-11-12 10:10:20",
				"adjust_reason": null,
				"adjust_person": null,
				"has_dispute": 0,
				"status": 100,
				"money_display": "-453.20",
				"balance_display": "111187.13",
				"source_type_name": "取消司机完成时产生的基础运费",
				"created_at_display": "2015-11-05 13:31:00",
				"log_cts_display": "2015-11-12 10:10:20",
				"cts_display": "2015-11-12 10:10:20",
				"has_dispute_display": "否",
				"increase_money_display": "440.00",
				"decrease_money_display": "",
				"status_display": "正常",
				"source_id_explain": "出车记录编号： 21464",
				"source_type_display": "取消出车",
				"trans_event_id": 21464,
				"driver_id": 2000433,
				"trans_task_id": 0,
				"warehouse_id": 414,
				"task_line_name": "测试限行那天是否有运力"
			},
			{
				"business_id": 14473,
				"cuid": 14,
				"source_type": 110,
				"source_id": 31530,
				"source_user": "",
				"cts": "2015-11-10 02:31:40",
				"money": -63358,
				"memo": "取消司机出车配送完成",
				"log_cts": "2015-11-10 02:31:40",
				"balance": 11630147,
				"created_at": "2015-11-07 09:08:36",
				"updated_at": "2015-11-10 02:31:40",
				"adjust_reason": null,
				"adjust_person": null,
				"has_dispute": 0,
				"status": 100,
				"money_display": "-633.58",
				"balance_display": "116301.47",
				"source_type_name": "取消司机完成时产生的基础运费",
				"created_at_display": "2015-11-07 09:08:36",
				"log_cts_display": "2015-11-10 02:31:40",
				"cts_display": "2015-11-10 02:31:40",
				"has_dispute_display": "否",
				"increase_money_display": "615.12",
				"decrease_money_display": "",
				"status_display": "正常",
				"source_id_explain": "出车记录编号： 31530",
				"source_type_display": "取消出车",
				"trans_event_id": 31530,
				"driver_id": 2001021,
				"trans_task_id": 0,
				"warehouse_id": 414,
				"task_line_name": "测试限号"
			},
			{
				"business_id": 14380,
				"cuid": 14,
				"source_type": 100,
				"source_id": 31530,
				"source_user": "",
				"cts": "2015-11-07 09:08:36",
				"money": 63358,
				"memo": "司机出车配送完成",
				"log_cts": "2015-11-07 09:08:36",
				"balance": 11752078,
				"created_at": "2015-11-07 09:08:36",
				"updated_at": "2015-11-07 09:08:36",
				"adjust_reason": null,
				"adjust_person": null,
				"has_dispute": 0,
				"status": 100,
				"money_display": "633.58",
				"balance_display": "117520.78",
				"source_type_name": "司机完成时产生的基础运费",
				"created_at_display": "2015-11-07 09:08:36",
				"log_cts_display": "2015-11-07 09:08:36",
				"cts_display": "2015-11-07 09:08:36",
				"has_dispute_display": "否",
				"increase_money_display": "",
				"decrease_money_display": "-615.12",
				"status_display": "正常",
				"source_id_explain": "出车记录编号： 31530",
				"source_type_display": "出车",
				"trans_event_id": 31530,
				"driver_id": 2001021,
				"trans_task_id": 0,
				"warehouse_id": 414,
				"task_line_name": "测试限号"
			},
			{
				"business_id": 14327,
				"cuid": 14,
				"source_type": 100,
				"source_id": 30178,
				"source_user": "",
				"cts": "2015-11-06 09:14:51",
				"money": 18128,
				"memo": "司机出车配送完成",
				"log_cts": "2015-11-06 09:14:51",
				"balance": 11814118,
				"created_at": "2015-11-06 09:14:51",
				"updated_at": "2015-11-06 09:14:51",
				"adjust_reason": null,
				"adjust_person": null,
				"has_dispute": 0,
				"status": 100,
				"money_display": "181.28",
				"balance_display": "118141.18",
				"source_type_name": "司机完成时产生的基础运费",
				"created_at_display": "2015-11-06 09:14:51",
				"log_cts_display": "2015-11-06 09:14:51",
				"cts_display": "2015-11-06 09:14:51",
				"has_dispute_display": "否",
				"increase_money_display": "",
				"decrease_money_display": "-176.00",
				"status_display": "正常",
				"source_id_explain": "出车记录编号： 30178",
				"source_type_display": "出车",
				"trans_event_id": 30178,
				"driver_id": 2000483,
				"trans_task_id": 0,
				"warehouse_id": 414,
				"task_line_name": "测试变更上岗日期"
			},
			{
				"business_id": 14263,
				"cuid": 14,
				"source_type": 100,
				"source_id": 28917,
				"source_user": "",
				"cts": "2015-11-06 06:55:20",
				"money": 18128,
				"memo": "司机出车配送完成",
				"log_cts": "2015-11-06 06:55:20",
				"balance": 11832246,
				"created_at": "2015-11-06 06:55:19",
				"updated_at": "2015-11-06 06:55:20",
				"adjust_reason": null,
				"adjust_person": null,
				"has_dispute": 0,
				"status": 100,
				"money_display": "181.28",
				"balance_display": "118322.46",
				"source_type_name": "司机完成时产生的基础运费",
				"created_at_display": "2015-11-06 06:55:19",
				"log_cts_display": "2015-11-06 06:55:20",
				"cts_display": "2015-11-06 06:55:20",
				"has_dispute_display": "否",
				"increase_money_display": "",
				"decrease_money_display": "-176.00",
				"status_display": "正常",
				"source_id_explain": "出车记录编号： 28917",
				"source_type_display": "出车",
				"trans_event_id": 28917,
				"driver_id": 2000483,
				"trans_task_id": 0,
				"warehouse_id": 414,
				"task_line_name": "测试变更上岗日期"
			},
			{
				"business_id": 14253,
				"cuid": 14,
				"source_type": 100,
				"source_id": 26894,
				"source_user": "",
				"cts": "2015-11-06 02:09:01",
				"money": 36256,
				"memo": "司机出车配送完成",
				"log_cts": "2015-11-06 02:09:01",
				"balance": 11791677,
				"created_at": "2015-11-06 02:09:01",
				"updated_at": "2015-11-06 02:09:01",
				"adjust_reason": null,
				"adjust_person": null,
				"has_dispute": 0,
				"status": 100,
				"money_display": "362.56",
				"balance_display": "117916.77",
				"source_type_name": "司机完成时产生的基础运费",
				"created_at_display": "2015-11-06 02:09:01",
				"log_cts_display": "2015-11-06 02:09:01",
				"cts_display": "2015-11-06 02:09:01",
				"has_dispute_display": "否",
				"increase_money_display": "",
				"decrease_money_display": "-352.00",
				"status_display": "正常",
				"source_id_explain": "出车记录编号： 26894",
				"source_type_display": "出车",
				"trans_event_id": 26894,
				"driver_id": 2000432,
				"trans_task_id": 0,
				"warehouse_id": 414,
				"task_line_name": "线路28号"
			}
		],
		"stats": {
			"customer_total": 1713.21,
			"trans_succ": 19,
			"trans_cancel": 12,
			"welfare_times": 0,
			"punish_times": 0,
			"repay_times": 0,
			"total_count": 31,
			"trans_money": "5559.29",
			"cancel_money": "-3846.08",
			"driver_bonus": "0.00",
			"welfare_money": "0.00",
			"punish_money": "0.00",
			"repay_money": "0.00"
		},
		"pagination": {
			"page": 1,
			"per_page": 10,
			"total_pages": 4,
			"total": 31
		}
	},
	"ops_logs": {
		"count": 1,
		"list": [
			{
				"id": 148,
				"bill_id": 6,
				"opt_type": 200,
				"opt_user": "1",
				"affect_cuid": 14,
				"affect_value": 0,
				"need_repay_money": 171321,
				"explain": null,
				"extends": null,
				"audit_status": 0,
				"audit_memo": "",
				"audit_time": null,
				"audit_user": "",
				"created_at": "2017-03-09 18:51:06",
				"updated_at": "2017-03-09 18:51:06",
				"opt_type_display": "核对状态确认",
				"affect_value_display": "0.00",
				"need_repay_money_display": "1713.21",
				"created_at_display": "2017-03-09 18:51:06",
				"audit_status_display": "已提交"
			}
		]
	},
	"business_log_type": [
		{
			"code": 100,
			"name": "出车"
		},
		{
			"code": 1000,
			"name": "福利发放"
		},
		{
			"code": 1200,
			"name": "赔付司机"
		},
		{
			"code": 1400,
			"name": "事故赔付"
		}
	]
}
