{
	"apply_adjust_logs": {
		"count": 3,
		"list": [
			{
				"id": 316,
				"bill_id": 51629,
				"opt_type": 120,
				"opt_user": "测试账户test",
				"affect_cuid": 747,
				"affect_value": 5000,
				"need_repay_money": 0,
				"after_adjust_money": 126420,
				"explain": "第二次销账差异原因",
				"extends": "第二次销账附加说明",
				"audit_status": 200,
				"audit_memo": "确认销账附加说明",
				"audit_time": "2017-03-18 14:36:17",
				"audit_user": "测试账户test",
				"created_at": "2017-03-18 14:33:31",
				"updated_at": "2017-03-18 14:36:17",
				"opt_type_display": "申请销账",
				"affect_value_display": "50.00",
				"need_repay_money_display": "0.00",
				"after_adjust_money_display": "1264.20",
				"created_at_display": "2017-03-18 14:33:31",
				"audit_status_display": "已调整",
				"is_show_button": 1
			},
			{
				"id": 311,
				"bill_id": 51629,
				"opt_type": 120,
				"opt_user": "测试账户test",
				"affect_cuid": 747,
				"affect_value": 10000,
				"need_repay_money": 0,
				"after_adjust_money": 131420,
				"explain": "申请销账差异原因",
				"extends": "申请销账差异原因",
				"audit_status": 200,
				"audit_memo": "确认销账附加说明",
				"audit_time": "2017-03-18 11:41:50",
				"audit_user": "测试账户test",
				"created_at": "2017-03-18 11:02:48",
				"updated_at": "2017-03-18 11:41:50",
				"opt_type_display": "申请销账",
				"affect_value_display": "100.00",
				"need_repay_money_display": "0.00",
				"after_adjust_money_display": "1314.20",
				"created_at_display": "2017-03-18 11:02:48",
				"audit_status_display": "已调整",
				"is_show_button": 0
			},
			{
				"id": 307,
				"bill_id": 51629,
				"opt_type": 130,
				"opt_user": "测试账户test",
				"affect_cuid": 747,
				"affect_value": -1235,
				"need_repay_money": 0,
				"after_adjust_money": 121421,
				"explain": "税费调整差异原因",
				"extends": "税费调整附加说明",
				"audit_status": 200,
				"audit_memo": "确认税费调整附加说明",
				"audit_time": "2017-03-18 10:42:34",
				"audit_user": "测试账户test",
				"created_at": "2017-03-18 10:34:25",
				"updated_at": "2017-03-18 10:42:34",
				"opt_type_display": "申请税费调整",
				"affect_value_display": "-12.35",
				"need_repay_money_display": "0.00",
				"after_adjust_money_display": "1214.21",
				"created_at_display": "2017-03-18 10:34:25",
				"audit_status_display": "已调整",
				"is_show_button": 0
			}
		]
	},
	"adjust_logs": {
		"count": 3,
		"list": [
			{
				"id": 317,
				"bill_id": 51629,
				"opt_type": 500,
				"opt_user": "测试账户test",
				"affect_cuid": 747,
				"affect_value": 5000,
				"need_repay_money": 0,
				"after_adjust_money": 116420,
				"explain": "确认销账附加说明",
				"extends": null,
				"audit_status": 0,
				"audit_memo": "",
				"audit_time": null,
				"audit_user": "",
				"created_at": "2017-03-18 14:36:17",
				"updated_at": "2017-03-18 14:36:17",
				"opt_type_display": "确认销账申请",
				"affect_value_display": "50.00",
				"need_repay_money_display": "0.00",
				"after_adjust_money_display": "1164.20",
				"created_at_display": "2017-03-18 14:36:17",
				"audit_status_display": "已提交"
			},
			{
				"id": 315,
				"bill_id": 51629,
				"opt_type": 500,
				"opt_user": "测试账户test",
				"affect_cuid": 747,
				"affect_value": 10000,
				"need_repay_money": 0,
				"after_adjust_money": 111420,
				"explain": "确认销账附加说明",
				"extends": null,
				"audit_status": 0,
				"audit_memo": "",
				"audit_time": null,
				"audit_user": "",
				"created_at": "2017-03-18 11:41:50",
				"updated_at": "2017-03-18 11:41:50",
				"opt_type_display": "确认销账申请",
				"affect_value_display": "100.00",
				"need_repay_money_display": "0.00",
				"after_adjust_money_display": "1114.20",
				"created_at_display": "2017-03-18 11:41:50",
				"audit_status_display": "已提交"
			},
			{
				"id": 310,
				"bill_id": 51629,
				"opt_type": 510,
				"opt_user": "测试账户test",
				"affect_cuid": 747,
				"affect_value": -1235,
				"need_repay_money": -1235,
				"after_adjust_money": 121420,
				"explain": "确认税费调整附加说明",
				"extends": null,
				"audit_status": 0,
				"audit_memo": "",
				"audit_time": null,
				"audit_user": "",
				"created_at": "2017-03-18 10:42:34",
				"updated_at": "2017-03-18 10:42:34",
				"opt_type_display": "调整税费",
				"affect_value_display": "-12.35",
				"need_repay_money_display": "-12.35",
				"after_adjust_money_display": "1214.20",
				"created_at_display": "2017-03-18 10:42:34",
				"audit_status_display": "已提交"
			}
		]
	},
	"bill": {
		"id": 51629,
		"cuid": 747,
		"bill_code": 2016010,
		"period": 19,
		"start_date": "2016-03-07",
		"end_date": "2016-03-13",
		"deadline": "2016-04-11",
		"bill_money": 116420,
		"consume_money": 110500,
		"pre_tax_money": 12155,
		"post_tax_money": 0,
		"real_tax_money": 0,
		"compensate_money": 0,
		"bad_debt_money": 0,
		"charge_off_money": 5000,
		"adjust_money": 0,
		"adjust_tax_money": -1235,
		"repayed_money": 116420,
		"pay_status": 1,
		"old_check_status": 0,
		"check_status": 300,
		"receipt_status": 0,
		"last_repay_date": "2017-03-18 15:10:04",
		"tax_rate": "0.110000",
		"repay_status": 300,
		"committed_payment_days": 29,
		"postpone_payment_days": 0,
		"receipt_id": "",
		"check_date": 0,
		"check_deadline": 1460044800,
		"created_at": "2016-12-06 10:56:04",
		"updated_at": "2017-03-18 15:09:37",
		"bill_money_display": "1164.20",
		"bill_money_without_pretax_display": "1042.65",
		"consume_money_display": "1105.00",
		"pre_tax_money_display": "121.55",
		"real_tax_money_display": "0.00",
		"compensate_money_display": "0.00",
		"bad_debt_money_display": "0.00",
		"charge_off_money_display": "50.00",
		"adjust_money_display": "0.00",
		"adjust_tax_money_display": "-12.35",
		"repayed_money_display": "1164.20",
		"tax_rate_display": "11%",
		"need_repay_money": 0,
		"need_repay_money_display": "0.00",
		"check_deadline_display": "2016-04-08",
		"check_date_display": "",
		"total_adjust": 37.65,
		"bill_date_display": "2016-03-07 至 2016-03-13",
		"check_status_display": "待FLBP审核",
		"repay_status_display": "已经回款",
		"receipt_status_display": "暂无法开票",
		"delay_status": 0,
		"delay_status_display": "",
		"customer_info": {
			"cuid": 123,
			"name": "customer_name"
		}
	}
}