{
	"operation_log": {
		"id": 149,
		"bill_id": 16193,
		"opt_type": 120,
		"opt_user": "测试账户test",
		"affect_cuid": 13696,
		"affect_value": -100,
		"need_repay_money": 48000,
		"explain": "rbtest16193",
		"extends": "",
		"audit_status": 100,
		"audit_memo": "",
		"audit_time": "2017-03-14 14:42:11",
		"audit_user": "测试账户test",
		"created_at": "2017-03-14 10:09:24",
		"updated_at": "2017-03-14 14:42:11",
		"opt_type_display": "申请销账",
		"affect_value_display": "-1.00",
		"need_repay_money_display": "480.00",
		"created_at_display": "2017-03-14 10:09:24",
		"audit_status_display": "申请被退回"
	},
	"bill": {
		"id": 16193,
		"cuid": 13696,
		"bill_code": 2016006,
		"period": 6,
		"start_date": "2016-07-25",
		"end_date": "2016-07-31",
		"deadline": "2016-08-07",
		"bill_money": 47800,
		"consume_money": 48000,
		"pre_tax_money": 0,
		"post_tax_money": 0,
		"real_tax_money": 0,
		"compensate_money": 0,
		"bad_debt_money": 0,
		"charge_off_money": -200,
		"adjust_money": 0,
		"adjust_tax_money": 0,
		"repayed_money": 0,
		"pay_status": 1,
		"old_check_status": 0,
		"committed_payment_days": 7,
		"postpone_payment_days": 0,
		"receipt_id": "",
		"check_date": 1489486984,
		"check_deadline": 0,
		"created_at": "2017-01-23 15:58:09",
		"updated_at": "2017-03-14 18:23:04",
		"check_status": 400,
		"receipt_status": 20,
		"last_repay_date": null,
		"tax_rate": "0.000000",
		"repay_status": 100,
		"bill_money_display": "478.00",
		"bill_money_without_pretax_display": "478.00",
		"consume_money_display": "480.00",
		"pre_tax_money_display": "0.00",
		"real_tax_money_display": "0.00",
		"compensate_money_display": "0.00",
		"bad_debt_money_display": "0.00",
		"charge_off_money_display": "-2.00",
		"adjust_money_display": "0.00",
		"adjust_tax_money_display": "0.00",
		"repayed_money_display": "0.00",
		"tax_rate_display": "0%",
		"need_repay_money": 47800,
		"need_repay_money_display": "478.00",
		"check_deadline_display": "",
		"check_date_display": "2017-03-14 18:23:04",
		"total_adjust": -2,
		"bill_date_display": "2016-07-25 至 2016-07-31",
		"check_status_display": "对账完成",
		"repay_status_display": "待回款",
		"receipt_status_display": "无需开票",
		"delay_status": 300,
		"delay_status_display": "重大事故",
		"customer_info": {
			"customer_id": 13696,
			"name": "娜娜上海客户007",
			"login_name": "娜娜上海客户007",
			"nick": "娜娜上海客户007",
			"adcid": 2,
			"city": "上海市",
			"city_id": 2,
			"contact": "娜娜上海客户007",
			"mobile": "11012023623",
			"telphones": [],
			"trade_class": {
				"code": 1,
				"desc": "直客"
			},
			"trade_subclass": {
				"code": 3,
				"desc": "O2O"
			},
			"trade_tags": [
				{
					"code": 1200,
					"desc": "生鲜"
				}
			],
			"trade_tag_other_desc": "",
			"status": {
				"code": 2,
				"desc": "正常"
			},
			"is_frozen": 0,
			"is_individual": 0,
			"is_self_register": 0,
			"gmv_status": {
				"code": 2,
				"desc": ""
			},
			"enable_gmv_check": {
				"code": 0,
				"desc": "不启动gmv检查"
			},
			"tender_status": {
				"code": 1,
				"desc": "允许招司机"
			},
			"realname_approve": {
				"code": 300,
				"desc": "未认证"
			},
			"once_logged_in_status": {
				"code": 2,
				"desc": "否"
			},
			"customer_source": {
				"code": 100,
				"desc": "待确认"
			},
			"sales_id": 1000442,
			"main_bid_mgr_id": 1000223,
			"quality_mgr": "娜娜上海运作经理",
			"quality_mgr_id": 1000431,
			"is_open_contract": 1,
			"created_at": "2016-06-21 18:03:45",
			"updated_at": "2017-03-10 17:29:58",
			"audit_status": {
				"code": 1,
				"desc": "不需要审核"
			}
		}
	},
	"is_charge_off": 1,
	"service_rules": [
		{
			"_id": "58c38af51b3971051f34a3e4",
			"srid": 3843,
			"rule_type": 10,
			"num": 111,
			"condition": "22",
			"rule": "11111111111",
			"operator_id": 1000000000,
			"operator_nick": "测试账户test",
			"operator_ip": "172.16.11.5",
			"customer_finance_pay_type": 100,
			"responsibility_type": 100,
			"account_difference_type": 12,
			"remark": "111111111",
			"uts": 1489397650193,
			"cts": 1489210101904,
			"__v": 0,
			"status": 1,
			"rule_gather": [],
			"customer_project_type_display": "自助",
			"customer_finance_pay_type_display": "信用客户",
			"fine_display": "",
			"uts_display": "2017-03-13 17:34:10",
			"cts_display": "2017-03-11 13:28:21",
			"account_difference_type_display": "重大不符",
			"responsibility_type_display": "我方责任",
			"fine_exact_way_display": "",
			"type_display": "",
			"exact": [],
			"id": "58c38af51b3971051f34a3e4"
		},
		{
			"_id": "58c5f982cbc7a8041f2553af",
			"srid": 3844,
			"rule_type": 10,
			"num": 1,
			"condition": "1111111111111",
			"rule": "11",
			"operator_id": 1000000000,
			"operator_nick": "测试账户test",
			"operator_ip": "172.16.41.197",
			"customer_finance_pay_type": 200,
			"responsibility_type": 100,
			"account_difference_type": 5,
			"uts": 1489376304499,
			"cts": 1489369474066,
			"__v": 0,
			"status": 3,
			"rule_gather": [],
			"customer_project_type_display": "自助",
			"customer_finance_pay_type_display": "预充值客户",
			"fine_display": "",
			"uts_display": "2017-03-13 11:38:24",
			"cts_display": "2017-03-13 09:44:34",
			"account_difference_type_display": "遗留账差",
			"responsibility_type_display": "我方责任",
			"fine_exact_way_display": "",
			"type_display": "",
			"exact": [],
			"id": "58c5f982cbc7a8041f2553af"
		},
		{
			"_id": "58c5ff471b3971051f34c3d1",
			"srid": 3845,
			"rule_type": 10,
			"num": 1,
			"condition": "11111111111111111134567890-234567890@#$%^&*()_wertyujkl;dfghjkl;染发膏回家看了",
			"rule": "11111111111111111134567890-234567890@#$%^&*()_wertyujkl;dfghjkl;染发膏回家看了11111111111111111134567890-234567890@#$%^&*()_wertyujkl;dfghjkl;染发膏回家看了11111111111111111134567890-234567890@#$%^&*()_wertyujkl;dfghjkl;染发膏回家看了11111111111111111134567890-234567890@#$%^&*()_wertyujkl;dfghjkl;染发膏回家看了11111111111111111134567890-234567890@#$%^&*()_wertyujkl;dfghjkl;染发膏回家看了",
			"operator_id": 1000000000,
			"operator_nick": "测试账户test",
			"operator_ip": "172.16.41.197",
			"customer_finance_pay_type": 100,
			"responsibility_type": 100,
			"remark": "11111111111111111134567890-234567890@#$%^&*()_wertyujkl;dfghjkl;染发膏回家看了11111111111111111134567890-234567890@#$%^&*()_wertyujkl;dfghjkl;染发膏回家看了11111111111111111134567890-234567890@#$%^&*()_wertyujkl;dfghjkl;染发膏回家看了",
			"uts": 1489371047349,
			"cts": 1489370951226,
			"__v": 0,
			"account_difference_type": 1,
			"status": 1,
			"rule_gather": [],
			"customer_project_type_display": "自助",
			"customer_finance_pay_type_display": "信用客户",
			"fine_display": "",
			"uts_display": "2017-03-13 10:10:47",
			"cts_display": "2017-03-13 10:09:11",
			"account_difference_type_display": "事故类",
			"responsibility_type_display": "我方责任",
			"fine_exact_way_display": "",
			"type_display": "",
			"exact": [],
			"id": "58c5ff471b3971051f34c3d1"
		},
		{
			"_id": "58c60153cbc7a8041f255416",
			"srid": 3846,
			"rule_type": 10,
			"num": 3333,
			"condition": "编辑编辑，场景细则，电饭锅和加可冷发过火加可冷234567890-@#$%^&*(电饭锅和加可冷发过火加可冷234567890-@#$%^&*(电饭锅和加可冷发过火加可冷234567890-@#$%^&*(电饭锅和加可冷发过火加可冷234567890-@#$%^&*(电饭锅和加可冷发过火加可冷234567890-@#$%^&*(电饭锅和加可冷发过火加可冷234567890-@#$%^&*(电饭锅和加可冷发过火加可冷234567890-@#$%^&*(电饭锅和加可冷发过火加可冷234567890-@#$%^&*(电饭锅和加可冷发过火加可冷234567890-@#$%^&*(",
			"rule": "编辑编辑，账差处理规则，电饭锅和加可冷发过火加可冷234567890-@#$%^&*(电饭锅和加可冷发过火加可冷234567890-@#$%^&*(电饭锅和加可冷发过火加可冷234567890-@#$%^&*(电饭锅和加可冷发过火加可冷234567890-@#$%^&*(电饭锅和加可冷发过火加可冷234567890-@#$%^&*(电饭锅和加可冷发过火加可冷234567890-@#$%^&*(电饭锅和加可冷发过火加可冷234567890-@#$%^&*(电饭锅和加可冷发过火加可冷234567890-@#$%^&*(电饭锅和加可冷发过火加可冷234567890-@#$%^&*(账差处理规则，电饭锅和加可冷发过火加可冷234567890-@#$%^&*(电饭锅和加可冷发过火加可冷234567890-@#$%^&*(电饭锅和加可冷发过火加可冷234567890-@#$%^&*(电饭锅和加可冷发过火加可冷234567890-@#$%^&*(电饭锅和加可冷发过火加可冷234567890-@#$%^&*(电饭锅和加可冷发过火加可冷234567890-@#$%^&*(电饭锅和加可冷发过火加可冷234567890-@#$%^&*(电饭锅和加可冷发过火加可冷234567890-@#$%^&*(电饭锅和加可冷发过火加可冷234567890-@#$%^&*(账差处理规则，电饭锅和加可冷发过火加可冷234567890-@#$%^&*(电饭锅和加可冷发过火加可冷234567890-@#$%^&*(电饭锅和加可冷发过火加可冷234567890-@#$%^&*(电饭锅和加可冷发过火加可冷234567890-@#$%^&*(电饭锅和加可冷发过火加可冷234567890-@#$%^&*(电饭锅和加可冷发过火加可冷234567890-@#$%^&*(电饭锅和加可冷发过火加可冷234567890-@#$%^&*(电饭锅和加可冷发过火加可冷234567890-@#$%^&*(电饭锅和加可冷发过火加可冷234567890-@#$%^&*(",
			"operator_id": 1000000000,
			"operator_nick": "测试账户test",
			"operator_ip": "172.16.41.197",
			"customer_finance_pay_type": 100,
			"responsibility_type": 300,
			"uts": 1489398023807,
			"cts": 1489371475453,
			"__v": 0,
			"remark": "编辑编辑，账差处理规则，电饭锅和加可冷发过火加可冷234567890-@#$%^&*(电饭锅和加可冷发过火加可冷234567890-@#$%^&*(电饭锅和加可冷发过火加可冷234567890-@#$%^&*(电饭锅和加可冷发过火加可冷234567890-@#$%^&*(电饭锅和加可冷发过火加可冷234567890-@#$%^&*(电饭锅和加可冷发过火加可冷234567890-@#$%^&*(电饭锅和加可冷发过火加可冷234567890-@#$%^&*(电饭锅和加可冷发过火加可冷234567890-@#$%^&*(电饭锅和加可冷发过火加可冷234567890-@#$%^&*(账差处理规则，电饭锅和加可冷发过火加可冷",
			"account_difference_type": 6,
			"status": 1,
			"rule_gather": [],
			"customer_project_type_display": "自助",
			"customer_finance_pay_type_display": "信用客户",
			"fine_display": "",
			"uts_display": "2017-03-13 17:40:23",
			"cts_display": "2017-03-13 10:17:55",
			"account_difference_type_display": "司机福利",
			"responsibility_type_display": "双方责任",
			"fine_exact_way_display": "",
			"type_display": "",
			"exact": [],
			"id": "58c60153cbc7a8041f255416"
		},
		{
			"_id": "58c602e31b3971051f34c405",
			"srid": 3847,
			"rule_type": 10,
			"num": 666,
			"condition": "111",
			"rule": "11",
			"operator_id": 1000000000,
			"operator_nick": "测试账户test",
			"operator_ip": "172.16.41.212",
			"customer_finance_pay_type": 200,
			"responsibility_type": 200,
			"account_difference_type": 4,
			"uts": 1489371875444,
			"cts": 1489371875444,
			"__v": 0,
			"status": 1,
			"rule_gather": [],
			"customer_project_type_display": "自助",
			"customer_finance_pay_type_display": "预充值客户",
			"fine_display": "",
			"uts_display": "2017-03-13 10:24:35",
			"cts_display": "2017-03-13 10:24:35",
			"account_difference_type_display": "违反合同约定",
			"responsibility_type_display": "他方责任",
			"fine_exact_way_display": "",
			"type_display": "",
			"exact": [],
			"id": "58c602e31b3971051f34c405"
		},
		{
			"_id": "58c60ea11b3971051f34c4ca",
			"srid": 3848,
			"rule_type": 10,
			"num": 3.3333333333333e+28,
			"condition": "33333333333333",
			"rule": "3333333333333",
			"operator_id": 1000000000,
			"operator_nick": "测试账户test",
			"operator_ip": "172.16.41.212",
			"customer_finance_pay_type": 100,
			"responsibility_type": 100,
			"account_difference_type": 3,
			"remark": "333333333333333333",
			"uts": 1489374881650,
			"cts": 1489374881650,
			"__v": 0,
			"status": 1,
			"rule_gather": [],
			"customer_project_type_display": "自助",
			"customer_finance_pay_type_display": "信用客户",
			"fine_display": "",
			"uts_display": "2017-03-13 11:14:41",
			"cts_display": "2017-03-13 11:14:41",
			"account_difference_type_display": "其他类",
			"responsibility_type_display": "我方责任",
			"fine_exact_way_display": "",
			"type_display": "",
			"exact": [],
			"id": "58c60ea11b3971051f34c4ca"
		},
		{
			"_id": "58c6512d51c69a2050effa6c",
			"srid": 3849,
			"rule_type": 10,
			"num": 666666,
			"condition": "6666666666666666",
			"rule": "6666666666666666",
			"operator_id": 1000000000,
			"operator_nick": "测试账户test",
			"operator_ip": "172.16.41.212",
			"customer_finance_pay_type": 200,
			"responsibility_type": 400,
			"account_difference_type": 6,
			"remark": "6666666666666",
			"uts": 1489391917919,
			"cts": 1489391917919,
			"__v": 0,
			"status": 1,
			"rule_gather": [],
			"customer_project_type_display": "自助",
			"customer_finance_pay_type_display": "预充值客户",
			"fine_display": "",
			"uts_display": "2017-03-13 15:58:37",
			"cts_display": "2017-03-13 15:58:37",
			"account_difference_type_display": "司机福利",
			"responsibility_type_display": "责任不明",
			"fine_exact_way_display": "",
			"type_display": "",
			"exact": [],
			"id": "58c6512d51c69a2050effa6c"
		},
		{
			"_id": "58c6675f613b2fa0654a6ed1",
			"srid": 3850,
			"rule_type": 10,
			"num": 2,
			"condition": "挨打的",
			"rule": "千万千万",
			"operator_id": 1000000000,
			"operator_nick": "测试账户test",
			"operator_ip": "172.16.41.197",
			"customer_finance_pay_type": 200,
			"responsibility_type": 300,
			"account_difference_type": 4,
			"remark": "驱蚊器",
			"uts": 1489397599740,
			"cts": 1489397599740,
			"__v": 0,
			"status": 1,
			"rule_gather": [],
			"customer_project_type_display": "自助",
			"customer_finance_pay_type_display": "预充值客户",
			"fine_display": "",
			"uts_display": "2017-03-13 17:33:19",
			"cts_display": "2017-03-13 17:33:19",
			"account_difference_type_display": "违反合同约定",
			"responsibility_type_display": "双方责任",
			"fine_exact_way_display": "",
			"type_display": "",
			"exact": [],
			"id": "58c6675f613b2fa0654a6ed1"
		}
	]
}
