{
	"code": 0,
	"info": {
		"list": [
			{
				"business_id": 19,
				"cuid": 14,
				"source_type": 310,
				"source_id": 30178,
				"source_user": "",
				"cts": "2015-11-13 03:33:00",
				"money": 528,
				"memo": "取消基础运力价格的税费",
				"log_cts": "2015-11-13 03:33:00",
				"balance": 11185496,
				"created_at": "2015-11-06 09:14:51",
				"updated_at": "2015-11-13 03:33:00",
				"adjust_reason": null,
				"adjust_person": null,
				"has_dispute": 0,
				"status": 100,
				"money_display": "5.28",
				"balance_display": "111854.96",
				"source_type_name": "取消基础运力价格的税费",
				"created_at_display": "2015-11-06 09:14:51",
				"log_cts_display": "2015-11-13 03:33:00",
				"cts_display": "2015-11-13 03:33:00",
				"has_dispute_display": "否",
				"increase_money_display": "5.28",
				"decrease_money_display": "",
				"status_display": "正常",
				"source_id_explain": "出车记录编号： 30178"
			}
		],
		"pagination": {
			"page": 1,
			"per_page": 10,
			"total_pages": 5,
			"total": 1
		},
		"stats": {
			"customer_total": 13.21,
			"trans_succ": 19,
			"trans_cancel": 12,
			"welfare_times": 0,
			"punish_times": 0,
			"repay_times": 0,
			"total_count": 31,
			"trans_money": "5559.29",
			"cancel_money": "-386.08",
			"driver_bonus": "0.00",
			"welfare_money": "0789.00",
			"punish_money": "0.00",
			"repay_money": "0.00"
		}
	}
}