{
    "code": 0,
    "info": {
        "enabled": 1,
        "message": "已下发",
        "driver_info": {
            "driver_id": 2005604,
            "driver_bonus_point": 40,
            "ynid": 982,
            "name": "柴倩怡四零",
            "mobile": "12345678940",
            "telphones": [
                "12345678941"
            ],
            "citizenid": "110105196510300071",
            "gender": {
                "code": 1,
                "desc": "男"
            },
            "address": "中关村",
            "longitude": 116.314526,
            "latitude": 39.982338,
            "coord_sys": 0,
            "district_id": 36,
            "city_id": 1,
            "driver_licence": "110105196510300071",
            "cteam_id": 0,
            "avatar": "http://test-yn-static.img-cn-beijing.aliyuncs.com/pic/avatar/2016-11-15/1479201425_959587610.jpg",
            "avatar_s": {
                "origin": "http://test-yn-static.img-cn-beijing.aliyuncs.com/pic/avatar/2016-11-15/1479201425_959587610.jpg",
                "_60_60": "http://test-yn-static.img-cn-beijing.aliyuncs.com/pic/avatar/2016-11-15/1479201425_959587610.jpg@60w_60l_1l",
                "_100_100": "http://test-yn-static.img-cn-beijing.aliyuncs.com/pic/avatar/2016-11-15/1479201425_959587610.jpg@100w_100l_1l",
                "_150_150": "http://test-yn-static.img-cn-beijing.aliyuncs.com/pic/avatar/2016-11-15/1479201425_959587610.jpg@150w_150l_1l"
            },
            "resume_type": {
                "code": 3,
                "desc": "无简历"
            },
            "experience_list": [],
            "car_num": "京A00040",
            "car_reg_date": "2010-06-16",
            "car_type": {
                "code": 1,
                "desc": "小面"
            },
            "in_black": false,
            "citizen_id_approve": {
                "code": 0,
                "desc": "未认证"
            },
            "avatar_approve": {
                "code": 0,
                "desc": "未认证"
            },
            "driver_licence_approve": {
                "code": 0,
                "desc": "未认证"
            },
            "vehicle_licence_approve": {
                "code": 0,
                "desc": "未认证"
            },
            "vehicle_image_approve": {
                "code": 0,
                "desc": "未认证"
            },
            "strong_risk_approve": {
                "code": 0,
                "desc": "未认证"
            },
            "commercial_insurance_approve": {
                "code": 0,
                "desc": "未认证"
            },
            "road_transport_approve": {
                "code": 0,
                "desc": "未认证"
            },
            "pass_certificate_approve": {
                "code": 0,
                "desc": "未认证"
            },
            "road_transport_certificate_approve": {
                "code": 0,
                "desc": "未认证"
            },
            "health_certificate_approve": {
                "code": 0,
                "desc": "未认证"
            },
            "commitment_approve": {
                "code": 0,
                "desc": "未认证"
            },
            "margin_approve": {
                "code": 0,
                "desc": "未认证"
            },
            "train_before_work_approve": {
                "code": 0,
                "desc": "未认证"
            },
            "citizen_group_approve": {
                "code": 0,
                "desc": "未认证"
            },
            "vehicle_group_approve": {
                "code": 0,
                "desc": "未认证"
            },
            "ignore_restrict": true,
            "disable_subsidy_by_checkin": false,
            "status": {
                "code": 1,
                "desc": "可用"
            },
            "online": {
                "code": 2,
                "desc": "离线"
            },
            "dd_id": 1000250,
            "reg_dd": "rel",
            "reg_dd_id": 0,
            "adcid": 1,
            "created_at": "2016-07-02 15:53:58",
            "updated_at": "2017-09-15 17:16:04",
            "info_integrity_st": {
                "code": 200,
                "desc": "是"
            },
            "train_id": "20056048940",
            "is_rescue": {
                "code": 0,
                "desc": "否"
            },
            "is_base_data_complete": 1,
            "is_vehicle_data_complete": 1,
            "tixi": 1,
            "age": 51
        }
    }
}
