{
    "code": 0,
    "info": {
        "list": [
            {
                "is_delete": false,
                "id": 99236,
                "open_task_time": "2017-09-08 10:46:15",
                "customer_tcsp": 0,
                "invoice_tax_rate": 0.06,
                "sop_spp": 0,
                "bid_mgr_id": 1000113,
                "sales_id": 1000196,
                "customer_city_id": 1,
                "adc_id": 1,
                "warehouse_district": "朝阳区",
                "warehouse_city_id": 1,
                "job_process_status": 2000,
                "substatus": 1000,
                "new_status": 1,
                "fcc_id": 0,
                "sop_mgr_id": 0,
                "dd_id": 0,
                "car_team_id": 0,
                "source": 303,
                "select_source": 0,
                "receiving_bid_end_time": "2017-09-08 11:40:00",
                "evaluating_bid_end_time": "2017-09-08 12:40:00",
                "match_type": 100,
                "scene": 100,
                "customer_id": 63,
                "type": 100,
                "car_id": 1,
                "warehouse_id": 2509,
                "line_name": "zx线路测试2",
                "bid_driver_id": 0,
                "onboard_date": "2017-09-08",
                "work_begin_time": "14:38:00",
                "dispatch_end_time": 0,
                "bonus_money": 0,
                "distribution_point_startup_count": 0,
                "driver_id": 0,
                "current_bid_id": 0,
                "task_official_carriage_charge_id": 0,
                "trans_customer_subsidy_percentage": 0,
                "backup_bid_mgr_id": 0,
                "status": 2000,
                "status_display": "司机报价中",
                "type_display": "临时司机",
                "match_type_display": "竞价",
                "substatus_display": "已发布",
                "job_process_status_display": "司机报价中",
                "scene_display": "普通场景",
                "task_basic": {
                    "id": 99236,
                    "version": 2,
                    "customer_id": 63,
                    "type": 100,
                    "status": 1,
                    "substatus": 1000,
                    "open_task_time": "2017-09-08 10:46:15",
                    "created_at": "2017-09-08 10:46:15",
                    "updated_at": "2017-09-08 10:46:15",
                    "task_info": {
                        "warehouse_id": 2509,
                        "line_name": "zx线路测试2",
                        "driver_id": 0,
                        "customer_price": 0,
                        "driver_price": 0,
                        "driver_info": null,
                        "schedule": "FREQ=DAILY;UNTIL=20170909T000000",
                        "work_begin_time": "14:38:00",
                        "time_cost": 3600,
                        "onboard_date": "2017-09-08",
                        "end_date": "2017-09-08",
                        "expected_end_date": "2017-09-08",
                        "is_distribution_point_fixed": 0,
                        "distribution_point_min": 1,
                        "distribution_point_max": 10,
                        "distribution_area": "先在朝阳，然后海淀，之后昌平",
                        "distance_min": 1,
                        "distance_max": 20,
                        "is_back": 0,
                        "scene": 100,
                        "match_type": 100,
                        "is_ignore_restrict": 1,
                        "is_need_receipt": 1,
                        "receipt_type": 30,
                        "receipt_info": {
                            "receipt_express_fee_payer": "10",
                            "receipt_sendee": "接收人",
                            "receipt_address": "收件地址"
                        },
                        "expected_price_min": 0,
                        "expected_price_max": 0,
                        "expected_price_describe": "",
                        "driver_welfare": {
                            "items": [],
                            "other": ""
                        },
                        "comment": "",
                        "cargo_type": "汽车",
                        "cargo_volume_min": 10,
                        "cargo_volume_max": 100,
                        "cargo_weight_min": 1,
                        "cargo_weight_max": 10,
                        "cargo_number_min": 2,
                        "cargo_number_max": 9,
                        "distribution_points": null,
                        "bonus_info": null
                    },
                    "requirement": {
                        "trans_task_id": 99236,
                        "city_id": [
                            1
                        ],
                        "car_type_id": [
                            1
                        ],
                        "deliver_experience": [
                            "100",
                            "101",
                            "102",
                            "103",
                            "104",
                            "105",
                            "106"
                        ],
                        "handling_type": 5,
                        "other_handling_req": "测试轻度搬运",
                        "is_req_xiaogong": 1,
                        "is_with_load": 1,
                        "is_with_unload": 1,
                        "is_with_board": 1,
                        "is_need_clear_seats": 1,
                        "is_need_tuiche": 1,
                        "is_limit_phone": 0,
                        "is_ignore_restrict": 1,
                        "is_need_practice_before_onboard": 0,
                        "traffic_control_rule": "{\"item\":[],\"other\":\"\"}",
                        "driver_req": "，需要配备双灭火器，需要配备明锁/暗锁帮忙拓展业务奖励，报销油费，报销停车费，报销过路费，有加班费，提供饭补，提供住宿，有假期",
                        "other_desc": {
                            "items": [
                                6,
                                5
                            ],
                            "other": ""
                        },
                        "extra": {
                            "evaluating_bid_end_time": "2017-09-08 12:40:00",
                            "receiving_bid_end_time": "2017-09-08 11:40:00"
                        },
                        "dispatch_end_time": null,
                        "created_at": "2017-09-08 10:46:15",
                        "updated_at": "2017-09-08 10:46:15"
                    },
                    "task_scope": null,
                    "task_contract_config": null,
                    "create_task_ip": ""
                },
                "customer_name": "蔬东坡",
                "customer_nick": "蔬东坡标书专用名字",
                "adc_name": "北京管理区",
                "car_type_display": [
                    "小面"
                ],
                "warehouse_info": {
                    "warehouse_id": 2509,
                    "name": "zx测试仓",
                    "customer_id": 63,
                    "region": "朝阳区",
                    "region_desc": "",
                    "city_id": 1,
                    "province_id": 1,
                    "location": "朝阳门外日坛北街33号",
                    "location_memo": "",
                    "mobile": "12345678900",
                    "mobile_privacy": "30ee0161de8758773c98065fb174b4eb",
                    "telphones": [],
                    "contact": "zx",
                    "backup_telphones": [],
                    "backup_names": [],
                    "longitude": 116.450111,
                    "latitude": 39.927669,
                    "coord_sys": 1,
                    "fcc_ids": [],
                    "other_fcc_ids": [],
                    "customer_adcid": 1,
                    "customer_quality_mgr": "",
                    "customer_quality_mgr_id": 1000929,
                    "status": {
                        "code": 1,
                        "desc": "启用"
                    },
                    "memo": "",
                    "created_at": "2017-04-08 10:35:35",
                    "updated_at": "2017-08-28 17:06:56",
                    "warehouse_coord_sys": 1
                },
                "sales_info": {
                    "admin_user_name": null,
                    "admin_user_mobile": null
                },
                "dd_info": {
                    "admin_user_name": null,
                    "admin_user_mobile": null
                },
                "bid_mgr_info": {
                    "admin_user_name": null,
                    "admin_user_mobile": null
                },
                "sop_mgr_info": {
                    "admin_user_name": null,
                    "admin_user_mobile": null
                },
                "driver_info": {
                    "city_id": "",
                    "district_id": "",
                    "dd_id": 0,
                    "driver_avatar": "",
                    "driver_avatar_60": "",
                    "driver_avatar_100": "",
                    "driver_avatar_150": "",
                    "driver_name": "",
                    "mobile": "",
                    "driver_telephones": [],
                    "car_type": [],
                    "status": {
                    	"code": 1,
                    	"desc": "司机状态"
                    }
                },
                "visit_count_info": {
                    "pv": 48,
                    "uv": 16,
                    "task_id": "99236"
                },
                "urge_to_dispatch_log": {
                    "id": 1,
                    "original_task_id": 99235,
                    "original_task_scene": 100,
                    "original_task_scene_display": "原场景",
                    "dispatch_task_id": 99236,
                    "dispatch_driver_price": 2000,
                    "dispatch_customer_price": 2000,
                    "dispatch_end_time": "2017-09-11 12:00:00",
                    "operator_id": 1,
                    "operator_name": "测试",
                    "operation_time": "2017-09-12 15:41:26",
                    "operation_from": 200,
                    "action": "发布抢单",
                    "remark": "原竞价任务无人报价"
                }
            }
        ],
        "count": 1,
        "page": 1,
        "perpage": "10",
        "totalpage": 1
    }
}
