{
    "task_log_list": [
		{
		    "id": 17892,
		    "job_id": 98530,
		    "process_id": 98530,
		    "source_id": 100,
		    "source_type": 200,
		    "match_type": 200,
		    "job_status": 100,
		    "process_status": 1200,
		    "attempts": 1,
		    "max_attempts": 1,
		    "virtual": 0,
		    "driver_id": 0,
		    "driver_price": 0,
		    "customer_price": 0,
		    "operator_id": 100113,
		    "operator_name": "",
		    "operation_time": "2017-09-19 10:14:26",
		    "operation_from": 11010,
		    "action": "action",
		    "remark": "remark",
		    "operation_from_display": "operation_from_display",
		    "gps_stoperator_name": "dd"
		},
		{
		    "id": 17895,
		    "job_id": 98530,
		    "process_id": 98530,
		    "source_id": 100,
		    "source_type": 200,
		    "match_type": 200,
		    "job_status": 100,
		    "process_status": 1200,
		    "attempts": 1,
		    "max_attempts": 1,
		    "virtual": 0,
		    "driver_id": 0,
		    "driver_price": 100,
		    "customer_price": 100,
		    "operator_id": 0,
		    "operator_name": "",
		    "operation_time": "2017-09-19 10:14:34",
		    "operation_from": 0,
		    "action": "下发派单前定价",
		    "remark": ""
		},
		{
		    "id": 17897,
		    "job_id": 98530,
		    "process_id": 98530,
		    "source_id": 100,
		    "source_type": 200,
		    "match_type": 200,
		    "job_status": 400,
		    "process_status": 4220,
		    "attempts": 1,
		    "max_attempts": 1,
		    "virtual": 0,
		    "driver_id": 0,
		    "driver_price": 100,
		    "customer_price": 100,
		    "operator_id": 0,
		    "operator_name": "",
		    "operation_time": "2017-09-19 12:14:02",
		    "operation_from": 0,
		    "action": "自动",
		    "remark": "已到抢单截止时间"
		},
		{
		    "id": 17967,
		    "job_id": 83032,
		    "process_id": 83032,
		    "source_id": 100,
		    "source_type": 100,
		    "match_type": 100,
		    "job_status": 400,
		    "process_status": 4100,
		    "attempts": 1,
		    "max_attempts": 1,
		    "virtual": 0,
		    "driver_id": 0,
		    "driver_price": 0,
		    "customer_price": 0,
		    "operator_id": 0,
		    "operator_name": "",
		    "operation_time": "2017-09-22 15:35:58",
		    "operation_from": 3700,
		    "action": "修改抢单任务价格",
		    "remark": ""
		}
    ]
}
