{
    "code": 0,
    "info": {
    	"enabled": 1,
        "message": "该任务撮合状态(竞价)不符，无法发布任务，请重新查询",
        "task_info": {
	        "id": 99236,
	        "version": 2,
	        "customer_id": 63,
	        "type": 100,
	        "status": 2000,
	        "substatus": 1000,
	        "open_task_time": "2017-09-08 10:46:15",
	        "created_at": "2017-09-08 10:46:15",
	        "updated_at": "2017-09-08 10:46:15",
	        "task_scope": null,
	        "task_contract_config": null,
	        "create_task_ip": "",
	        "customer_tcsp": 0,
	        "invoice_tax_rate": 0.06,
	        "sop_spp": 0,
	        "bid_mgr_id": 1000113,
	        "sales_id": 1000196,
	        "customer_city_id": 1,
	        "adc_id": 1,
	        "warehouse_district": "朝阳区",
	        "warehouse_city_id": 1,
	        "job_process_status": 2000,
	        "new_status": 1,
	        "fcc_id": 0,
	        "sop_mgr_id": 0,
	        "dd_id": 0,
	        "car_team_id": 0,
	        "source": 303,
	        "select_source": 0,
	        "receiving_bid_end_time": "2017-09-08 11:40:00",
	        "evaluating_bid_end_time": "2017-09-08 12:40:00",
	        "match_type": 100,
	        "scene": 100,
	        "car_id": 1,
	        "warehouse_id": 2509,
	        "line_name": "zx线路测试2",
	        "bid_driver_id": 0,
	        "onboard_date": "2017-09-08",
	        "work_begin_time": "14:38",
	        "dispatch_end_time": "2017-09-08 11:40:00",
	        "bonus_money": 0,
	        "distribution_point_startup_count": 0,
	        "driver_id": 0,
	        "current_bid_id": 0,
	        "task_official_carriage_charge_id": 0,
	        "trans_customer_subsidy_percentage": 0,
	        "backup_bid_mgr_id": 0,
	        "status_display": "司机报价中",
	        "project_id": null,
	        "is_del": 0,
	        "schedule": "FREQ=DAILY;UNTIL=20170909T000000",
	        "car_memo": "",
	        "work_end_time": "15:38",
	        "distribution_point_min": 1,
	        "distribution_point_max": 10,
	        "is_distribution_point_fixed": 0,
	        "distribution_area": "先在朝阳，然后海淀，之后昌平",
	        "distribution_direct": "",
	        "distance_min": 1,
	        "distance_max": 20,
	        "is_back": 0,
	        "is_ignore_restrict": 1,
	        "end_date": "2017-09-08",
	        "cargo_type": "汽车",
	        "cargo_volume_min": 10,
	        "cargo_volume_max": 100,
	        "cargo_weight_min": 1,
	        "cargo_weight_max": 10,
	        "is_need_receipt": 1,
	        "receipt_type": 30,
	        "receipt_sendee": "接收人",
	        "receipt_describe": null,
	        "receipt_express_fee_payer": 10,
	        "expected_price_min": 0,
	        "expected_price_max": 0,
	        "expected_price_describe": "",
	        "receipt_contacts": null,
	        "receipt_address": "收件地址",
	        "deliver_experience": "[\"100\",\"101\",\"102\",\"103\",\"104\",\"105\",\"106\"]",
	        "reason": null,
	        "handling_type": "5",
	        "is_req_xiaogong": 1,
	        "is_with_load": 1,
	        "is_with_unload": 1,
	        "is_with_board": 1,
	        "other_handling_req": "测试轻度搬运",
	        "is_need_clear_seats": 1,
	        "is_need_tuiche": 1,
	        "is_limit_phone": 0,
	        "is_need_double_fire_extinguisher": null,
	        "is_need_lock": null,
	        "is_need_practice_before_onboard": 0,
	        "driver_req": "，需要配备双灭火器，需要配备明锁/暗锁帮忙拓展业务奖励，报销油费，报销停车费，报销过路费，有加班费，提供饭补，提供住宿，有假期",
	        "other_desc": "{\"collect_cash_exp\":\"\\u9700\\u8981\",\"collect_money_by_pos_exp\":\"\\u9700\\u8981\"}",
	        "traffic_control_rule": [],
	        "comment": "",
	        "cargo_number_min": 2,
	        "cargo_number_max": 9,
	        "cars_id": [
	            1
	        ],
	        "cities_id": [
	            1
	        ],
	        "distribution_point_count": 0,
	        "bonus_money_display": "0",
	        "type_display": "临时司机",
	        "handling_type_display": "需要搬运",
	        "schedule_display": [
	            1,
	            2,
	            3,
	            4,
	            5,
	            6,
	            7
	        ],
	        "deliver_experience_display": {
	            "100": "生鲜农产品",
	            "101": "食品行业",
	            "102": "快消品",
	            "103": "电子产品",
	            "104": "图书",
	            "105": "服装",
	            "106": "建材"
	        },
	        "other_desc_display": {
	            "collect_cash_exp": "需要",
	            "collect_money_by_pos_exp": "需要"
	        },
	        "expected_price_min_display": 0,
	        "expected_price_max_display": 0,
	        "distribution_points": [],
	        "mathch_one_level_status_display": "司机报价中",
	        "probation_start": "",
	        "probation_end": "",
	        "task_duration_days": 0,
	        "select_driver_time": "",
	        "task_scope.type": null,
	        "task_scope.value": null,
	        "time_cost": 3600,
	        "driver_price": 0,
	        "traffic_control_rule_display": "无要求",
	        "bids": [],
	        "total_bid_count": 0,
	        "latest_bid_id": 0,
	        "latest_bid_source": 0,
	        "have_sop": 0,
	        "sop_rate": 0,
	        "have_sop_display": "无SOP服务",
	        "sop_prejob_dates": 0,
	        "sop_prejob_dates_msg": 0,
	        "have_temp_ctrl": 0,
	        "customer_insurance": {
	            "insurance_type": 100,
	            "charge_type": 30,
	            "insure_way": 100,
	            "customer_price_mode": 200,
	            "customer_mode_number": 600,
	            "min_customer_price": 600,
	            "yn_price_mode": 200,
	            "yn_mode_number": 400,
	            "have_customer_insurance": 1
	        },
	        "is_onboard": 0,
	        "is_advance_choose_driver": 0,
	        "can_advance_evaluating_bid": 1,
	        "advance_evaluating_bid_seconds": 600,
	        "parent_trans_task_id": 0,
	        "min_driver_price": 5000,
	        "max_driver_price": 800000,
	        "modify_bid_max_count": 4,
	        "is_have_bonus": 0,
	        "match_type_display": "竞价",
	        "substatus_display": "已发布",
	        "job_process_status_display": "司机报价中",
	        "scene_display": "普通场景",
	        "receipt_type_display": "快递",
	        "receipt_express_fee_payer_display": "司机",
	        "driver_price_display": 0,
	        "customer_name": "蔬东坡",
	        "customer_nick": "蔬东坡标书专用名字",
	        "warehouse_info": {
	            "warehouse_id": 2509,
	            "name": "zx测试仓",
	            "customer_id": 63,
	            "region": "朝阳区",
	            "region_desc": "",
	            "city_id": 1,
	            "province_id": 1,
	            "location": "朝阳门外日坛北街33号",
	            "location_memo": "",
	            "mobile": "12345678900",
	            "mobile_privacy": "30ee0161de8758773c98065fb174b4eb",
	            "telphones": [],
	            "contact": "zx",
	            "backup_telphones": [],
	            "backup_names": [],
	            "longitude": 116.450111,
	            "latitude": 39.927669,
	            "coord_sys": 1,
	            "fcc_ids": [],
	            "other_fcc_ids": [],
	            "customer_adcid": 1,
	            "customer_quality_mgr": "",
	            "customer_quality_mgr_id": 1000929,
	            "status": {
	                "code": 1,
	                "desc": "启用"
	            },
	            "memo": "",
	            "created_at": "2017-04-08 10:35:35",
	            "updated_at": "2017-08-28 17:06:56",
	            "warehouse_coord_sys": 1,
	            "province_name": "北京市",
	            "city_name": "北京市"
	        },
	        "car_type_display": [
	            "小面"
	        ],
	        "visit_count_uv": 16
	    }
    }
}
