{
    "code": 0,
    "info": {
        "customer_tax_rate": 0.06,
        "customer_sop_rate": 0.18,
        "charge_unit": 100,
        "charge": [
            {
                "id": 401,
                "charge_id": 10,
                "detail_name": "大件1",
                "detail_desc": ">100KG",
                "charge_price": 10000,
                "charge_rate": 0.2,
                "surety_count": 20,
                "surety_amount": 0,
                "charge_price_display": "100.00",
                "surety_amount_display": "0.00",
                "order_center_price": "100",
                "charge_rate_display": "0%"
            },
            {
                "id": 402,
                "charge_id": 10,
                "detail_name": "大件2",
                "detail_desc": ">200KG",
                "charge_price": 20000,
                "charge_rate": 0.5,
                "surety_count": 30,
                "surety_amount": 0,
                "charge_price_display": "200.00",
                "surety_amount_display": "0.00",
                "order_center_price": "100",
                "charge_rate_display": "0%"
            }
        ]
    }
}
