{
    "code": 0,
    "info": {
        "cuid": 4103,
        "report_date": "2017-03-30",
        "customer_tax_rate": 0.10,
        "customer_sop_rate": 0.20 ,
        "charge_unit": 100,
        "balance_status": 200,
        "details": {
            "basic": [
                {
                    "id": 401,
                    "charge_id": 10,
                    "detail_name": "大件1大件",
                    "detail_desc": ">100KG",
                    "charge_price": 10000,
                    "charge_rate": 0,
                    "surety_count": 20,
                    "surety_amount": 0,
                    "charge_price_display": "100.00",
                    "surety_amount_display": "0.00",
                    "order_center_price": "100",
                    "charge_rate_display": "0%",
                    "detail_number": 5
                },
                {
                    "id": 402,
                    "charge_id": 10,
                    "detail_name": "大件2大件",
                    "detail_desc": ">200KG",
                    "charge_price": 20000,
                    "charge_rate": 0,
                    "surety_count": 30,
                    "surety_amount": 0,
                    "charge_price_display": "200.00",
                    "surety_amount_display": "0.00",
                    "order_center_price": "100",
                    "charge_rate_display": "0%",
                    "detail_number": 6
                }
            ],
            "indemnity": -100,
            "other": 200
        },
        "explain": "日报收入调整"
    }
}
