{
	"code": 0,
	"info": {
		"count": 1,
		"list": [
			{
				"id": 93,
				"customer_id": 14160,
				"vas_bonus_rate": 0.1,
				"bid_bonus_rate": 0.1,
				"dd_bonus_rate": 0.1,
				"customer_info": {
					"name": "客户名称",
					"sales": "客户顾问"
				},
				"adc_info": {
					"name": "管理区名称"
				},
				"bu_leader": "bu_leader",
				"bid_mgr_name": "品质经理",
				"vas_mgr": "vas负责人",
				"has_sop_display": "增值服务",
				"project_status_display": "项目状态"
			}
		],
		"perpage": 5,
		"page": 1
	}
}