{
  "code" : 0,
  "msg" : "",
  "info" :
    {
        "page" : 1,
        "perpage" : 20 ,
        "totalCount" : 100,
        "list" : [
            {
                "id" : 11111 ,
                "name" : "张三" ,
                "createdAt" : "2017-03-03 13:30",
                "rewardLine" : "2000",
                "creditLine" : "0"
             },
             {
                "id" : 22222 ,
                "name" : "张三" ,
                "createdAt" : "2017-03-03 13:30",
                "rewardLine" : "2000",
                "creditLine" : "15000"
             },
             {
                "id" : 33333 ,
                "name" : "张三" ,
                "createdAt" : "2017-03-03 13:30",
                "rewardLine" : "0",
                "creditLine" : "15000"
             },
             {
                "id" : 1 ,
                "name" : "张三" ,
                "createdAt" : "2017-03-03 13:30",
                "rewardLine" : "2000",
                "creditLine" : "15000"
             },
             {
                "id" : 1 ,
                "name" : "张三" ,
                "createdAt" : "2017-03-03 13:30",
                "rewardLine" : "0",
                "creditLine" : "15000"
             },
             {
                "id" : 1 ,
                "name" : "张三" ,
                "createdAt" : "2017-03-03 13:30",
                "rewardLine" : "2000",
                "creditLine" : "15000"
             }
        ]
  }
}
