{
    "code": 0,
    "info": {
        "list": [
            {
                "mobile": "11111111111",
                "operation": "删除",
                "created_at": "2017-01-01 09:25:09",
                "username": "李四",
                "info": "其他信息"
            },
            {
                "mobile": "22222222222",
                "operation": "删除",
                "created_at": "2017-01-01 09:25:09",
                "username": "李四",
                "info": "其他信息"
            }
        ],
        "page_count": 4,
        "current": 4,
        "total": 600
    }
    
}
