{
	"code": 0,
	"info": {
		"list": [
			{
				"scene": "预发环境发布",
				"mobile": "11111111111",
				"text": "【测试】,哈哈哈哈哈哈哈哈哈哈哈哈啊",
				"result": "成功",
				"sms_operator": "阿里大鱼",
				"created_at": "2016-11-11",
				"error": ""
			},
			{
				"scene": "预发环境发布",
				"mobile": "22222222222",
				"text": "【测试】,哈哈哈哈哈哈哈哈哈哈哈哈啊",
				"result": "失败",
				"sms_operator": "阿里大鱼",
				"created_at": "2016-11-11",
				"error": "错误了"
			}
		],
		"page_count" : 3,
		"current" : 1,
		"total" : 60
	}
}