{
	"code" : 0,
	"info" : {
		"list" : [
			{
				"id" : 100,
				"mobile" : "11111111111",
				"sms_operator" : "大汉三通",
				"intercept_type" : "operator",
				"intercept_type_display" : "平台拦截",
				"rem" : "平台禁止",
				"created_at" : "2016-11-21"
			},
			{
				"id" : 200,
				"mobile" : "22222222222",
				"sms_operator" : "大汉三通",
				"intercept_type" : "boss",
				"intercept_type_display" : "平台拦截",
				"rem" : "平台禁止",
				"created_at" : "2016-11-21"
			}
		],
		"page_count" : 2,
		"current" : 1
	}
}