{
	"code": 0,
	"info": {
		"list": [
			{
				"mobile": "11111111111",
				"text": "【测试】,哈哈哈哈哈哈哈哈哈哈哈哈啊",
				"created_at": "2016-11-11 22:45:56",
				"result": "成功",
				"sms_operator": "阿里大鱼",
				"err": ""
			},
			{
				"mobile": "22222222222",
				"text": "【测试】,哈哈哈哈哈哈哈哈哈哈哈哈啊",
				"created_at": "2016-11-11 22:45:56",
				"result": "失败",
				"sms_operator": "阿里大鱼",
				"err": "错误了"
			}
		],
		"page_count" : 2,
		"current" : 1
	}
}