{
	"code": 0,
	"msg": "操作成功",
	"info": {
		"pagination": {
			"total": 1,
			"total_pages": 1,
			"per_page": 20,
			"page": 1,
			"pre_page": 1,
			"next_page": 1
		},
		"list": [
			{
				"car_brand": "北汽",
				"car_model":[
					{
						"nctid":1,
						"name":"E231"
					},
					{
						"nctid":2,
						"name":"E232"
					}
				]
			},
			{
				"car_brand": "小众",
				"car_model":[
					{
						"nctid":3,
						"name":"E231"
					},
					{
						"nctid":4,
						"name":"E232"
					}
				]
			}
		]
	}
}
