{
	"car_detail": {
		"id": 100,
		"car_num": "京A1234",
		"adc_name": "华北管理区",
		"adc_id": 2222,
		"city": "北京",
		"city_id": 1,
		"car_type": 1000672,
		"car_type_display": "小面",
		"car_brand":"广汽",
		"car_model": "E231",
		"reg_time": "2017-09-23",
		"driver_licence_level_display": "A1",
		"mileage":200,
		"max_battery_capacity": "35000mA",
		"charge_voltage": "220V",
		"back_up_voltage": "220V",
		"length": "4m",
		"width": "3m",
		"height": "2m",
		"load": "5t",
		"volume": "20m^3"
	},
	"brand_model": [
		{
			"car_brand": "北汽",
			"car_model":[
				{
					"nctid":1,
					"name":"E231"
				},
				{
					"nctid":2,
					"name":"E232"
				}
			]
		},
		{
			"car_brand": "广汽",
			"car_model":[
				{
					"nctid":3,
					"name":"E231"
				},
				{
					"nctid":4,
					"name":"E232"
				}
			]
		}
	]
}
