{
	"code": 0,
	"info": {
		"count": 4,
		"list": [
			{
				"id": 2,
				"name": "上海市",
				"adc_id": 2,
				"province_id": 793,
				"region_id": 794,
				"traffic_limit": 1,
				"enable_driver": 1,
				"enable_warehouse": 1,
				"default_addr": "东方明珠",
				"default_addr_lot": 121.50626,
				"default_addr_lat": 31.245369,
				"coord_sys": 0,
				"created_at": "0000-00-00 00:00:00",
				"updated_at": "0000-00-00 00:00:00",
				"province": {
					"id": 793,
					"code": 310000,
					"name": "上海市",
					"level": 1,
					"province": 310000,
					"city": null
				}
			},
			{
				"id": 15,
				"name": "昆山市",
				"adc_id": 2,
				"province_id": 811,
				"region_id": 858,
				"traffic_limit": 0,
				"enable_driver": 1,
				"enable_warehouse": 1,
				"default_addr": "创业大厦",
				"default_addr_lot": 120.98426,
				"default_addr_lat": 31.389591,
				"coord_sys": 0,
				"created_at": "0000-00-00 00:00:00",
				"updated_at": "0000-00-00 00:00:00",
				"province": {
					"id": 811,
					"code": 320000,
					"name": "江苏省",
					"level": 1,
					"province": 320000,
					"city": null
				}
			},
			{
				"id": 17,
				"name": "嘉兴市",
				"adc_id": 2,
				"province_id": 922,
				"region_id": 961,
				"traffic_limit": 0,
				"enable_driver": 1,
				"enable_warehouse": 1,
				"default_addr": "嘉兴市政府",
				"default_addr_lot": 120.762081,
				"default_addr_lat": 30.752246,
				"coord_sys": 0,
				"created_at": "0000-00-00 00:00:00",
				"updated_at": "0000-00-00 00:00:00",
				"province": {
					"id": 922,
					"code": 330000,
					"name": "浙江省",
					"level": 1,
					"province": 330000,
					"city": null
				}
			},
			{
				"id": 29,
				"name": "宁波市",
				"adc_id": 2,
				"province_id": 922,
				"region_id": 937,
				"traffic_limit": 0,
				"enable_driver": 1,
				"enable_warehouse": 1,
				"default_addr": "宁波市人民政府",
				"default_addr_lot": 121.630851,
				"default_addr_lat": 29.86571,
				"coord_sys": 0,
				"created_at": "0000-00-00 00:00:00",
				"updated_at": "0000-00-00 00:00:00",
				"province": {
					"id": 922,
					"code": 330000,
					"name": "浙江省",
					"level": 1,
					"province": 330000,
					"city": null
				}
			}
		],
		"perpage": 20,
		"page": 1
	}
}
