{
	"code": 0,
	"msg": "操作成功",
	"info": {
		"pagination": {
			"total": 1,
			"total_pages": 1,
			"per_page": 20,
			"page": 1,
			"pre_page": 1,
			"next_page": 1
		},
		"list": [
			{
				"driver_id": 2000310,
				"name": "雅北京1",
				"dd_id": 1000719,
				"dd_name": "拓展",
				"adcid": 2,
				"adc_name": "3333",
				"citizen_group_approve": {
					"code": 0,
					"desc": "未认证"
				},
				"car_num": "京Q8NK43",
				"car_type": {
					"code": 2,
					"desc": "平顶金杯"
				},
				"gender": {
					"code": 2,
					"desc": "女"
				},
				"driver_licence_level":{
					"code":1,
					"desc":"A1"
				},
				"is_sign_energy_vehicle": 1,
				"city_id": 1,
				"district_id": 36
			}
		]
	}
}
