{
	"code": 0,
	"info": {
		"pagination": {
		            "total": 14,
		            "total_pages": 5,
		            "per_page": 5,
		            "page": 1
		        },
        "list":[
            {
                "id":1,
                "cuid":147,
                "name":"云鸟",
                "pt_display":"自助",
                "score_aptitude":36,
                "score_operation":42,
                "score":78,
                "rank":128,
               	"star":1,
                "created_at":"2017-01-01 01:01:01",
                "updated_at":"2017-01-01 02:02:02"
            }  
       ]
	}
}