{
    "code": 0,
    "info": {
        "count": 10,
        "list": [
            {
                "id" : 1,
                "name" : "企业性质",
                "base_type" : "基本信息",
                "secondary_type" : "资质类",
                "rate_role" : "FLBP",
                "desc" : "企业性质",
                "compute_base" : "标记",
                "active_type" : "定期计算生效",
                "compute_time" : "创建",
                "validity" : "周期",
                "affect_scale" : "加项目",
                "score" : 5,
                "weight" : 1,
                "status" : 100,
                "status_display" : "生效",
                "version" : 20170103021923,
                "algorithm" : "",
                "detail_count" : 3,
                "created_at" : "2016-10-01 10:00:00",
                "updated_at" : "2016-10-01 10:00:00"
            },
            {
                "id" : 2,
                "name" : "企业性质",
                "base_type" : "基本信息",
                "secondary_type" : "资质类",
                "rate_role" : "FLBP",
                "desc" : "企业性质",
                "compute_base" : "标记",
                "active_type" : "定期计算生效",
                "compute_time" : "创建",
                "validity" : "周期",
                "affect_scale" : "加项目",
                "score" : 5,
                "weight" : 1,
                "status" : 100,
                "status_display" : "生效",
                "version" : 20170103021923,
                "algorithm" : "",
                "detail_count" : 3,
                "created_at" : "2016-10-01 10:00:00",
                "updated_at" : "2016-10-01 10:00:00"
            }
        ]
    }
}
