{
  "code":0,
  "data":
    {
      "id":1,
      "cuid":147,
      "name":"云中鸟",
      "score_aptitude":36,
      "score_operation":42,
      "score":78,
      "star":1,
      "start_display":"希尔顿酒店",
      "credit_limit":50000,
      "debt_money":40000,
      "avaiable_limit":10000,
      "evaluation_version":2017001,
      "feature_version":"01801070879",
      "created_at":"2017-01-01 01:01:01",
      "updated_at":"2017-01-01 02:02:02",
      "re_evaluation_url":"/new/api/rating/evaluation/re_evaluation?cuid=147"
    }
}
