{
	"code": 0,
	"info": [
		{
			"value": 164,
			"display": "Shiyang111",
			"class_name": "",
			"data": {
				"customer_id": 164,
				"name": "Shiyang111",
				"company_name": "23132",
				"adcid": 1
			}
		},
		{
			"value": 4055,
			"display": "shiyang1",
			"class_name": "",
			"data": {
				"customer_id": 4055,
				"name": "shiyang1",
				"company_name": "公司全称（托运人）测试",
				"adcid": 1
			}
		},
		{
			"value": 147,
			"display": "shiyang123",
			"class_name": "",
			"data": {
				"customer_id": 147,
				"name": "shiyang123",
				"company_name": "测试sales_leader权限",
				"adcid": 1
			}
		}
	]
}
