{
	"code": 0,
	"info": [
		{
			"after_desc": "已邀约",
			"date_display": "2016-11-05"
		},
		{
			"after_desc": "已约",
			"date_display": "2016-11-06"
		},
		{
			"after_desc": "邀约",
			"date_display": "2016-11-07"
		},
		{
			"after_desc": "约",
			"date_display": "2016-11-08"
		},
		{
			"after_desc": "已邀约",
			"date_display": "2016-11-05"
		},
		{
			"after_desc": "已约",
			"date_display": "2016-11-06"
		},
		{
			"after_desc": "邀约",
			"date_display": "2016-11-07"
		},
		{
			"after_desc": "约",
			"date_display": "2016-11-08"
		},
		{
			"after_desc": "已邀约",
			"date_display": "2016-11-05"
		},
		{
			"after_desc": "已约",
			"date_display": "2016-11-06"
		},
		{
			"after_desc": "邀约",
			"date_display": "2016-11-07"
		}
	]
}