{
	"have_invited": {
		"code": 50,
		"desc": "已邀约"
	},
	"preliminary_test_miss": {
		"code": 100,
		"desc": "初试未到面"
	},
	"preliminary_test_come": {
		"code": 150,
		"desc": "初试已到面"
	},
	"preliminary_test_fail": {
		"code": 200,
		"desc": "初试未通过"
	},
	"preliminary_test_pass": {
		"code": 250,
		"desc": "初试已通过"
	},
	"retest_miss": {
		"code": 300,
		"desc": "复试未到面"
	},
	"retest_come": {
		"code": 350,
		"desc": "复试已到面"
	},
	"retest_fail": {
		"code": 400,
		"desc": "复试未通过"
	},
	"retest_pass": {
		"code": 450,
		"desc": "复试已通过"
	},
	"approach_visit_miss": {
		"code": 500,
		"desc": "进场参观未到面"
	},
	"approach_visit_come": {
		"code": 550,
		"desc": "进场参观已到面"
	},
	"approach_visit_fail": {
		"code": 600,
		"desc": "进场参观未通过"
	},
	"approach_visit_pass": {
		"code": 700,
		"desc": "进场参观已通过"
	}
}