[
	{
		"interview_map_id": 1,
		"fcc_id": 324,
		"fcc_name": "梵蒂冈",
		"status": 1,
		"remark": "发个梵蒂冈",
		"created_at": "2016-10-10 12:12:12",
		"enable_status": [
			{
				"code": 50,
				"desc": "已邀约"
			},
			{
				"code": 100,
				"desc": "初试未到面"
			},
			{
				"code": 150,
				"desc": "初试已到面"
			}
		]
	},
	{
		"interview_map_id": 2,
		"fcc_id": 324,
		"fcc_name": "梵蒂冈",
		"status": 2,
		"remark": "发个梵蒂冈",
		"created_at": "2016-10-10 12:12:12",
		"enable_status": [
			{
				"code": 50,
				"desc": "已邀约"
			},
			{
				"code": 100,
				"desc": "初试未到面"
			},
			{
				"code": 150,
				"desc": "初试已到面"
			}
		]
	},
	{
		"interview_map_id": 3,
		"fcc_id": 324,
		"fcc_name": "梵蒂冈",
		"status": 3,
		"remark": "发个梵蒂冈",
		"created_at": "2016-10-10 12:12:12",
		"enable_status": [
			{
				"code": 50,
				"desc": "已邀约"
			},
			{
				"code": 100,
				"desc": "初试未到面"
			},
			{
				"code": 150,
				"desc": "初试已到面"
			}
		]
	}
]