{
	"code": 0,
	"info": {
		"invitation_number_total":30,
		"adcids": [1,2,3,4],
		"pagination": {
			"total": 14,
			"total_pages": 5,
			"per_page": 5,
			"page": 1
		},
		"list": [
			{
				"interview_id": 6,
				"customer_name": "诗杨123",
				"warehouse_name": "测试仓库",
				"adc_name": "北京管理区",
				"city_name": "北京",
				"sales_name": "顾问名字",
				"quality_mgr_name": "运作经理",
				"invitation_number": 10,
				"status_display": "面试中",
				"creator_name": "测试账户",
				"created_at": "2016-11-14 16:18:29"
			},
			{
				"interview_id": 7,
				"customer_name": "诗杨123",
				"warehouse_name": "测试仓库",
				"adc_name": "北京管理区",
				"city_name": "北京",
				"sales_name": "顾问名字",
				"quality_mgr_name": "运作经理",
				"invitation_number": 10,
				"status_display": "面试中",
				"creator_name": "测试账户",
				"created_at": "2016-11-14 16:18:29"
			}
		]
	}
}
