{
  "data": {
    "audit_status_config": [
      {
        "code": 3,
        "desc": "审核通过"
      },
      {
        "code": 4,
        "desc": "审核未通过"
      }
    ],
    "audit_not_through_reason": {
      "info_not_complete": {
        "code": 1,
        "desc": "资料不全"
      },
      "info_error": {
        "code": 2,
        "desc": "资料错误"
      },
      "conflict_customer": {
        "code": 3,
        "desc": "与已有客户冲突"
      },
      "other": {
        "code": 100,
        "desc": "其他"
      }
    },
    "customer": {
      "customer_id": 14188,
      "name": "客户姓名99123",
      "login_name": "99123",
      "nick": "客户姓名99123",
      "adcid": 1,
      "crm_id": 0,
      "vehicles_times": 0,
      "city": "",
      "city_id": 1,
      "contact": "99123",
      "mobile": "15110162522",
      "telphones": [],
      "trade_class": {
        "code": 1,
        "desc": "直客"
      },
      "trade_subclass": {
        "code": 2,
        "desc": "B2C"
      },
      "trade_tags": [],
      "trade_tag_other_desc": "",
      "subsidy_id": 0,
      "status": {
        "code": 2,
        "desc": "正常"
      },
      "is_frozen": 0,
      "is_individual": 0,
      "is_self_register": 0,
      "gmv_status": {
        "code": 1000,
        "desc": "正常"
      },
      "enable_gmv_check": {
        "code": 0,
        "desc": "不启动gmv检查"
      },
      "tender_status": {
        "code": 2,
        "desc": "禁止招司机"
      },
      "realname_approve": {
        "code": 300,
        "desc": "未认证"
      },
      "once_logged_in_status": {
        "code": 2,
        "desc": "否"
      },
      "customer_source": {
        "code": 100,
        "desc": "待确认"
      },
      "creater": "北京王澍",
      "sales_id": 1000103,
      "main_bid_mgr_id": 1000090,
      "quality_mgr": "",
      "quality_mgr_id": 1000089,
      "project_operation_mgr_id": 1000089,
      "is_first_contract": 1,
      "read_novice_guide": 0,
      "read_accident_setting": 0,
      "is_read_help": 0,
      "enter_subaccount_manage": 0,
      "read_operation_data_setting": 0,
      "read_choice_driver_guide": 0,
      "is_open_contract": 1,
      "created_at": "2017-09-11 11:11:00",
      "updated_at": "2017-09-15 03:00:16",
      "audit_status": {
        "code": 2,
        "desc": "待审核"
      },
      "visiting_card_image": "",
      "audit_feedbacker": "",
      "audit_feedbacker_mobile": "",
      "audit_feedback": "",
      "assign_status": 0,
      "cargo_type": {
        "code": 200,
        "desc": "水果"
      },
      "consignee_type": {
        "code": 1,
        "desc": "仓库"
      },
      "office_address": "1111"
    },
    "recent_log": []
  }
}
