{
    "customer": {
        "customer_id": 132,
        "name": "测试",
        "office_address": "测试地址",
        "contact": "管理员姓名",
        "mobile": "管理员手机号",
        "telphones": "联系电话",
        "account":{
            "finance_broker_name": "财务对接人姓名",
            "finance_broker_mobile": "财务对接人电话",
            "business_manager_name": "业务负责人姓名",
            "business_manager_mobile": "业务负责人电话"
        },
        "visiting_card_image": "" 
    },
    "company":{
        "name": "小米",
        "bussiness_license": "注册代码",
        "address": "公司地址",
        "contact_name": "公司联系人姓名",
        "contact_telephone": "公司电话",
        "business_license_image": ""
    },
    "business_info":{
        "name":"名字",
        "credit_code":"测试1",
        "econ_kind":"测试2",
        "start_date":"测试3",
        "status":"测试4",
        "terms_tart":"测试5",
        "terms_end":"测试6",
        "regist_capi":"测试7",
        "oper_name":"测试8",
        "address":"测试9",
        "phone":"测试10",
        "email":"测试11"
    }
  }
  