{
  "view": "contract",
  "customer_id": 131,
  "contract_id": "01234",
  "contract_archived": 1,
  "settlement_method": {
      "code": 2,
      "desc": "半月结"
  },
  "committed_payment_days": 7,
  "contract_desc": "1111111111111111111111",
  "finance_pay_type": {
      "code": 100,
      "desc": "信用客户"
  },
  "permission": {
      "contract_editable": false,
      "message_showable": true,
      "package_showable": true,
      "welfare_showable": true,
      "subsidy_showable": true,
      "credit_showable": true,
      "invoice_showable": true,
      "contract_showable": true,
      "lanshou_showable": true,
      "open_contract_showable": true,
      "crm_showable": true,
      "bill_showable": true,
      "base_showable": true,
      "insurance_showable": true,
      "pod_showable": true,
      "sop_showable": true,
      "temp_ctrl_showable": true
  },
  "contract_start_date" : "2017-02-01",
  "contract_end_date" : "2017-03-09",
  "settlement_start_date" : "2",
  "settlement_end_date" : "1",
  "contract_file_date" :"2017-02-14",
  "is_our_template" : "",
  "is_frozen" : 0,
  "config":{
    "finance_pay_type": [
      {
        "id":100,
        "name":"信用客户",
        "selected":1
      },
      {
        "id":200,
        "name":"预充值客户",
        "selected":0
      }
    ],
    "settlement_method":[
      {
        "id":0,
        "name":"未选择",
        "selected":0
      },
      {
        "id":1,
        "name":"周结",
        "selected":1
      },
      {
        "id":4,
        "name":"指定日期范围",
        "selected":0
      }
    ]
  }
}
