{
    "tpl": "customer/credit.tpl",
    "data": {
        "view": "credit",
        "customer": {
            "customer_id": 147,
            "trade_class": {
                "code": 1,
                "desc": "直客"
            },
            "trade_subclass": {
                "code": 4,
                "desc": "CS（连锁商业）"
            },
            "credit": {
                "cuid": 147,
                "company_nature": 1000,
                "company_regdate": null,
                "endorsement": 1,
                "negative_news": 0,
                "negative_news_time": null,
                "created_at": "2017-02-17 17:12:06",
                "updated_at": "2017-02-17 17:17:27",
                "company_nature_display": "其他",
                "endorsement_display": "高管担保",
                "negative_news_display": "有",
                "negative_news_date":"2017-02-28"
            }
        },
        "permission": {
            "credit_editable": true,
            "message_showable": true
        },
        "config": {
            "credit": {
                "customer_company_nature": {
                    "zhike":{
                        "code": 1,
                        "name": "直客",
                        "sub": [
                             {
                                  "code": 1000,
                                  "name": "其他"
                            },
                            {
                                  "code": 1000,
                                  "name": "直男1"
                            },
                            {
                                  "code": 1000,
                                  "name": "直男2"
                            }
                        ]
                    },
                    "partner":{
                        "code": 2,
                        "name": "SCS",
                        "sub": [
                            {
                                "code": 2000,
                                "name": "其他"
                            },
                            {
                                "code": 2001,
                                "name": "上市公司"
                            },
                            {
                                "code": 2002,
                                "name": "大公司"
                            }
                        ]
                    }
                },
                "endorsement": [
                    {
                        "code": 0,
                        "name": "无担保"
                    },
                    {
                        "code": 1,
                        "name": "有担保"
                    },
                    {
                        "code":3,
                        "name":"高管担保"
                    }
                ],
                "negative_news": [
                    {
                        "code": 0,
                        "name": "有"
                    },
                    {
                        "code": 1,
                        "name": "无"
                    }
                ]
            }
        }
    }
}
