{
	"permission": {
		"export_enable": true,
		"batch_distribute_enable": true,
		"add_enable": true,
		"business_log_showable": true,
		"tcsp_showable": true,
		"grant_login_showable": true,
		"addition_max_setting_showable": true,
		"trade_tags_setting_showable": true
	},
	"config": {
		"city": [
			{
				"id": 1,
				"name": "北京市"
			},
			{
				"id": 2,
				"name": "上海市"
			},
			{
				"id": 3,
				"name": "广州市"
			},
			{
				"id": 4,
				"name": "深圳市"
			},
			{
				"id": 5,
				"name": "哥谭市"
			},
			{
				"id": 6,
				"name": "天津市"
			},
			{
				"id": 7,
				"name": "南京市"
			},
			{
				"id": 8,
				"name": "杭州市"
			},
			{
				"id": 9,
				"name": "东莞市"
			},
			{
				"id": 10,
				"name": "佛山市"
			},
			{
				"id": 11,
				"name": "成都市"
			},
			{
				"id": 12,
				"name": "苏州市"
			},
			{
				"id": 13,
				"name": "无锡市"
			},
			{
				"id": 14,
				"name": "常州市"
			},
			{
				"id": 15,
				"name": "昆山市"
			},
			{
				"id": 16,
				"name": "武汉市"
			},
			{
				"id": 17,
				"name": "嘉兴市"
			},
			{
				"id": 18,
				"name": "青岛市"
			},
			{
				"id": 19,
				"name": "芜湖市"
			},
			{
				"id": 20,
				"name": "合肥市"
			},
			{
				"id": 21,
				"name": "石家庄市"
			},
			{
				"id": 22,
				"name": "廊坊市"
			},
			{
				"id": 23,
				"name": "保定市"
			},
			{
				"id": 24,
				"name": "盐城市"
			},
			{
				"id": 25,
				"name": "郑州市"
			},
			{
				"id": 26,
				"name": "沧州市"
			},
			{
				"id": 27,
				"name": "南通市"
			},
			{
				"id": 28,
				"name": "淮安市"
			},
			{
				"id": 29,
				"name": "宁波市"
			},
			{
				"id": 30,
				"name": "鄂州市"
			},
			{
				"id": 32,
				"name": "黄石市"
			},
			{
				"id": 33,
				"name": "宜昌市"
			},
			{
				"id": 34,
				"name": "襄阳市"
			},
			{
				"id": 35,
				"name": "仙桃市"
			},
			{
				"id": 36,
				"name": "唐山市"
			},
			{
				"id": 37,
				"name": "孝感市"
			},
			{
				"id": 38,
				"name": "荆州市"
			},
			{
				"id": 39,
				"name": "荆门市"
			},
			{
				"id": 40,
				"name": "咸宁市"
			},
			{
				"id": 41,
				"name": "随州市"
			},
			{
				"id": 42,
				"name": "承德市"
			},
			{
				"id": 43,
				"name": "张家口市"
			},
			{
				"id": 44,
				"name": "秦皇岛市"
			},
			{
				"id": 45,
				"name": "六安市"
			},
			{
				"id": 46,
				"name": "湖州市"
			},
			{
				"id": 47,
				"name": "太原市"
			},
			{
				"id": 48,
				"name": "丽江市"
			},
			{
				"id": 49,
				"name": "鞍山市"
			},
			{
				"id": 50,
				"name": "济南市"
			},
			{
				"id": 51,
				"name": "克孜勒苏柯尔克孜自治州"
			},
			{
				"id": 52,
				"name": "台北市"
			},
			{
				"id": 53,
				"name": "莆田市"
			},
			{
				"id": 54,
				"name": "呼和浩特市"
			},
			{
				"id": 55,
				"name": "包头市"
			},
			{
				"id": 56,
				"name": "宿迁市"
			},
			{
				"id": 57,
				"name": "景德镇市"
			},
			{
				"id": 58,
				"name": "上饶市"
			},
			{
				"id": 59,
				"name": "吕梁市"
			},
			{
				"id": 60,
				"name": "海北藏族自治州"
			},
			{
				"id": 61,
				"name": "乌海市"
			},
			{
				"id": 62,
				"name": "临汾市"
			},
			{
				"id": 63,
				"name": "日喀则市"
			},
			{
				"id": 64,
				"name": "齐齐哈尔市"
			},
			{
				"id": 65,
				"name": "济源市"
			},
			{
				"id": 66,
				"name": "中山市"
			},
			{
				"id": 67,
				"name": "昆明市"
			},
			{
				"id": 68,
				"name": "丽水市"
			},
			{
				"id": 69,
				"name": "安庆市"
			}
		],
		"finance_pay_type": [
			{
				"id": 100,
				"name": "信用客户"
			},
			{
				"id": 200,
				"name": "预充值客户"
			}
		],
		"project_type": [
			{
				"id": 1,
				"name": "封装"
			},
			{
				"id": 2,
				"name": "自助"
			}
		],
		"project_status": [
			{
				"id": 1,
				"name": "未开跑"
			},
			{
				"id": 2,
				"name": "已开跑"
			},
			{
				"id": 3,
				"name": "停止"
			}
		],
		"trade_class": [
			{
				"id": 1,
				"name": "直客",
				"selected": 0,
				"sub": [
					{
						"id": 1,
						"name": "B2B",
						"selected": 0
					},
					{
						"id": 2,
						"name": "B2C",
						"selected": 0
					},
					{
						"id": 3,
						"name": "O2O",
						"selected": 0
					},
					{
						"id": 4,
						"name": "CS（连锁商业）",
						"selected": 0
					},
					{
						"id": 6,
						"name": "BM（品牌商和制造商）",
						"selected": 0
					},
					{
						"id": 7,
						"name": "RS（零售供应商、大批发商等）",
						"selected": 0
					}
				]
			},
			{
				"id": 2,
				"name": "SCS",
				"selected": 0,
				"sub": [
					{
						"id": 1,
						"name": "TC（快运，零担）",
						"selected": 0
					},
					{
						"id": 2,
						"name": "LDP（落地配）",
						"selected": 0
					},
					{
						"id": 3,
						"name": "SCM（第三方物流管理）",
						"selected": 0
					},
					{
						"id": 204,
						"name": "LLP（领先型供应链管理）",
						"selected": 0
					},
					{
						"id": 205,
						"name": "Express（快递）",
						"selected": 0
					}
				]
			}
		],
		"cargo_type": [
			{
				"id": 100,
				"name": "食材"
			},
			{
				"id": 200,
				"name": "水果"
			},
			{
				"id": 300,
				"name": "方便食品"
			},
			{
				"id": 400,
				"name": "团餐外卖"
			},
			{
				"id": 500,
				"name": "酒水饮料"
			},
			{
				"id": 600,
				"name": "建材"
			},
			{
				"id": 700,
				"name": "汽配"
			},
			{
				"id": 800,
				"name": "家电"
			},
			{
				"id": 900,
				"name": "日化"
			},
			{
				"id": 1000,
				"name": "家具"
			},
			{
				"id": 1100,
				"name": "鲜花蛋糕"
			},
			{
				"id": 1200,
				"name": "3C数码"
			},
			{
				"id": 1300,
				"name": "洗涤"
			},
			{
				"id": 1400,
				"name": "印刷品"
			},
			{
				"id": 1500,
				"name": "服饰鞋帽"
			},
			{
				"id": 1600,
				"name": "医药保健"
			},
			{
				"id": 1700,
				"name": "包装"
			},
			{
				"id": 1800,
				"name": "母婴"
			},
			{
				"id": 1900,
				"name": "五金"
			},
			{
				"id": 2000,
				"name": "自行车"
			},
			{
				"id": 2100,
				"name": "大包裹/仪器"
			},
			{
				"id": 9000,
				"name": "其它"
			}
		],
		"consignee_type": [
			{
				"id": 1,
				"name": "仓库"
			},
			{
				"id": 2,
				"name": "门店"
			},
			{
				"id": 3,
				"name": "宅配"
			},
			{
				"id": 4,
				"name": "指定位置"
			}
		],
		"customer_source": [
			{
				"id": 100,
				"name": "待确认",
				"selected": 0
			},
			{
				"id": 200,
				"name": "顾问自拓",
				"selected": 0
			},
			{
				"id": 300,
				"name": "全国甩尾",
				"selected": 0
			},
			{
				"id": 400,
				"name": "市场线索",
				"selected": 0
			},
			{
				"id": 500,
				"name": "拍档线索",
				"selected": 0
			},
			{
				"id": 600,
				"name": "400电话",
				"selected": 0
			},
			{
				"id": 700,
				"name": "渠道自拓",
				"selected": 0
			}
		]
	}
}

