{
	"code": 0,
	"info": {
		"table_list": [
			{
				"customer_id": 14091,
				"name": "鲁班大师",
				"crm_id": 0,
				"city": "北京市",
				"contact": "鲁班大师",
				"creater": "Admin",
				"is_open_contract": 1,
				"assign_status": "否",
				"company_name": "多福多寿大公司",
				"company_id": 2777,
				"running_task_count": 0,
				"addition_max_limit": 3,
				"adc_name": "北京管理区",
				"sales_nick": "王雪客服经理",
				"quality_mgr_nick": "王雪-谁在删除打短腿",
				"main_bid_mgr_nick": "王重阳6",
				"invoice_tax_rate_display": "无",
				"vass_display": "无增值服务",
				"tcsp_display": "0%",
				"contract_party_display": "驿路星辰（北京）科技有限公司",
				"created_at_display": "2017-04-27",
				"is_auto_receive_bill_display": "否",
				"is_have_cargo_insurance_display": "否",
				"is_self_register_display": "否",
				"contract_archived_display": "否",
				"is_frozen_display": "否",
				"is_need_invoice_display": "否",
				"temp_ctrl_enabled_display": "未开通",
				"once_logged_in_st_display": "是",
				"is_bonus_charged_display": "否",
				"customer_source_desc": "待确认",
				"finance_pay_type_desc": "信用客户",
				"trade_class_desc": "直客",
				"trade_subclass_desc": "B2B",
				"project_type_desc": "自助",
				"project_status_desc": "未开跑",
				"tender_status_desc": "允许招司机",
				"is_open_grantz_op": 0,
				"to_close_grantz_days": 10,
				"warehouse_count": 1
			},
			{
				"customer_id": 14089,
				"name": "zc123456",
				"crm_id": 0,
				"city": "北京市",
				"contact": "zhaochong",
				"creater": "gxd_dev",
				"is_open_contract": 1,
				"assign_status": "否",
				"company_name": "ZC有限公司",
				"company_id": 2773,
				"running_task_count": 0,
				"addition_max_limit": 3,
				"adc_name": "北京管理区",
				"sales_nick": "王雪客服经理",
				"quality_mgr_nick": "李雅_北京运作经理",
				"main_bid_mgr_nick": "王重阳6",
				"invoice_tax_rate_display": "无",
				"vass_display": "SOP服务(已实施)、所有仓库和线路均实施SOP服务",
				"tcsp_display": "0%",
				"contract_party_display": "驿路星辰（北京）科技有限公司",
				"created_at_display": "2017-04-24",
				"is_auto_receive_bill_display": "否",
				"is_have_cargo_insurance_display": "是",
				"is_self_register_display": "否",
				"contract_archived_display": "否",
				"is_frozen_display": "否",
				"is_need_invoice_display": "否",
				"temp_ctrl_enabled_display": "已开通",
				"once_logged_in_st_display": "是",
				"is_bonus_charged_display": "否",
				"customer_source_desc": "待确认",
				"finance_pay_type_desc": "信用客户",
				"trade_class_desc": "直客",
				"trade_subclass_desc": "B2B",
				"project_type_desc": "封装",
				"project_status_desc": "未开跑",
				"tender_status_desc": "允许招司机",
				"warehouse_count": 2,
				"is_open_grantz_op": 1
			},
			{
				"customer_id": 14088,
				"name": "condi_fengzhuang",
				"crm_id": 0,
				"city": "北京市",
				"contact": "zhaochong",
				"creater": "gxd_dev",
				"is_open_contract": 1,
				"assign_status": "否",
				"company_name": "ZC有限公司",
				"company_id": 2773,
				"running_task_count": 0,
				"addition_max_limit": 3,
				"adc_name": "北京管理区",
				"sales_nick": "daiyue2",
				"quality_mgr_nick": "dy运作经理北京",
				"main_bid_mgr_nick": "_王澍",
				"invoice_tax_rate_display": "无",
				"vass_display": "无增值服务",
				"tcsp_display": "0%",
				"contract_party_display": "驿路星辰（北京）科技有限公司",
				"created_at_display": "2017-04-24",
				"is_auto_receive_bill_display": "否",
				"is_have_cargo_insurance_display": "否",
				"is_self_register_display": "否",
				"contract_archived_display": "否",
				"is_frozen_display": "否",
				"is_need_invoice_display": "否",
				"temp_ctrl_enabled_display": "未开通",
				"once_logged_in_st_display": "是",
				"is_bonus_charged_display": "否",
				"customer_source_desc": "待确认",
				"finance_pay_type_desc": "信用客户",
				"trade_class_desc": "直客",
				"trade_subclass_desc": "B2B",
				"project_type_desc": "封装",
				"project_status_desc": "未开跑",
				"tender_status_desc": "允许招司机",
				"warehouse_count": 0
			},
			{
				"customer_id": 14087,
				"name": "外外的客户结算（自助）",
				"crm_id": 0,
				"city": "北京市",
				"contact": "waiwai1",
				"creater": "gxd_dev",
				"is_open_contract": 1,
				"assign_status": "否",
				"company_name": "外外货运公司",
				"company_id": 2775,
				"running_task_count": 0,
				"addition_max_limit": 3,
				"adc_name": "北京管理区",
				"sales_nick": "刘诗杨-客服经理-北京1",
				"quality_mgr_nick": "外外运作",
				"main_bid_mgr_nick": "钿钿",
				"invoice_tax_rate_display": "有(11%)",
				"vass_display": "SOP服务(已实施)、实施SOP服务的仓库:测试结算仓（自助）(2568)",
				"tcsp_display": "0%",
				"contract_party_display": "北京云中小鸟科技有限公司",
				"created_at_display": "2017-04-24",
				"is_auto_receive_bill_display": "否",
				"is_have_cargo_insurance_display": "是",
				"is_self_register_display": "否",
				"contract_archived_display": "否",
				"is_frozen_display": "否",
				"is_need_invoice_display": "否",
				"temp_ctrl_enabled_display": "已开通",
				"once_logged_in_st_display": "是",
				"is_bonus_charged_display": "否",
				"customer_source_desc": "待确认",
				"finance_pay_type_desc": "信用客户",
				"trade_class_desc": "直客",
				"trade_subclass_desc": "B2B",
				"project_type_desc": "自助",
				"project_status_desc": "未开跑",
				"tender_status_desc": "允许招司机",
				"warehouse_count": 1
			},
			{
				"customer_id": 14086,
				"name": "外外的客户结算（封装）",
				"crm_id": 0,
				"city": "北京市",
				"contact": "waiwai",
				"creater": "gxd_dev",
				"is_open_contract": 1,
				"assign_status": "否",
				"company_name": "外外货运公司",
				"company_id": 2775,
				"running_task_count": 0,
				"addition_max_limit": 3,
				"adc_name": "北京管理区",
				"sales_nick": "刘诗杨-客服经理-北京1",
				"quality_mgr_nick": "外外运作",
				"main_bid_mgr_nick": "钿钿",
				"invoice_tax_rate_display": "有(6%)",
				"vass_display": "SOP服务(已实施)、所有仓库和线路均实施SOP服务",
				"tcsp_display": "0%",
				"contract_party_display": "驿路星辰（北京）科技有限公司",
				"created_at_display": "2017-04-24",
				"is_auto_receive_bill_display": "否",
				"is_have_cargo_insurance_display": "是",
				"is_self_register_display": "否",
				"contract_archived_display": "否",
				"is_frozen_display": "否",
				"is_need_invoice_display": "否",
				"temp_ctrl_enabled_display": "已开通",
				"once_logged_in_st_display": "是",
				"is_bonus_charged_display": "是",
				"customer_source_desc": "待确认",
				"finance_pay_type_desc": "信用客户",
				"trade_class_desc": "直客",
				"trade_subclass_desc": "B2B",
				"project_type_desc": "封装",
				"project_status_desc": "未开跑",
				"tender_status_desc": "允许招司机",
				"warehouse_count": 1
			},
			{
				"customer_id": 14085,
				"name": "test0421",
				"crm_id": 0,
				"city": "北京市",
				"contact": "王和",
				"creater": "测试账户test",
				"is_open_contract": 1,
				"assign_status": "否",
				"consignee_type": {
					"code": 2,
					"desc": "门店"
				},
				"company_name": "北京测试公司",
				"company_id": 2761,
				"running_task_count": 0,
				"addition_max_limit": 3,
				"adc_name": "北京管理区",
				"sales_nick": "王雪客服经理",
				"quality_mgr_nick": "王雪-谁在删除打短腿",
				"main_bid_mgr_nick": "娜娜",
				"invoice_tax_rate_display": "无",
				"vass_display": "无增值服务",
				"tcsp_display": "0%",
				"contract_party_display": "北京云中小鸟科技有限公司",
				"created_at_display": "2017-04-21",
				"is_auto_receive_bill_display": "否",
				"is_have_cargo_insurance_display": "否",
				"is_self_register_display": "否",
				"contract_archived_display": "否",
				"is_frozen_display": "否",
				"is_need_invoice_display": "否",
				"temp_ctrl_enabled_display": "未开通",
				"once_logged_in_st_display": "是",
				"is_bonus_charged_display": "否",
				"customer_source_desc": "拍档线索",
				"finance_pay_type_desc": "预充值客户",
				"trade_class_desc": "SCS",
				"trade_subclass_desc": "TC（快运，零担）",
				"project_type_desc": "封装",
				"project_status_desc": "未开跑",
				"tender_status_desc": "允许招司机",
				"warehouse_count": 0
			},
			{
				"customer_id": 14084,
				"name": "线人客户5",
				"crm_id": 0,
				"city": "北京市",
				"contact": "线人客户5",
				"creater": "测试账户test",
				"is_open_contract": 1,
				"assign_status": "否",
				"company_name": "melinda有限公司",
				"company_id": 2767,
				"running_task_count": 0,
				"addition_max_limit": 3,
				"adc_name": "北京管理区",
				"sales_nick": "melinda_客服",
				"quality_mgr_nick": "梅芳运作",
				"main_bid_mgr_nick": "automated_bidmgr_test_gn",
				"invoice_tax_rate_display": "无",
				"vass_display": "无增值服务",
				"tcsp_display": "0%",
				"contract_party_display": "驿路星辰（北京）科技有限公司",
				"created_at_display": "2017-04-21",
				"is_auto_receive_bill_display": "否",
				"is_have_cargo_insurance_display": "否",
				"is_self_register_display": "否",
				"contract_archived_display": "否",
				"is_frozen_display": "否",
				"is_need_invoice_display": "否",
				"temp_ctrl_enabled_display": "未开通",
				"once_logged_in_st_display": "是",
				"is_bonus_charged_display": "否",
				"customer_source_desc": "拍档线索",
				"finance_pay_type_desc": "信用客户",
				"trade_class_desc": "直客",
				"trade_subclass_desc": "B2C",
				"project_type_desc": "自助",
				"project_status_desc": "未开跑",
				"tender_status_desc": "允许招司机",
				"warehouse_count": 0
			},
			{
				"customer_id": 14083,
				"name": "线人客户4",
				"crm_id": 0,
				"city": "北京市",
				"contact": "线人客户4",
				"creater": "测试账户test",
				"is_open_contract": 1,
				"assign_status": "否",
				"company_name": "melinda有限公司",
				"company_id": 2767,
				"running_task_count": 0,
				"addition_max_limit": 3,
				"adc_name": "北京管理区",
				"sales_nick": "melinda_客服",
				"quality_mgr_nick": "梅芳运作",
				"main_bid_mgr_nick": "automated_bidmgr_test_gn",
				"invoice_tax_rate_display": "无",
				"vass_display": "无增值服务",
				"tcsp_display": "0%",
				"contract_party_display": "驿路星辰（北京）科技有限公司",
				"created_at_display": "2017-04-21",
				"is_auto_receive_bill_display": "否",
				"is_have_cargo_insurance_display": "否",
				"is_self_register_display": "否",
				"contract_archived_display": "否",
				"is_frozen_display": "否",
				"is_need_invoice_display": "否",
				"temp_ctrl_enabled_display": "未开通",
				"once_logged_in_st_display": "是",
				"is_bonus_charged_display": "否",
				"customer_source_desc": "顾问自拓",
				"finance_pay_type_desc": "信用客户",
				"trade_class_desc": "SCS",
				"trade_subclass_desc": "TC（快运，零担）",
				"project_type_desc": "自助",
				"project_status_desc": "未开跑",
				"tender_status_desc": "允许招司机",
				"warehouse_count": 0
			},
			{
				"customer_id": 14082,
				"name": "线人客户3",
				"crm_id": 0,
				"city": "北京市",
				"contact": "线人客户3",
				"creater": "测试账户test",
				"is_open_contract": 1,
				"assign_status": "否",
				"company_name": "automated_wmf_com_name1",
				"company_id": 2645,
				"running_task_count": 0,
				"addition_max_limit": 3,
				"adc_name": "北京管理区",
				"sales_nick": "melinda_客服",
				"quality_mgr_nick": "梅芳运作",
				"main_bid_mgr_nick": "automated_bidmgr_test_gn",
				"invoice_tax_rate_display": "无",
				"vass_display": "无增值服务",
				"tcsp_display": "0%",
				"contract_party_display": "驿路星辰（北京）科技有限公司",
				"created_at_display": "2017-04-21",
				"is_auto_receive_bill_display": "否",
				"is_have_cargo_insurance_display": "否",
				"is_self_register_display": "否",
				"contract_archived_display": "否",
				"is_frozen_display": "否",
				"is_need_invoice_display": "否",
				"temp_ctrl_enabled_display": "未开通",
				"once_logged_in_st_display": "是",
				"is_bonus_charged_display": "否",
				"customer_source_desc": "拍档线索",
				"finance_pay_type_desc": "信用客户",
				"trade_class_desc": "SCS",
				"trade_subclass_desc": "TC（快运，零担）",
				"project_type_desc": "自助",
				"project_status_desc": "未开跑",
				"tender_status_desc": "允许招司机",
				"warehouse_count": 0
			},
			{
				"customer_id": 14081,
				"name": "线人客户2",
				"crm_id": 0,
				"city": "北京市",
				"contact": "线人客户2",
				"creater": "测试账户test",
				"is_open_contract": 1,
				"assign_status": "否",
				"company_name": "melinda_com_name2",
				"company_id": 2737,
				"running_task_count": 0,
				"addition_max_limit": 3,
				"adc_name": "北京管理区",
				"sales_nick": "melinda_客服",
				"quality_mgr_nick": "梅芳运作",
				"main_bid_mgr_nick": "automated_bidmgr_test_gn",
				"invoice_tax_rate_display": "无",
				"vass_display": "无增值服务",
				"tcsp_display": "0%",
				"contract_party_display": "驿路星辰（北京）科技有限公司",
				"created_at_display": "2017-04-21",
				"is_auto_receive_bill_display": "否",
				"is_have_cargo_insurance_display": "否",
				"is_self_register_display": "否",
				"contract_archived_display": "否",
				"is_frozen_display": "否",
				"is_need_invoice_display": "否",
				"temp_ctrl_enabled_display": "未开通",
				"once_logged_in_st_display": "是",
				"is_bonus_charged_display": "否",
				"customer_source_desc": "拍档线索",
				"finance_pay_type_desc": "信用客户",
				"trade_class_desc": "直客",
				"trade_subclass_desc": "B2C",
				"project_type_desc": "自助",
				"project_status_desc": "未开跑",
				"tender_status_desc": "允许招司机",
				"warehouse_count": 0
			},
			{
				"customer_id": 14080,
				"name": "线人客户",
				"crm_id": 0,
				"city": "上饶市",
				"contact": "线人客户",
				"creater": "测试账户test",
				"is_open_contract": 1,
				"assign_status": "否",
				"service_start": "2017-04-21",
				"company_name": "melinda_com_name4",
				"company_id": 2739,
				"running_task_count": 1,
				"latest_trans_event_complete_date": "2017-04-21",
				"addition_max_limit": 3,
				"adc_name": "北京管理区",
				"sales_nick": "melinda_客服",
				"quality_mgr_nick": "梅芳运作",
				"main_bid_mgr_nick": "automated_bidmgr_test_gn",
				"invoice_tax_rate_display": "有(6%)",
				"vass_display": "无增值服务",
				"tcsp_display": "0%",
				"contract_party_display": "驿路星辰（北京）科技有限公司",
				"created_at_display": "2017-04-21",
				"is_auto_receive_bill_display": "否",
				"is_have_cargo_insurance_display": "否",
				"is_self_register_display": "否",
				"contract_archived_display": "否",
				"is_frozen_display": "否",
				"is_need_invoice_display": "否",
				"temp_ctrl_enabled_display": "未开通",
				"once_logged_in_st_display": "是",
				"is_bonus_charged_display": "否",
				"customer_source_desc": "拍档线索",
				"finance_pay_type_desc": "信用客户",
				"trade_class_desc": "SCS",
				"trade_subclass_desc": "TC（快运，零担）",
				"project_type_desc": "封装",
				"project_status_desc": "已开跑",
				"tender_status_desc": "允许招司机",
				"warehouse_count": 1
			},
			{
				"customer_id": 14079,
				"name": "想建一个sop客户",
				"crm_id": 0,
				"city": "北京市",
				"contact": "杜拉拉sop",
				"creater": "测试账户test",
				"is_open_contract": 1,
				"assign_status": "否",
				"company_name": "想建一个有sop的有限公司",
				"company_id": 2776,
				"running_task_count": 0,
				"addition_max_limit": 3,
				"adc_name": "北京管理区",
				"sales_nick": "王雪客服经理",
				"quality_mgr_nick": "王雪-谁在删除打短腿",
				"main_bid_mgr_nick": "王重阳6",
				"invoice_tax_rate_display": "有(11%)",
				"vass_display": "SOP服务(已实施)、所有仓库和线路均实施SOP服务",
				"tcsp_display": "0%",
				"contract_party_display": "北京云中小鸟科技有限公司",
				"created_at_display": "2017-04-21",
				"is_auto_receive_bill_display": "否",
				"is_have_cargo_insurance_display": "否",
				"is_self_register_display": "否",
				"contract_archived_display": "否",
				"is_frozen_display": "否",
				"is_need_invoice_display": "否",
				"temp_ctrl_enabled_display": "未开通",
				"once_logged_in_st_display": "是",
				"is_bonus_charged_display": "否",
				"customer_source_desc": "顾问自拓",
				"finance_pay_type_desc": "信用客户",
				"trade_class_desc": "直客",
				"trade_subclass_desc": "B2C",
				"project_type_desc": "封装",
				"project_status_desc": "未开跑",
				"tender_status_desc": "允许招司机",
				"warehouse_count": 0
			},
			{
				"customer_id": 14078,
				"name": "test04200",
				"crm_id": 0,
				"city": "北京市",
				"contact": "李梦",
				"creater": "测试账户test",
				"is_open_contract": 1,
				"assign_status": "否",
				"consignee_type": {
					"code": 2,
					"desc": "门店"
				},
				"company_name": "北京测试公司",
				"company_id": 2761,
				"running_task_count": 0,
				"addition_max_limit": 3,
				"adc_name": "北京管理区",
				"sales_nick": "王雪客服经理",
				"quality_mgr_nick": "王雪-谁在删除打短腿",
				"main_bid_mgr_nick": "娜娜",
				"invoice_tax_rate_display": "无",
				"vass_display": "无增值服务",
				"tcsp_display": "0%",
				"contract_party_display": "驿路星辰（北京）科技有限公司",
				"created_at_display": "2017-04-20",
				"is_auto_receive_bill_display": "否",
				"is_have_cargo_insurance_display": "否",
				"is_self_register_display": "否",
				"contract_archived_display": "否",
				"is_frozen_display": "否",
				"is_need_invoice_display": "否",
				"temp_ctrl_enabled_display": "未开通",
				"once_logged_in_st_display": "是",
				"is_bonus_charged_display": "否",
				"customer_source_desc": "拍档线索",
				"finance_pay_type_desc": "预充值客户",
				"trade_class_desc": "SCS",
				"trade_subclass_desc": "TC（快运，零担）",
				"project_type_desc": "自助",
				"project_status_desc": "未开跑",
				"tender_status_desc": "允许招司机",
				"warehouse_count": 0
			},
			{
				"customer_id": 14077,
				"name": "外外公司2",
				"crm_id": 0,
				"city": "北京市",
				"contact": "外外2",
				"creater": "gxd_dev",
				"is_open_contract": 1,
				"cargo_type": {
					"code": 100,
					"desc": "食材"
				},
				"company_name": "外外货运公司",
				"company_id": 2775,
				"running_task_count": 0,
				"addition_max_limit": 3,
				"adc_name": "北京管理区",
				"sales_nick": "外外",
				"quality_mgr_nick": "外外运作",
				"main_bid_mgr_nick": "钿钿",
				"invoice_tax_rate_display": "有(6%)",
				"vass_display": "无增值服务",
				"tcsp_display": "0%",
				"contract_party_display": "驿路星辰（北京）科技有限公司",
				"created_at_display": "2017-04-20",
				"is_auto_receive_bill_display": "否",
				"is_have_cargo_insurance_display": "否",
				"is_self_register_display": "否",
				"contract_archived_display": "否",
				"is_frozen_display": "否",
				"is_need_invoice_display": "否",
				"temp_ctrl_enabled_display": "未开通",
				"once_logged_in_st_display": "是",
				"is_bonus_charged_display": "否",
				"customer_source_desc": "待确认",
				"finance_pay_type_desc": "信用客户",
				"trade_class_desc": "直客",
				"trade_subclass_desc": "B2B",
				"project_type_desc": "自助",
				"project_status_desc": "未开跑",
				"tender_status_desc": "允许招司机",
				"assign_status": "否",
				"warehouse_count": 0
			},
			{
				"customer_id": 14076,
				"name": "外外的公司1（封装）",
				"crm_id": 0,
				"city": "北京市",
				"contact": "外外",
				"creater": "gxd_dev",
				"is_open_contract": 1,
				"company_name": "外外货运公司",
				"company_id": 2775,
				"running_task_count": 0,
				"addition_max_limit": 3,
				"adc_name": "北京管理区",
				"sales_nick": "外外",
				"quality_mgr_nick": "外外运作",
				"main_bid_mgr_nick": "钿钿",
				"invoice_tax_rate_display": "无",
				"vass_display": "SOP服务(已实施)、所有仓库和线路均实施SOP服务",
				"tcsp_display": "0%",
				"contract_party_display": "驿路星辰（北京）科技有限公司",
				"created_at_display": "2017-04-20",
				"is_auto_receive_bill_display": "否",
				"is_have_cargo_insurance_display": "是",
				"is_self_register_display": "否",
				"contract_archived_display": "否",
				"is_frozen_display": "否",
				"is_need_invoice_display": "否",
				"temp_ctrl_enabled_display": "已开通",
				"once_logged_in_st_display": "是",
				"is_bonus_charged_display": "否",
				"customer_source_desc": "待确认",
				"finance_pay_type_desc": "信用客户",
				"trade_class_desc": "直客",
				"trade_subclass_desc": "B2B",
				"project_type_desc": "封装",
				"project_status_desc": "未开跑",
				"tender_status_desc": "允许招司机",
				"assign_status": "否",
				"warehouse_count": 1
			},
			{
				"customer_id": 14075,
				"name": "test04203",
				"crm_id": 0,
				"city": "北京市",
				"contact": "哈哈",
				"creater": "测试账户test",
				"is_open_contract": 1,
				"consignee_type": {
					"code": 2,
					"desc": "门店"
				},
				"company_name": "北京测试公司",
				"company_id": 2761,
				"running_task_count": 0,
				"addition_max_limit": 3,
				"adc_name": "北京管理区",
				"sales_nick": "王雪客服经理",
				"quality_mgr_nick": "王雪-谁在删除打短腿",
				"main_bid_mgr_nick": "娜娜",
				"invoice_tax_rate_display": "无",
				"vass_display": "无增值服务",
				"tcsp_display": "0%",
				"contract_party_display": "驿路星辰（北京）科技有限公司",
				"created_at_display": "2017-04-20",
				"is_auto_receive_bill_display": "否",
				"is_have_cargo_insurance_display": "否",
				"is_self_register_display": "否",
				"contract_archived_display": "否",
				"is_frozen_display": "否",
				"is_need_invoice_display": "否",
				"temp_ctrl_enabled_display": "未开通",
				"once_logged_in_st_display": "是",
				"is_bonus_charged_display": "否",
				"customer_source_desc": "顾问自拓",
				"finance_pay_type_desc": "信用客户",
				"trade_class_desc": "SCS",
				"trade_subclass_desc": "TC（快运，零担）",
				"project_type_desc": "封装",
				"project_status_desc": "未开跑",
				"tender_status_desc": "允许招司机",
				"assign_status": "否",
				"warehouse_count": 0
			},
			{
				"customer_id": 14074,
				"name": "欧尚集团公司",
				"crm_id": 0,
				"city": "北京市",
				"contact": "杜拉拉",
				"creater": "测试账户test",
				"is_open_contract": 1,
				"consignee_type": {
					"code": 2,
					"desc": "门店"
				},
				"service_start": "2017-04-20",
				"company_name": "北京欧尚科技有限公司",
				"company_id": 2774,
				"running_task_count": 1,
				"latest_trans_event_complete_date": "2017-04-20",
				"addition_max_limit": 3,
				"adc_name": "北京管理区",
				"sales_nick": "北京王澍",
				"quality_mgr_nick": "dy运作经理",
				"main_bid_mgr_nick": "娜娜",
				"invoice_tax_rate_display": "有(11%)",
				"vass_display": "无增值服务",
				"tcsp_display": "0%",
				"contract_party_display": "北京云中小鸟科技有限公司",
				"created_at_display": "2017-04-20",
				"is_auto_receive_bill_display": "否",
				"is_have_cargo_insurance_display": "否",
				"is_self_register_display": "否",
				"contract_archived_display": "否",
				"is_frozen_display": "否",
				"is_need_invoice_display": "否",
				"temp_ctrl_enabled_display": "未开通",
				"once_logged_in_st_display": "是",
				"is_bonus_charged_display": "否",
				"customer_source_desc": "市场线索",
				"finance_pay_type_desc": "信用客户",
				"trade_class_desc": "直客",
				"trade_subclass_desc": "B2B",
				"project_type_desc": "封装",
				"project_status_desc": "已开跑",
				"tender_status_desc": "允许招司机",
				"assign_status": "否",
				"warehouse_count": 2
			},
			{
				"customer_id": 14073,
				"name": "test0402",
				"crm_id": 0,
				"city": "北京市",
				"contact": "丽丽",
				"creater": "测试账户test",
				"is_open_contract": 1,
				"consignee_type": {
					"code": 2,
					"desc": "门店"
				},
				"company_name": "北京测试公司",
				"company_id": 2761,
				"running_task_count": 0,
				"addition_max_limit": 3,
				"adc_name": "北京管理区",
				"sales_nick": "王雪客服经理",
				"quality_mgr_nick": "王雪-谁在删除打短腿",
				"main_bid_mgr_nick": "娜娜",
				"invoice_tax_rate_display": "无",
				"vass_display": "无增值服务",
				"tcsp_display": "0%",
				"contract_party_display": "驿路星辰（北京）科技有限公司",
				"created_at_display": "2017-04-20",
				"is_auto_receive_bill_display": "否",
				"is_have_cargo_insurance_display": "否",
				"is_self_register_display": "否",
				"contract_archived_display": "否",
				"is_frozen_display": "否",
				"is_need_invoice_display": "否",
				"temp_ctrl_enabled_display": "未开通",
				"once_logged_in_st_display": "是",
				"is_bonus_charged_display": "否",
				"customer_source_desc": "待确认",
				"finance_pay_type_desc": "信用客户",
				"trade_class_desc": "直客",
				"trade_subclass_desc": "B2B",
				"project_type_desc": "封装",
				"project_status_desc": "未开跑",
				"tender_status_desc": "允许招司机",
				"assign_status": "否",
				"warehouse_count": 0
			},
			{
				"customer_id": 14072,
				"name": "test04201",
				"crm_id": 0,
				"city": "北京市",
				"contact": "王王",
				"creater": "测试账户test",
				"is_open_contract": 1,
				"consignee_type": {
					"code": 2,
					"desc": "门店"
				},
				"company_name": "北京测试公司",
				"company_id": 2761,
				"running_task_count": 0,
				"addition_max_limit": 3,
				"adc_name": "北京管理区",
				"sales_nick": "王雪客服经理",
				"quality_mgr_nick": "王雪-谁在删除打短腿",
				"main_bid_mgr_nick": "娜娜",
				"invoice_tax_rate_display": "无",
				"vass_display": "无增值服务",
				"tcsp_display": "0%",
				"contract_party_display": "驿路星辰（北京）科技有限公司",
				"created_at_display": "2017-04-20",
				"is_auto_receive_bill_display": "否",
				"is_have_cargo_insurance_display": "否",
				"is_self_register_display": "否",
				"contract_archived_display": "否",
				"is_frozen_display": "否",
				"is_need_invoice_display": "否",
				"temp_ctrl_enabled_display": "未开通",
				"once_logged_in_st_display": "是",
				"is_bonus_charged_display": "否",
				"customer_source_desc": "待确认",
				"finance_pay_type_desc": "预充值客户",
				"trade_class_desc": "直客",
				"trade_subclass_desc": "B2B",
				"project_type_desc": "封装",
				"project_status_desc": "未开跑",
				"tender_status_desc": "允许招司机",
				"assign_status": "否",
				"warehouse_count": 0
			},
			{
				"customer_id": 14071,
				"name": "test0418",
				"crm_id": 0,
				"city": "北京市",
				"contact": "王志",
				"creater": "测试账户test",
				"is_open_contract": 1,
				"consignee_type": {
					"code": 2,
					"desc": "门店"
				},
				"company_name": "北京测试公司",
				"company_id": 2761,
				"running_task_count": 0,
				"addition_max_limit": 3,
				"adc_name": "北京管理区",
				"sales_nick": "王雪客服经理",
				"quality_mgr_nick": "王雪-谁在删除打短腿",
				"main_bid_mgr_nick": "娜娜",
				"invoice_tax_rate_display": "无",
				"vass_display": "无增值服务",
				"tcsp_display": "0%",
				"contract_party_display": "驿路星辰（北京）科技有限公司",
				"created_at_display": "2017-04-20",
				"is_auto_receive_bill_display": "否",
				"is_have_cargo_insurance_display": "否",
				"is_self_register_display": "否",
				"contract_archived_display": "否",
				"is_frozen_display": "否",
				"is_need_invoice_display": "否",
				"temp_ctrl_enabled_display": "未开通",
				"once_logged_in_st_display": "是",
				"is_bonus_charged_display": "否",
				"customer_source_desc": "待确认",
				"finance_pay_type_desc": "信用客户",
				"trade_class_desc": "直客",
				"trade_subclass_desc": "B2B",
				"project_type_desc": "封装",
				"project_status_desc": "未开跑",
				"tender_status_desc": "允许招司机",
				"assign_status": "否",
				"warehouse_count": 0
			}
		],
		"page": 1,
		"per_page": 20,
		"total": 6837,
		"total_page": 342
	}
}