{
	"tpl": "customer/customerDetailBasic.tpl",
	"data": {
		"view": "base",
		"customer": {
			"customer_id": 14091,
			"name": "鲁班大师",
			"login_name": "鲁班大师",
			"nick": "鲁班大师",
			"adcid": 1,
			"crm_id": 0,
			"city": "北京市",
			"city_id": 1,
			"contact": "鲁班大师",
			"trade_class": {
				"code": 1,
				"desc": "直客"
			},
			"trade_subclass": {
				"code": 1,
				"desc": "B2B"
			},
			"trade_tags": [
				{
					"code": 100,
					"desc": "商超"
				},
				{
					"code": 1100,
					"desc": "快递"
				},
				{
					"code": 2100,
					"desc": "包装"
				}
			],
			"trade_tag_other_desc": "",
			"subsidy_id": 0,
			"status": {
				"code": 2,
				"desc": "正常"
			},
			"is_frozen": 0,
			"is_individual": 0,
			"is_self_register": 0,
			"gmv_status": {
				"code": 1000,
				"desc": "正常"
			},
			"enable_gmv_check": {
				"code": 0,
				"desc": "不启动gmv检查"
			},
			"tender_status": {
				"code": 1,
				"desc": "允许招司机"
			},
			"realname_approve": {
				"code": 300,
				"desc": "未认证"
			},
			"once_logged_in_status": {
				"code": 2,
				"desc": "否"
			},
			"customer_source": {
				"code": 100,
				"desc": "待确认"
			},
			"creater": "Admin",
            "sales_id": 1000092,
			"sales_name": "销售",
			"main_bid_mgr_id": 1000195,
			"quality_mgr": "王雪-谁在删除打短腿",
			"quality_mgr_id": 1000089,
			"is_first_contract": 0,
			"read_novice_guide": 1,
			"is_read_help": 0,
			"enter_subaccount_manage": 0,
			"read_operation_data_setting": 1,
			"is_open_contract": 1,
			"created_at": "2017-04-27 16:43:08",
			"updated_at": "2017-04-28 16:41:11",
			"audit_status": {
				"code": 2,
				"desc": "待审核"
			},
			"visiting_card_image": "",
			"audit_feedbacker": "",
			"audit_feedbacker_mobile": "",
			"audit_feedback": "",
			"assign_status": 0,
			"service_telephone": "",
			"company_name": "多福多寿大公司",
			"company_id": 2777,
			"post_addr": "",
			"post_code": "",
			"bank": {
				"code": 0,
				"desc": "未知"
			},
			"bank_account_name": "",
			"bank_account_num": "",
			"tcpp": 0,
			"spp": 0,
			"business_license": "",
			"business_license_image": "",
			"opening_license_image": "",
			"pay_bank": {
				"code": 0,
				"desc": "未知"
			},
			"pay_bank_account_name": "",
			"pay_bank_account_num": "",
			"realname_approve_userid": 0,
			"project_type": {
				"code": 2,
				"desc": "自助"
			},
			"project_type_checked": {
				"code": 0,
				"desc": "未确认"
			},
			"project_status": {
				"code": 1,
				"desc": "未开跑"
			},
			"is_bonus_charged": {
				"code": 2,
				"desc": "提成不计入流水"
			},
			"contract_id": "",
			"contract_archived": 0,
			"settlement_method": {
				"code": 3,
				"desc": "月结"
			},
			"settlement_start_date": 0,
			"settlement_end_date": 0,
			"committed_payment_days": 7,
			"contract_desc": "",
			"finance_pay_type": {
				"code": 100,
				"desc": "信用客户"
			},
			"clue_id": null,
			"sales": "王雪客服经理",
            "adc_name": "北京管理区",
			"adc_id": 1,
			"real_name_status_display": "已认证(Admin 2017-04-27 16:30:15)",
			"office_address_type": {
				"code": 5,
				"desc": "居民区住宅楼"
			},
			"customer_pay_method": {
				"code": 3,
				"desc": "客户等上游结款后再付款给我司"
			},
			"upstream_pay_condition": {
				"code": 3,
				"desc": "客户对上游个别企业的结款依赖性较小"
			}
		},
		"permission": {
			"base_editable": true,
			"enable_del_user": true,
			"city_edit_enable": true,
			"sales_edit_enable": true,
			"add_company_enable": true,
			"message_showable": true,
			"package_showable": true,
			"welfare_showable": true,
			"subsidy_showable": true,
			"credit_showable": true,
			"invoice_showable": true,
			"contract_showable": true,
			"lanshou_showable": true,
			"crm_showable": true,
			"bill_showable": true,
			"base_showable": true,
			"insurance_showable": true,
			"pod_showable": true,
			"sop_showable": true,
			"temp_ctrl_showable": true,
			"niaoyan_showable": true,
            "clue_id_editable": true
		},
		"config": {
			"city": [
				{
					"id": 1,
					"name": "北京市",
					"selected": 1
				},
				{
					"id": 2,
					"name": "上海市",
					"selected": 0
				},
				{
					"id": 3,
					"name": "广州市",
					"selected": 0
				},
				{
					"id": 4,
					"name": "深圳市",
					"selected": 0
				},
				{
					"id": 5,
					"name": "哥谭市",
					"selected": 0
				},
				{
					"id": 6,
					"name": "天津市",
					"selected": 0
				},
				{
					"id": 7,
					"name": "南京市",
					"selected": 0
				},
				{
					"id": 8,
					"name": "杭州市",
					"selected": 0
				},
				{
					"id": 9,
					"name": "东莞市",
					"selected": 0
				},
				{
					"id": 10,
					"name": "佛山市",
					"selected": 0
				},
				{
					"id": 11,
					"name": "成都市",
					"selected": 0
				},
				{
					"id": 12,
					"name": "苏州市",
					"selected": 0
				},
				{
					"id": 13,
					"name": "无锡市",
					"selected": 0
				},
				{
					"id": 14,
					"name": "常州市",
					"selected": 0
				},
				{
					"id": 15,
					"name": "昆山市",
					"selected": 0
				},
				{
					"id": 16,
					"name": "武汉市",
					"selected": 0
				},
				{
					"id": 17,
					"name": "嘉兴市",
					"selected": 0
				},
				{
					"id": 18,
					"name": "青岛市",
					"selected": 0
				},
				{
					"id": 19,
					"name": "芜湖市",
					"selected": 0
				},
				{
					"id": 20,
					"name": "合肥市",
					"selected": 0
				},
				{
					"id": 21,
					"name": "石家庄市",
					"selected": 0
				},
				{
					"id": 22,
					"name": "廊坊市",
					"selected": 0
				},
				{
					"id": 23,
					"name": "保定市",
					"selected": 0
				},
				{
					"id": 24,
					"name": "盐城市",
					"selected": 0
				},
				{
					"id": 25,
					"name": "郑州市",
					"selected": 0
				},
				{
					"id": 26,
					"name": "沧州市",
					"selected": 0
				},
				{
					"id": 27,
					"name": "南通市",
					"selected": 0
				},
				{
					"id": 28,
					"name": "淮安市",
					"selected": 0
				},
				{
					"id": 29,
					"name": "宁波市",
					"selected": 0
				},
				{
					"id": 30,
					"name": "鄂州市",
					"selected": 0
				},
				{
					"id": 32,
					"name": "黄石市",
					"selected": 0
				},
				{
					"id": 33,
					"name": "宜昌市",
					"selected": 0
				},
				{
					"id": 34,
					"name": "襄阳市",
					"selected": 0
				},
				{
					"id": 35,
					"name": "仙桃市",
					"selected": 0
				},
				{
					"id": 36,
					"name": "唐山市",
					"selected": 0
				},
				{
					"id": 37,
					"name": "孝感市",
					"selected": 0
				},
				{
					"id": 38,
					"name": "荆州市",
					"selected": 0
				},
				{
					"id": 39,
					"name": "荆门市",
					"selected": 0
				},
				{
					"id": 40,
					"name": "咸宁市",
					"selected": 0
				},
				{
					"id": 41,
					"name": "随州市",
					"selected": 0
				},
				{
					"id": 42,
					"name": "承德市",
					"selected": 0
				},
				{
					"id": 43,
					"name": "张家口市",
					"selected": 0
				},
				{
					"id": 44,
					"name": "秦皇岛市",
					"selected": 0
				},
				{
					"id": 45,
					"name": "六安市",
					"selected": 0
				},
				{
					"id": 46,
					"name": "湖州市",
					"selected": 0
				},
				{
					"id": 47,
					"name": "太原市",
					"selected": 0
				},
				{
					"id": 48,
					"name": "丽江市",
					"selected": 0
				},
				{
					"id": 49,
					"name": "鞍山市",
					"selected": 0
				},
				{
					"id": 50,
					"name": "济南市",
					"selected": 0
				},
				{
					"id": 51,
					"name": "克孜勒苏柯尔克孜自治州",
					"selected": 0
				},
				{
					"id": 52,
					"name": "台北市",
					"selected": 0
				},
				{
					"id": 53,
					"name": "莆田市",
					"selected": 0
				},
				{
					"id": 54,
					"name": "呼和浩特市",
					"selected": 0
				},
				{
					"id": 55,
					"name": "包头市",
					"selected": 0
				},
				{
					"id": 56,
					"name": "宿迁市",
					"selected": 0
				},
				{
					"id": 57,
					"name": "景德镇市",
					"selected": 0
				},
				{
					"id": 58,
					"name": "上饶市",
					"selected": 0
				},
				{
					"id": 59,
					"name": "吕梁市",
					"selected": 0
				},
				{
					"id": 60,
					"name": "海北藏族自治州",
					"selected": 0
				},
				{
					"id": 61,
					"name": "乌海市",
					"selected": 0
				},
				{
					"id": 62,
					"name": "临汾市",
					"selected": 0
				},
				{
					"id": 63,
					"name": "日喀则市",
					"selected": 0
				},
				{
					"id": 64,
					"name": "齐齐哈尔市",
					"selected": 0
				},
				{
					"id": 65,
					"name": "济源市",
					"selected": 0
				},
				{
					"id": 66,
					"name": "中山市",
					"selected": 0
				},
				{
					"id": 67,
					"name": "昆明市",
					"selected": 0
				},
				{
					"id": 68,
					"name": "丽水市",
					"selected": 0
				},
				{
					"id": 69,
					"name": "安庆市",
					"selected": 0
				}
			],
			"finance_pay_type": [
				{
					"id": 100,
					"name": "信用客户",
					"selected": 1
				},
				{
					"id": 200,
					"name": "预充值客户",
					"selected": 0
				}
			],
			"project_type": [
				{
					"id": 1,
					"name": "封装",
					"selected": 0
				},
				{
					"id": 2,
					"name": "自助",
					"selected": 1
				}
			],
			"trade_class": [
				{
					"id": 1,
					"name": "直客",
					"selected": 1,
					"sub": [
						{
							"id": 1,
							"name": "B2B",
							"selected": 1
						},
						{
							"id": 2,
							"name": "B2C",
							"selected": 0
						},
						{
							"id": 3,
							"name": "O2O",
							"selected": 0
						},
						{
							"id": 4,
							"name": "CS（连锁商业）",
							"selected": 0
						},
						{
							"id": 6,
							"name": "BM（品牌商和制造商）",
							"selected": 0
						},
						{
							"id": 7,
							"name": "RS（零售供应商、大批发商等）",
							"selected": 0
						}
					]
				},
				{
					"id": 2,
					"name": "SCS",
					"selected": 0,
					"sub": [
						{
							"id": 1,
							"name": "TC（快运，零担）",
							"selected": 1
						},
						{
							"id": 2,
							"name": "LDP（落地配）",
							"selected": 0
						},
						{
							"id": 3,
							"name": "SCM（第三方物流管理）",
							"selected": 0
						},
						{
							"id": 204,
							"name": "LLP（领先型供应链管理）",
							"selected": 0
						},
						{
							"id": 205,
							"name": "Express（快递）",
							"selected": 0
						}
					]
				}
			],
			"cargo_type": [
				{
					"id": 100,
					"name": "食材",
					"selected": 0
				},
				{
					"id": 200,
					"name": "水果",
					"selected": 0
				},
				{
					"id": 300,
					"name": "方便食品",
					"selected": 0
				},
				{
					"id": 400,
					"name": "团餐外卖",
					"selected": 0
				},
				{
					"id": 500,
					"name": "酒水饮料",
					"selected": 0
				},
				{
					"id": 600,
					"name": "建材",
					"selected": 0
				},
				{
					"id": 700,
					"name": "汽配",
					"selected": 0
				},
				{
					"id": 800,
					"name": "家电",
					"selected": 0
				},
				{
					"id": 900,
					"name": "日化",
					"selected": 0
				},
				{
					"id": 1000,
					"name": "家具",
					"selected": 0
				},
				{
					"id": 1100,
					"name": "鲜花蛋糕",
					"selected": 0
				},
				{
					"id": 1200,
					"name": "3C数码",
					"selected": 0
				},
				{
					"id": 1300,
					"name": "洗涤",
					"selected": 0
				},
				{
					"id": 1400,
					"name": "印刷品",
					"selected": 0
				},
				{
					"id": 1500,
					"name": "服饰鞋帽",
					"selected": 0
				},
				{
					"id": 1600,
					"name": "医药保健",
					"selected": 0
				},
				{
					"id": 1700,
					"name": "包装",
					"selected": 0
				},
				{
					"id": 1800,
					"name": "母婴",
					"selected": 0
				},
				{
					"id": 1900,
					"name": "五金",
					"selected": 0
				},
				{
					"id": 2000,
					"name": "自行车",
					"selected": 0
				},
				{
					"id": 2100,
					"name": "大包裹/仪器",
					"selected": 0
				},
				{
					"id": 9000,
					"name": "其它",
					"selected": 0
				}
			],
			"consignee_type": [
				{
					"id": 1,
					"name": "仓库",
					"selected": 0
				},
				{
					"id": 2,
					"name": "门店",
					"selected": 0
				},
				{
					"id": 3,
					"name": "宅配",
					"selected": 0
				},
				{
					"id": 4,
					"name": "指定位置",
					"selected": 0
				}
			],
			"customer_source": [
				{
					"id": 100,
					"name": "待确认",
					"selected": 1
				},
				{
					"id": 200,
					"name": "顾问自拓",
					"selected": 0
				},
				{
					"id": 300,
					"name": "全国甩尾",
					"selected": 0
				},
				{
					"id": 400,
					"name": "市场线索",
					"selected": 0
				},
				{
					"id": 500,
					"name": "拍档线索",
					"selected": 0
				},
				{
					"id": 600,
					"name": "400电话",
					"selected": 0
				},
				{
					"id": 700,
					"name": "渠道自拓",
					"selected": 0
				}
			],
			"bank": [
				{
					"id": 1,
					"name": "工商银行"
				},
				{
					"id": 2,
					"name": "农业银行"
				},
				{
					"id": 3,
					"name": "中国银行"
				},
				{
					"id": 4,
					"name": "建设银行"
				},
				{
					"id": 5,
					"name": "交通银行"
				},
				{
					"id": 6,
					"name": "中国邮政储蓄银行"
				},
				{
					"id": 7,
					"name": "中信银行"
				},
				{
					"id": 8,
					"name": "光大银行"
				},
				{
					"id": 9,
					"name": "华夏银行"
				},
				{
					"id": 10,
					"name": "民生银行"
				},
				{
					"id": 11,
					"name": "广发银行"
				},
				{
					"id": 12,
					"name": "深发银行"
				},
				{
					"id": 13,
					"name": "招商银行"
				},
				{
					"id": 14,
					"name": "兴业银行"
				},
				{
					"id": 15,
					"name": "浦发银行"
				},
				{
					"id": 16,
					"name": "平安银行"
				},
				{
					"id": 17,
					"name": "北京银行"
				},
				{
					"id": 18,
					"name": "上海银行"
				},
				{
					"id": 19,
					"name": "宁波银行"
				},
				{
					"id": 20,
					"name": "花旗银行"
				},
				{
					"id": 22,
					"name": "天津农商银行"
				},
				{
					"id": 23,
					"name": "厦门国际银行"
				},
				{
					"id": 24,
					"name": "天津银行"
				},
				{
					"id": 25,
					"name": "河北银行"
				},
				{
					"id": 26,
					"name": "盛京银行"
				},
				{
					"id": 27,
					"name": "汇丰银行"
				},
				{
					"id": 28,
					"name": "南京银行"
				},
				{
					"id": 29,
					"name": "珠海华润银行"
				},
				{
					"id": 30,
					"name": "江苏银行"
				},
				{
					"id": 31,
					"name": "北京农商银行"
				},
				{
					"id": 32,
					"name": "晋城银行"
				},
				{
					"id": 33,
					"name": "长沙银行"
				},
				{
					"id": 34,
					"name": "苏州银行"
				},
				{
					"id": 35,
					"name": "恒丰银行"
				},
				{
					"id": 36,
					"name": "重庆银行"
				},
				{
					"id": 37,
					"name": "杭州银行"
				},
				{
					"id": 38,
					"name": "新疆阿克苏市农村信用合作联社"
				},
				{
					"id": 39,
					"name": "营口银行股份有限公司"
				},
				{
					"id": 40,
					"name": "北京农村信用合作社"
				},
				{
					"id": 41,
					"name": "齐鲁银行"
				},
				{
					"id": 42,
					"name": "广州银行"
				},
				{
					"id": 43,
					"name": "上海农商银行"
				},
				{
					"id": 44,
					"name": "广州农商银行"
				},
				{
					"id": 45,
					"name": "青岛银行"
				},
				{
					"id": 46,
					"name": "日照银行"
				},
				{
					"id": 47,
					"name": "浙江稠州商业银行"
				},
				{
					"id": 48,
					"name": "浙商银行"
				},
				{
					"id": 49,
					"name": "江南农村商业银行"
				},
				{
					"id": 50,
					"name": "江苏紫金农村商业银行"
				}
			],
			"bid_mgr": [
				{
					"id": 1000090,
					"name": "王雪拓展经理",
					"selected": 0
				},
				{
					"id": 1000108,
					"name": "柴倩怡岗位经理(在跑133任务,已超上限)",
					"selected": 0,
					"disable": 1
				},
				{
					"id": 1000111,
					"name": "只有管理权限",
					"selected": 0
				},
				{
					"id": 1000112,
					"name": "只有补贴率权限",
					"selected": 0
				},
				{
					"id": 1000113,
					"name": "普通用户-无其他权限",
					"selected": 0
				},
				{
					"id": 1000125,
					"name": "gxd_bid_mgr",
					"selected": 0
				},
				{
					"id": 1000127,
					"name": "gxd_pl",
					"selected": 0
				},
				{
					"id": 1000132,
					"name": "dy北京岗位经理组长",
					"selected": 0
				},
				{
					"id": 1000139,
					"name": "dy北京岗位经理",
					"selected": 0
				},
				{
					"id": 1000149,
					"name": "777",
					"selected": 0
				},
				{
					"id": 1000195,
					"name": "王重阳6",
					"selected": 1
				},
				{
					"id": 1000203,
					"name": "_王澍",
					"selected": 0
				},
				{
					"id": 1000206,
					"name": "王重阳10号",
					"selected": 0
				},
				{
					"id": 1000208,
					"name": "王重阳12号",
					"selected": 0
				},
				{
					"id": 1000237,
					"name": "cyr_bid_mgr",
					"selected": 0
				},
				{
					"id": 1000239,
					"name": "王燕芳-岗经-北京1",
					"selected": 0
				},
				{
					"id": 1000242,
					"name": "bj_岗位经理1(在跑465任务,已超上限)",
					"selected": 0,
					"disable": 1
				},
				{
					"id": 1000243,
					"name": "bj_岗位经理2",
					"selected": 0
				},
				{
					"id": 1000265,
					"name": "柴倩怡岗位经理2(在跑159任务,已超上限)",
					"selected": 0,
					"disable": 1
				},
				{
					"id": 1000266,
					"name": "柴倩怡岗位经理3",
					"selected": 0
				},
				{
					"id": 1000267,
					"name": "柴倩怡岗位经理4",
					"selected": 0
				},
				{
					"id": 1000275,
					"name": "李雅_北京岗控合伙人0",
					"selected": 0
				},
				{
					"id": 1000289,
					"name": "柴倩怡岗位经理5",
					"selected": 0
				},
				{
					"id": 1000290,
					"name": "柴倩怡岗位经理6(在跑132任务,已超上限)",
					"selected": 0,
					"disable": 1
				},
				{
					"id": 1000291,
					"name": "柴倩怡岗位经理7",
					"selected": 0
				},
				{
					"id": 1000303,
					"name": "李延辉拓展经理",
					"selected": 0
				},
				{
					"id": 1000307,
					"name": "melinda_bidmgr3",
					"selected": 0
				},
				{
					"id": 1000316,
					"name": "李雅_岗控合伙人1",
					"selected": 0
				},
				{
					"id": 1000323,
					"name": "王燕芳-岗经-北京2",
					"selected": 0
				},
				{
					"id": 1000331,
					"name": "娜娜",
					"selected": 0
				},
				{
					"id": 1000335,
					"name": "李雅_北京岗控合伙人2",
					"selected": 0
				},
				{
					"id": 1000336,
					"name": "李雅_上海岗控合伙人3",
					"selected": 0
				},
				{
					"id": 1000357,
					"name": "李雅_北京岗控合伙人4",
					"selected": 0
				},
				{
					"id": 1000373,
					"name": "melinda_bigmgr_auto",
					"selected": 0
				},
				{
					"id": 1000378,
					"name": "melinda_bidmgr2",
					"selected": 0
				},
				{
					"id": 1000401,
					"name": "刘诗杨岗控合伙人北京1",
					"selected": 0
				},
				{
					"id": 1000406,
					"name": "郑连娜-岗控合伙人-北京姓名",
					"selected": 0
				},
				{
					"id": 1000422,
					"name": "温控",
					"selected": 0
				},
				{
					"id": 1000457,
					"name": "melinda_bidmgr",
					"selected": 0
				},
				{
					"id": 1000459,
					"name": "melinda_pl",
					"selected": 0
				},
				{
					"id": 1000494,
					"name": "柴倩怡岗位经理8",
					"selected": 0
				},
				{
					"id": 1000497,
					"name": "高高1-岗控合伙人",
					"selected": 0
				},
				{
					"id": 1000499,
					"name": "岗位合",
					"selected": 0
				},
				{
					"id": 1000524,
					"name": "蔡-岗控",
					"selected": 0
				},
				{
					"id": 1000530,
					"name": "44455",
					"selected": 0
				},
				{
					"id": 1000548,
					"name": "范菲菲",
					"selected": 0
				},
				{
					"id": 1000643,
					"name": "automated_bidmgr_test",
					"selected": 0
				},
				{
					"id": 1000646,
					"name": "automated_bidmgr_test1",
					"selected": 0
				},
				{
					"id": 1000670,
					"name": "automated_bidmgr_yr_test1",
					"selected": 0
				},
				{
					"id": 1000686,
					"name": "杨发销售二",
					"selected": 0
				},
				{
					"id": 1000692,
					"name": "automated_wmf_bidmgr_test",
					"selected": 0
				},
				{
					"id": 1000724,
					"name": "钿钿",
					"selected": 0
				},
				{
					"id": 1000727,
					"name": "automated_bidmgr_test_gn",
					"selected": 0
				},
				{
					"id": 1000730,
					"name": "automated_bidmgr_test_gn1",
					"selected": 0
				},
				{
					"id": 1000741,
					"name": "刘佳",
					"selected": 0
				},
				{
					"id": 1000750,
					"name": "诗杨新品一",
					"selected": 0
				},
				{
					"id": 1000811,
					"name": "自注册一",
					"selected": 0
				},
				{
					"id": 1000816,
					"name": "注册二",
					"selected": 0
				}
			],
			"quality_mgr": [
				{
					"id": 1000089,
					"name": "王雪-谁在删除打短腿",
					"selected": 1
				},
				{
					"id": 1000141,
					"name": "dy运作经理",
					"selected": 0
				},
				{
					"id": 1000178,
					"name": "刘诗杨-运作经理-北京2",
					"selected": 0
				},
				{
					"id": 1000232,
					"name": "柴倩怡现控经理",
					"selected": 0
				},
				{
					"id": 1000244,
					"name": "bj_现控经理1",
					"selected": 0
				},
				{
					"id": 1000261,
					"name": "柴倩怡现控经理2",
					"selected": 0
				},
				{
					"id": 1000279,
					"name": "李雅_北京运作经理",
					"selected": 0
				},
				{
					"id": 1000287,
					"name": "代越管理区测试",
					"selected": 0
				},
				{
					"id": 1000325,
					"name": "龚立佳",
					"selected": 0
				},
				{
					"id": 1000334,
					"name": "dy运作经理北京",
					"selected": 0
				},
				{
					"id": 1000344,
					"name": "nana_buleader",
					"selected": 0
				},
				{
					"id": 1000345,
					"name": "郑连娜_运作经理",
					"selected": 0
				},
				{
					"id": 1000462,
					"name": "单个角色_sales_被使用",
					"selected": 0
				},
				{
					"id": 1000472,
					"name": "王燕芳-运作经理-北京1",
					"selected": 0
				},
				{
					"id": 1000478,
					"name": "彭二狗",
					"selected": 0
				},
				{
					"id": 1000506,
					"name": "测试",
					"selected": 0
				},
				{
					"id": 1000515,
					"name": "高1-运作经理",
					"selected": 0
				},
				{
					"id": 1000544,
					"name": "真实五个字",
					"selected": 0
				},
				{
					"id": 1000709,
					"name": "曹小凌",
					"selected": 0
				},
				{
					"id": 1000821,
					"name": "梅芳运作",
					"selected": 0
				},
				{
					"id": 1000838,
					"name": "外外运作",
					"selected": 0
				}
			],
			"office_address_type": [
				{
					"id": 1,
					"name": "情况未确认",
					"selected": 0
				},
				{
					"id": 2,
					"name": "商圈写字楼、政府集中办公区",
					"selected": 0
				},
				{
					"id": 3,
					"name": "专业市场、物流或工业园区",
					"selected": 0
				},
				{
					"id": 4,
					"name": "街边门面",
					"selected": 0
				},
				{
					"id": 5,
					"name": "居民区住宅楼",
					"selected": 1
				}
			],
			"customer_pay_method": [
				{
					"id": 1,
					"name": "情况未确认",
					"selected": 0
				},
				{
					"id": 2,
					"name": "客户直接向我司付款，无需等待上游结款",
					"selected": 0
				},
				{
					"id": 3,
					"name": "客户等上游结款后再付款给我司",
					"selected": 1
				}
			],
			"upstream_pay_condition": [
				{
					"id": 1,
					"name": "情况未确认",
					"selected": 0
				},
				{
					"id": 2,
					"name": "客户对上游个别企业的结款依赖性非常大",
					"selected": 0
				},
				{
					"id": 3,
					"name": "客户对上游个别企业的结款依赖性较小",
					"selected": 1
				}
			]
		}
	}
}
