{
    "code": 0,
    "info": {
        "pagination": {
            "total": 25,
            "total_pages": 5,
            "per_page": 5,
            "page": 2
        },
        "list": [
            {
                "id": 1000186,
                "name": "公司全称",
                "realname_approve_st_display": "认证状态",
                "has_business_license_image": "营业执照",
                "has_opening_license_image": "开户许可证",
                "project_count": 0,
                "count_start_run": "已开跑客户数",
                "created_at": "创建时间",
                "creator_name": "创建人"
            },
            {
                "id": 1000187,
                "name": "公司全称2",
                "realname_approve_st_display": "认证状态2",
                "has_business_license_image": "营业执照2",
                "has_opening_license_image": "开户许可证2",
                "project_count": 1,
                "count_start_run": "已开跑客户数2",
                "created_at": "创建时间2",
                "creator_name": "创建人2"
            },
            {
                "id": 1000188,
                "name": "公司全称3",
                "realname_approve_st_display": "认证状态3",
                "has_business_license_image": "营业执照3",
                "has_opening_license_image": "开户许可证3",
                "project_count": 0,
                "count_start_run": "已开跑客户数3",
                "created_at": "创建时间3",
                "creator_name": "创建人3"
            },
            {
                "id": 1000189,
                "name": "公司全称4",
                "realname_approve_st_display": "认证状态4",
                "has_business_license_image": "营业执照4",
                "has_opening_license_image": "开户许可证4",
                "project_count": 1,
                "count_start_run": "已开跑客户数4",
                "created_at": "创建时间4",
                "creator_name": "创建人4"
            }
        ]
    }
}
