
{
	"code": 0,
	"info": {
        "name": "集团全称",
        "contact_name": "集团联系人姓名",
        "contact_telephone": "联系人电话",
        "contact_title": "联系人职位",
        "comment": "集团备注",
        "admin_account_id": 0,

        "sales_info": {
            "id": "1",
            "name": "name"
        },

        "account_info": {
            "login_name": "管理员登录名",
            "mobile": "管理员手机",
            "name": "管理员姓名"
        }
    }
}
