{
    "code": 0,
    "info": {
        "pagination": {
            "total": 25,
            "total_pages": 5,
            "per_page": 5,
            "page": 2
        },
        "list": [
            {
                "id": 5,
                "name": "\u9648\u96f7\u96c6\u56e24",
                "company_count": 0,
                "created_at": "2017-03-31 14:40:36",
                "creator": ""
            },
            {
                "id": 4,
                "name": "\u9648\u96f7\u96c6\u56e22",
                "company_count": 0,
                "created_at": "2017-03-31 14:38:43",
                "creator": ""
            },
            {
                "id": 3,
                "name": "\u9648\u96f7\u96c6\u56e23",
                "company_count": 0,
                "created_at": "2017-03-31 14:34:55",
                "creator": ""
            },
            {
                "id": 2,
                "name": "\u5927\u96c6\u56e22",
                "company_count": 0,
                "created_at": "2017-03-29 16:12:45",
                "creator": ""
            },
            {
                "id": 1,
                "name": "\u5927\u96c6\u56e24",
                "company_count": 0,
                "created_at": "2017-03-29 16:11:20",
                "creator": ""
            }
        ],
        "group": [
            {
                "id": 5,
                "name": "\u9648\u96f7\u96c6\u56e24"
            },
            {
                "id": 4,
                "name": "\u9648\u96f7\u96c6\u56e22"
            },
            {
                "id": 3,
                "name": "\u9648\u96f7\u96c6\u56e23"
            },
            {
                "id": 2,
                "name": "\u5927\u96c6\u56e22"
            },
            {
                "id": 1,
                "name": "\u5927\u96c6\u56e24"
            },
            {
                "id": 1,
                "name": "\u5927\u96c6\u56e24111"
            },
            {
                "id": 1,
                "name": "\u5927\u96c6\u56e2222"
            }
        ]
    }
}
