{
    "permission": {
        "show_enable": true,
        "add_enable": true,
        "export_enable": true
    },
    "group": [
        {
            "id": 5,
            "name": "\u9648\u96f7\u96c6\u56e24"
        },
        {
            "id": 4,
            "name": "\u9648\u96f7\u96c6\u56e22"
        },
        {
            "id": 3,
            "name": "\u9648\u96f7\u96c6\u56e23"
        },
        {
            "id": 2,
            "name": "\u5927\u96c6\u56e22"
        },
        {
            "id": 1,
            "name": "\u5927\u96c6\u56e24"
        }
    ],
    "create_time_start": "2017-03-31",
    "create_time_end": "2017-04-06"
}
