{
    "customer": {
        "customer_id": 13788,
        "is_need_invoice": 0,
        "invoice_switch": 1,
        "last_invoice_tax_rate": {
            "code": 0,
            "desc": "无税率"
        },
        "last_invoice_contents": "无发票内容",
        "invoice_tax_rate": {
            "code": 0.11,
            "desc": "11%"
        },
        "invoice_contents": "运费",
        "invoice_start_date": "2017-01-17",
        "memo": "111",
        "contracting_party": {
            "code": 1,
            "desc": "北京云中小鸟科技有限公司"
        },
        "last_contracting_party": {
            "code": 2,
            "desc": "驿路星辰（北京）科技有限公司"
        }
    },
    "permission": {
        "invoice_editable": "true",
         "log_showable": "true",
         "message_showable": "true",
         "package_showable": "true",
         "welfare_showable": "true",
         "subsidy_showable": "true",
         "invoice_showable": "true",
         "contract_showable": "true",
         "lanshou_showable": "true",
         "open_contract_showable": "true",
         "crm_showable": "true",
         "bill_showable": "true",
         "base_showable": "true",
         "insurance_showable": "true",
         "pod_showable": "true",
         "sop_showable": "true",
         "temp_ctrl_showable": "true"
    },
    "config": {
        "tax_rate": [
            {
                "id": 0,
                "name": "无税率",
                "contents": [
                    "无发票内容"
                ],
                "sub": [
                    {
                        "id": 2,
                        "name": "驿路星辰（北京）科技有限公司"
                    }
                ]
            },
            {
                "id": 0.06,
                "name": "6%",
                "contents": [
                    "配送服务费",
                    "货物运输代理服务费"
                ],
                "sub": [
                    {
                        "id": 2,
                        "name": "驿路星辰（北京）科技有限公司"
                    }
                ]
            },
            {
                "id": 0.11,
                "name": "11%",
                "contents": [
                    "这是测试",
                    "运费"
                ],
                "sub": [
                    {
                        "id": 1,
                        "name": "北京云中小鸟科技有限公司"
                    }
                ]
            }
        ]
    }
}
