{
        "view": "sop",
        "debug":false,
        "customer": {
            "customer_id": 13726,
            "sop_type": {
                "code": 300,
                "desc": "sop服务"
            },
            "sop_rate": 0.08,
            "begin_date": "2016-12-14",
            "end_date": "2200-12-12",
            "sop_scope": {
                "code": 2,
                "desc": "仓库"
            },
            "sop_images": [
                "http://test-yn-static.img-cn-beijing.aliyuncs.com/pic/sop/2016-11-17/1479372280684_0.8153483953792602.png",
                "http://test-yn-static.img-cn-beijing.aliyuncs.com/pic/sop/2016-11-17/1479372280684_0.8153483953792602.png"
            ],
            "sop_level": {
                "code": 1,
                "desc": "1级"
            },
            "sop_is_enforce": 1,
            "hide_sop_price_for_customer": 0,
            "self_control_sop": 1,
            "sop_updated_at": "2017-02-28 11:20:57",
            "sop_rate_display": 8,
            "memo": "个性化培训+个性化sop",
            "have_sop": true,
            "current_status": "SOP服务（已实施）",
            "sop_scope_config_display": "实施SOP服务的仓库:11(1103)",
            "sop_level_prejob_trainning_display": "3小时",
            "sop_level_daily_training_display": "20分钟"
        },
        "permission": {
            "sop_editable": true,
            "message_showable": true,
            "package_showable": true,
            "welfare_showable": true,
            "subsidy_showable": true,
            "credit_showable": true,
            "invoice_showable": true,
            "contract_showable": true,
            "lanshou_showable": true,
            "open_contract_showable": true,
            "crm_showable": true,
            "bill_showable": true,
            "base_showable": true,
            "insurance_showable": true,
            "pod_showable": true,
            "sop_showable": true,
            "temp_ctrl_showable": true
        },
        "config": {
          "sop_level": [
                {
                    "id": 1,
                    "name": "1级",
                    "prejob_training": "3小时",
                    "daily_training": "20分钟",
                    "selected": 0
                },
                {
                    "id": 2,
                    "name": "2级",
                    "prejob_training": "10小时",
                    "daily_training": "30分钟",
                    "selected": 0
                },
                {
                    "id": 3,
                    "name": "3级",
                    "prejob_training": "20小时",
                    "daily_training": "40分钟",
                    "selected": 0
                }
            ],
            "sop_scope": [
                {
                    "id": 1,
                    "name": "客户",
                    "selected": 0
                },
                {
                    "id": 2,
                    "name": "仓库",
                    "selected": 1
                }
            ],
            "sop_warehouse": [
                {
                    "warehouse_id": 1104,
                    "name": "33",
                    "selected": 0
                },
                {
                    "warehouse_id": 1103,
                    "name": "11",
                    "selected": 1
                }
            ],
            "cancel_sop_reason_type": [
               {
                   "id": 1,
                   "name": "客户要求摘P"
               },
               {
                   "id": 2,
                   "name": "公司主动摘P"
               }
           ]
        }
}
