{
    "code":0,
    "info":{
        "table_list":{
            "count":10,
            "totalpage": 5,
            "list":[
                {
                    "id":1,
                    "name": "公司全称",
                    "short_name": "公司简称",
                    "city_id": 1,
                    "city_name": "北京",
                    "clue_count": 10,
                    "creator_id":1,
                    "creator_name": "创建人",
                    "created_at": "2017-12-12"
                },
                {
                    "id":2,
                    "name": "公司全称",
                    "short_name": "公司简称",
                    "city_id": 1,
                    "city_name": "北京",
                    "clue_count": 10,
                    "creator_id":1,
                    "creator_name": "创建人",
                    "created_at": "2017-12-12"
                },
                {
                    "id":3,
                    "name": "公司全称",
                    "short_name": "公司简称",
                    "city_id": 1,
                    "city_name": "北京",
                    "clue_count": 10,
                    "creator_id":1,
                    "creator_name": "创建人",
                    "created_at": "2017-12-12"
                }
            ]
        }
    }
}
