{
    "customer": {},
    "customer_list": {
      "totalTime": 1,
      "total": 6,
      "list": [
        {
          "project_type": 2,
          "company_id": 2141,
          "is_frozen": 0,
          "company_name": "测试测试测试测试",
          "name": "名称759300605",
          "finance_pay_type": 100,
          "audit_status": 2,
          "customer_id": 13740,
          "sales_id": 1000180,
          "adcid": 1,
          "status": 2,
          "company": {},
          "adc": {},
          "sales_info": {},
          "project_type_display": "自助",
          "bu_leader": "",
          "profile": {},
          "last_audit_time": ""
        },
        {
          "project_type": 2,
          "company_id": 2141,
          "is_frozen": 0,
          "company_name": "测试测试测试测试",
          "name": "名称060795435",
          "finance_pay_type": 100,
          "audit_status": 2,
          "customer_id": 2491,
          "sales_id": 1000180,
          "adcid": 1,
          "status": 2,
          "company": {},
          "adc": {},
          "sales_info": {},
          "project_type_display": "自助",
          "bu_leader": "",
          "profile": {},
          "last_audit_time": ""
        },
        {
          "project_type": 2,
          "company_id": 2141,
          "is_frozen": 0,
          "company_name": "测试测试测试测试",
          "name": "名称752111360",
          "finance_pay_type": 100,
          "audit_status": 2,
          "customer_id": 980,
          "sales_id": 1000180,
          "adcid": 1,
          "status": 2,
          "company": {},
          "adc": {
            "adcid": 1,
            "name": "北京管理区",
            "title": "北京管理区",
            "status": {
              "code": 1,
              "desc": "正常"
            },
            "addr": "北京市朝阳区卧龙小区11111",
            "assign_bid_mgr_manually": 1,
            "contact_show": 1,
            "in_operation": 0,
            "max_tcsp": 2,
            "recently_update_operation_user": {
              "name": "test"
            },
            "tags": ["华北大区"],
            "zip": "100010",
            "city_ids": [22, 23, 42, 43, 44, 51, 1, 58],
            "commission_rate": 0.12,
            "subsidy_memo": "策略描述内容测试一下测试",
            "subsidy_rate": 0.1,
            "created_at": "2015-12-25 14:35:08",
            "updated_at": "2017-08-28 17:53:49",
            "recently_at": "2017-08-28 17:53:49",
            "car_team_driver_count": 100
          },
          "sales_info": {},
          "project_type_display": "自助",
          "bu_leader": "",
          "profile": {},
          "last_audit_time": ""
        },
        {
          "project_type": 2,
          "company_id": 2141,
          "is_frozen": 0,
          "company_name": "测试测试测试测试",
          "name": "名称740927720",
          "finance_pay_type": 100,
          "audit_status": 2,
          "customer_id": 979,
          "sales_id": 1000180,
          "adcid": 1,
          "status": 2,
          "company": {
            "id": 2141,
            "name": "测试测试测试测试",
            "short_name": "",
            "admin_account_id": 0,
            "group_id": 35,
            "ka_type": 0,
            "realname_approve_status": 300,
            "realname_approve_operator_id": 0,
            "realname_approve_time": "0000-00-00 00:00:00",
            "business_license": "214112312323123",
            "business_license_image":
              "http://test-yn-static.img-cn-beijing.aliyuncs.com/pic/avatar/2017-08-22/1503409874_276988493.",
            "business_license_image_raw":
              "http://test-yn-static.img-cn-beijing.aliyuncs.com/pic/avatar/2017-07-17/1500276156_952947677.png",
            "opening_license_image": "",
            "opening_license_image_raw": "",
            "audit_status": 2,
            "address": "gxd_sale_lead",
            "city_id": 0,
            "province_id": 0,
            "service_telephone": "11011100798",
            "contact_name": "刘诗杨",
            "contact_title": "",
            "contact_telephone": "11011100799",
            "comment": "",
            "sales_id": 1000180,
            "creator_id": 1000180,
            "status": 0,
            "is_active": 1,
            "project_count": 6,
            "cooperate_status": 2,
            "created_at": "2016-07-29 02:28:20",
            "updated_at": "2017-08-22 21:51:14"
          },
          "adc": {
            "adcid": 1,
            "name": "北京管理区",
            "title": "北京管理区",
            "status": {
              "code": 1,
              "desc": "正常"
            },
            "addr": "北京市朝阳区卧龙小区11111",
            "assign_bid_mgr_manually": 1,
            "contact_show": 1,
            "in_operation": 0,
            "max_tcsp": 2,
            "recently_update_operation_user": {
              "name": "test"
            },
            "tags": ["华北大区"],
            "zip": "100010",
            "city_ids": [22, 23, 42, 43, 44, 51, 1, 58],
            "commission_rate": 0.12,
            "subsidy_memo": "策略描述内容测试一下测试",
            "subsidy_rate": 0.1,
            "created_at": "2015-12-25 14:35:08",
            "updated_at": "2017-08-28 17:53:49",
            "recently_at": "2017-08-28 17:53:49",
            "car_team_driver_count": 100
          },
          "sales_info": {
            "admin_user_id": 1000180,
            "name": "lsy_bjsale2",
            "nick": "刘诗杨-客服经理-北京2",
            "mobile": "11011114002",
            "channel": "lsy007",
            "email": "liushiyang24@yunniao.me",
            "city": "北京市",
            "unread_message_count": 1609,
            "adcids": [1],
            "hiredate": "2015-04-24 08:00:00",
            "bird_coins": 200,
            "removed_authz": [],
            "granted_authz": ["客户管理.查看详情.编辑项目类型"],
            "is_bu_lead": 0,
            "buid": [1000081, 1000198],
            "online": 1,
            "status": {
              "code": 200,
              "desc": "上岗"
            },
            "is_delete": 0,
            "roles": ["sales", "god"],
            "created_at": "2015-06-29 17:11:04",
            "business_level": {
              "code": 1,
              "desc": "一级"
            },
            "is_forcibly_update_pass": 0
          },
          "project_type_display": "自助",
          "bu_leader": "",
          "profile": {
            "customer_id": 979,
            "name": "名称740927720",
            "login_name": "名称740927720",
            "nick": "测试用shiyang123",
            "adcid": 1,
            "city": "北京市",
            "city_id": 1,
            "contact": "刘诗杨",
            "mobile": "11011100799",
            "telphones": [],
            "trade_class": {
              "code": 1,
              "desc": "直客"
            },
            "trade_subclass": [],
            "old_trade_class": "TDC",
            "old_trade_subclass": 8,
            "trade_tags": [],
            "status": {
              "code": 2,
              "desc": "正常"
            },
            "is_frozen": 0,
            "is_individual": 0,
            "is_self_register": 0,
            "gmv_status": {
              "code": 1000,
              "desc": "正常"
            },
            "enable_gmv_check": {
              "code": 0,
              "desc": "不启动gmv检查"
            },
            "tender_status": {
              "code": 1,
              "desc": "允许招司机"
            },
            "realname_approve": {
              "code": 300,
              "desc": "未认证"
            },
            "once_logged_in_status": {
              "code": 1,
              "desc": "未知"
            },
            "customer_source": {
              "code": 100,
              "desc": "待确认"
            },
            "creater": "刘诗杨-客服经理-北京2",
            "sales_id": 1000180,
            "main_bid_mgr_id": 1000267,
            "quality_mgr": "quality_mgr",
            "is_open_contract": 1,
            "created_at": "2016-02-29 18:15:27",
            "updated_at": "2017-09-14 03:00:54",
            "audit_status": {
              "code": 2,
              "desc": "待审核"
            }
          },
          "last_audit_time": ""
        },
        {
          "project_type": 2,
          "company_id": 2141,
          "is_frozen": 0,
          "company_name": "测试测试测试测试",
          "name": "名称740766829",
          "finance_pay_type": 100,
          "audit_status": 2,
          "customer_id": 978,
          "sales_id": 1000180,
          "adcid": 1,
          "status": 2,
          "company": {
            "id": 2141,
            "name": "测试测试测试测试",
            "short_name": "",
            "admin_account_id": 0,
            "group_id": 35,
            "ka_type": 0,
            "realname_approve_status": 300,
            "realname_approve_operator_id": 0,
            "realname_approve_time": "0000-00-00 00:00:00",
            "business_license": "214112312323123",
            "business_license_image":
              "http://test-yn-static.img-cn-beijing.aliyuncs.com/pic/avatar/2017-08-22/1503409874_276988493.",
            "business_license_image_raw":
              "http://test-yn-static.img-cn-beijing.aliyuncs.com/pic/avatar/2017-07-17/1500276156_952947677.png",
            "opening_license_image": "",
            "opening_license_image_raw": "",
            "audit_status": 2,
            "address": "gxd_sale_lead",
            "city_id": 0,
            "province_id": 0,
            "service_telephone": "11011100798",
            "contact_name": "刘诗杨",
            "contact_title": "",
            "contact_telephone": "11011100799",
            "comment": "",
            "sales_id": 1000180,
            "creator_id": 1000180,
            "status": 0,
            "is_active": 1,
            "project_count": 6,
            "cooperate_status": 2,
            "created_at": "2016-07-29 02:28:20",
            "updated_at": "2017-08-22 21:51:14"
          },
          "adc": {
            "adcid": 1,
            "name": "北京管理区",
            "title": "北京管理区",
            "status": {
              "code": 1,
              "desc": "正常"
            },
            "addr": "北京市朝阳区卧龙小区11111",
            "assign_bid_mgr_manually": 1,
            "contact_show": 1,
            "in_operation": 0,
            "max_tcsp": 2,
            "recently_update_operation_user": {
              "name": "test"
            },
            "tags": ["华北大区"],
            "zip": "100010",
            "city_ids": [22, 23, 42, 43, 44, 51, 1, 58],
            "commission_rate": 0.12,
            "subsidy_memo": "策略描述内容测试一下测试",
            "subsidy_rate": 0.1,
            "created_at": "2015-12-25 14:35:08",
            "updated_at": "2017-08-28 17:53:49",
            "recently_at": "2017-08-28 17:53:49",
            "car_team_driver_count": 100
          },
          "sales_info": {
            "admin_user_id": 1000180,
            "name": "lsy_bjsale2",
            "nick": "刘诗杨-客服经理-北京2",
            "mobile": "11011114002",
            "channel": "lsy007",
            "email": "liushiyang24@yunniao.me",
            "city": "北京市",
            "unread_message_count": 1609,
            "adcids": [1],
            "hiredate": "2015-04-24 08:00:00",
            "bird_coins": 200,
            "removed_authz": [],
            "granted_authz": ["客户管理.查看详情.编辑项目类型"],
            "is_bu_lead": 0,
            "buid": [1000081, 1000198],
            "online": 1,
            "status": {
              "code": 200,
              "desc": "上岗"
            },
            "is_delete": 0,
            "roles": ["sales", "god"],
            "created_at": "2015-06-29 17:11:04",
            "business_level": {
              "code": 1,
              "desc": "一级"
            },
            "is_forcibly_update_pass": 0
          },
          "project_type_display": "自助",
          "bu_leader": "",
          "profile": {
            "customer_id": 978,
            "name": "名称740766829",
            "login_name": "名称740766829",
            "nick": "测试用shiyang123",
            "adcid": 1,
            "city": "哥谭市",
            "city_id": 5,
            "contact": "刘诗杨",
            "mobile": "11011100799",
            "telphones": [],
            "trade_class": {
              "code": 1,
              "desc": "直客"
            },
            "trade_subclass": {
              "code": 2,
              "desc": "B2C"
            },
            "old_trade_class": "TDC",
            "old_trade_subclass": 8,
            "trade_tags": [],
            "subsidy_id": 1,
            "status": {
              "code": 2,
              "desc": "正常"
            },
            "is_frozen": 0,
            "is_individual": 0,
            "is_self_register": 0,
            "gmv_status": {
              "code": 1000,
              "desc": "正常"
            },
            "enable_gmv_check": {
              "code": 0,
              "desc": "不启动gmv检查"
            },
            "tender_status": {
              "code": 1,
              "desc": "允许招司机"
            },
            "realname_approve": {
              "code": 300,
              "desc": "未认证"
            },
            "once_logged_in_status": {
              "code": 1,
              "desc": "未知"
            },
            "customer_source": {
              "code": 100,
              "desc": "待确认"
            },
            "creater": "刘诗杨-客服经理-北京2",
            "sales_id": 1000180,
            "main_bid_mgr_id": 1000267,
            "quality_mgr": "quality_mgr",
            "is_open_contract": 1,
            "created_at": "2015-05-07 18:15:30",
            "updated_at": "2017-09-14 03:00:54",
            "audit_status": {
              "code": 2,
              "desc": "待审核"
            }
          },
          "last_audit_time": ""
        },
        {
          "project_type": 1,
          "company_id": 2141,
          "is_frozen": 0,
          "company_name": "测试测试测试测试",
          "name": "shiyang123-客户名称赟",
          "finance_pay_type": 100,
          "audit_status": 2,
          "customer_id": 147,
          "sales_id": 1000092,
          "adcid": 1,
          "status": 2,
          "company": {
            "id": 2141,
            "name": "测试测试测试测试",
            "short_name": "",
            "admin_account_id": 0,
            "group_id": 35,
            "ka_type": 0,
            "realname_approve_status": 300,
            "realname_approve_operator_id": 0,
            "realname_approve_time": "0000-00-00 00:00:00",
            "business_license": "214112312323123",
            "business_license_image":
              "http://test-yn-static.img-cn-beijing.aliyuncs.com/pic/avatar/2017-08-22/1503409874_276988493.",
            "business_license_image_raw":
              "http://test-yn-static.img-cn-beijing.aliyuncs.com/pic/avatar/2017-07-17/1500276156_952947677.png",
            "opening_license_image": "",
            "opening_license_image_raw": "",
            "audit_status": 2,
            "address": "gxd_sale_lead",
            "city_id": 0,
            "province_id": 0,
            "service_telephone": "11011100798",
            "contact_name": "刘诗杨",
            "contact_title": "",
            "contact_telephone": "11011100799",
            "comment": "",
            "sales_id": 1000180,
            "creator_id": 1000180,
            "status": 0,
            "is_active": 1,
            "project_count": 6,
            "cooperate_status": 2,
            "created_at": "2016-07-29 02:28:20",
            "updated_at": "2017-08-22 21:51:14"
          },
          "adc": {
            "adcid": 1,
            "name": "北京管理区",
            "title": "北京管理区",
            "status": {
              "code": 1,
              "desc": "正常"
            },
            "addr": "北京市朝阳区卧龙小区11111",
            "assign_bid_mgr_manually": 1,
            "contact_show": 1,
            "in_operation": 0,
            "max_tcsp": 2,
            "recently_update_operation_user": {
              "name": "test"
            },
            "tags": ["华北大区"],
            "zip": "100010",
            "city_ids": [22, 23, 42, 43, 44, 51, 1, 58],
            "commission_rate": 0.12,
            "subsidy_memo": "策略描述内容测试一下测试",
            "subsidy_rate": 0.1,
            "created_at": "2015-12-25 14:35:08",
            "updated_at": "2017-08-28 17:53:49",
            "recently_at": "2017-08-28 17:53:49",
            "car_team_driver_count": 100
          },
          "sales_info": {
            "admin_user_id": 1000092,
            "name": "wangxue4",
            "nick": "王雪客服经理",
            "mobile": "13269335006",
            "channel": "wx",
            "email": "ljch@yunniao.me",
            "city": "北京市",
            "unread_message_count": 1615,
            "adcids": [1],
            "hiredate": "2013-04-08 08:00:00",
            "bird_coins": 200,
            "removed_authz": ["检察中心.手机号查询"],
            "granted_authz": [],
            "is_bu_lead": 0,
            "buid": [],
            "online": 1,
            "status": {
              "code": 200,
              "desc": "上岗"
            },
            "is_delete": 0,
            "roles": ["sales", "god"],
            "created_at": "2015-04-13 10:34:08",
            "business_level": {
              "code": 1,
              "desc": "一级"
            },
            "is_forcibly_update_pass": 0
          },
          "project_type_display": "封装",
          "bu_leader": "",
          "profile": {
            "customer_id": 147,
            "name": "shiyang123-客户名称赟",
            "login_name": "shiyang123",
            "nick": "诗杨一二三在任务中显示的客户名称一二三四",
            "adcid": 1,
            "crm_id": 11200200,
            "city": "上海市",
            "city_id": 2,
            "contact": "诗杨",
            "mobile": "11011111126",
            "telphones": [],
            "trade_class": {
              "code": 1,
              "desc": "直客"
            },
            "trade_subclass": {
              "code": 7,
              "desc": "RS（零售供应商、大批发商等）"
            },
            "old_trade_class": "TDC",
            "old_trade_subclass": 8,
            "trade_tags": [
              {
                "code": 300,
                "desc": "家具"
              }
            ],
            "trade_tag_other_desc": "",
            "subsidy_id": 1,
            "status": {
              "code": 2,
              "desc": "正常"
            },
            "is_frozen": 0,
            "is_individual": 0,
            "is_self_register": 0,
            "gmv_status": {
              "code": 1000,
              "desc": "正常"
            },
            "enable_gmv_check": {
              "code": 0,
              "desc": "不启动gmv检查"
            },
            "tender_status": {
              "code": 1,
              "desc": "允许招司机"
            },
            "realname_approve": {
              "code": 300,
              "desc": "未认证"
            },
            "once_logged_in_status": {
              "code": 3,
              "desc": "是"
            },
            "customer_source": {
              "code": 200,
              "desc": "顾问自拓"
            },
            "creater": "bj_客服经理1",
            "sales_id": 1000092,
            "main_bid_mgr_id": 1000290,
            "quality_mgr": "柴倩怡现控经理",
            "quality_mgr_id": 1000232,
            "project_operation_mgr_id": 1000107,
            "is_first_contract": 0,
            "read_novice_guide": 1,
            "read_accident_setting": 1,
            "is_read_help": 1,
            "enter_subaccount_manage": 1,
            "read_operation_data_setting": 1,
            "is_open_contract": 1,
            "created_at": "2015-05-07 18:15:30",
            "updated_at": "2017-09-14 03:00:57",
            "audit_status": {
              "code": 2,
              "desc": "待审核"
            },
            "visiting_card_image": "",
            "cargo_type": {
              "code": 1000,
              "desc": "家具"
            }
          },
          "last_audit_time": ""
        }
      ],
      "pagination": {
        "total": 6,
        "total_pages": 1,
        "per_page": 20,
        "page": 1,
        "pre_page": 1,
        "next_page": 1,
        "count": 6
      }
    },
    "business_info": [
      {
        "name": "小米科技有限责任公司",
        "credit_code": "91110108551385082Q",
        "econ_kind": "有限责任公司(自然人投资或控股)",
        "start_date": "2010-03-03",
        "status": "在营（开业）企业",
        "terms_tart": "2010-03-03",
        "terms_end": "2030-03-02",
        "regist_capi": "185000 万元",
        "oper_name": "雷军",
        "address": "北京市海淀区清河中街68号华润五彩城购物中心二期13层",
        "phone": "",
        "email": ""
      }
    ],
    "company": {
      "id": 2141,
      "name": "测试测试测试测试",
      "short_name": "",
      "admin_account_id": 0,
      "group_id": 35,
      "ka_type": 0,
      "realname_approve_status": 300,
      "realname_approve_operator_id": 0,
      "realname_approve_time": "0000-00-00 00:00:00",
      "business_license": "214112312323123",
      "business_license_image":
        "http://test-yn-static.img-cn-beijing.aliyuncs.com/pic/avatar/2017-08-22/1503409874_276988493.",
      "business_license_image_raw":
        "http://test-yn-static.img-cn-beijing.aliyuncs.com/pic/avatar/2017-07-17/1500276156_952947677.png",
      "opening_license_image": "",
      "opening_license_image_raw": "",
      "audit_status": 2,
      "address": "gxd_sale_lead",
      "city_id": 0,
      "province_id": 0,
      "service_telephone": "11011100798",
      "contact_name": "刘诗杨",
      "contact_title": "",
      "contact_telephone": "11011100799",
      "comment": "",
      "sales_id": 1000180,
      "creator_id": 1000180,
      "status": 0,
      "is_active": 1,
      "project_count": 6,
      "cooperate_status": 2,
      "created_at": "2016-07-29 02:28:20",
      "updated_at": "2017-08-22 21:51:14"
    }
}
