{
 	"code": 0,
    "info": {
        "list":[
        	{
				"id":1,
				"driver_id":1,
				"citizen_id":4,
				"adc_id":100,
				"adc_name":100,
				"created_at":"2017-07-25 14:11:12",
				"updated_at":"2017-07-25 14:11:12",
				"driver_mobile":15012341234,
				"car_num": "京12345",
				"driver_name":"姓名",
				"avatar": "http://pic.yunniao.cn/pic/avatar/2016-05-03/1462268272_0.1957941025029868.640x640.jpg",
				"engine_num":"1234343455",
				"vehicle_identification_number":"3434354344",
				"status": 100,
				"status_display": "已提交",
				"insurance_type": 100,
				"insurance_type_display": "交强险",
				"is_return_money": 0,
				"insurance_policy_number": "23434354",
				"car_reg_date": "2016-05-03 08:00:00",
				"citizen_id_image":{
					"small":"http://pic.yunniao.cn/pic/avatar/2016-05-03/1462268272_0.1957941025029868.640x640.jpg",
					"big":"http://pic.yunniao.cn/pic/avatar/2016-05-03/1462268272_0.1957941025029868.640x640.jpg"
				},
				"vehicle_licence_image":{
					"small":"http://pic.yunniao.cn/pic/avatar/2016-05-03/1462268272_0.1957941025029868.640x640.jpg",
					"big":"http://pic.yunniao.cn/pic/avatar/2016-05-03/1462268272_0.1957941025029868.640x640.jpg"
				},
				"car_validate_image": {
					 "left_front": {
						"small":"http://pic.yunniao.cn/pic/avatar/2016-05-03/1462268272_0.1957941025029868.640x640.jpg",
						"big":"http://pic.yunniao.cn/pic/avatar/2016-05-03/1462268272_0.1957941025029868.640x640.jpg"
					},
					"right_front": {
						"small":"http://img2.imgtn.bdimg.com/it/u=1484342823,356366591&fm=27&gp=0.jpg",
						"big":"http://img2.imgtn.bdimg.com/it/u=1484342823,356366591&fm=27&gp=0.jpg"
					},
					"left_back":{
						"small":"http://pic.yunniao.cn/pic/avatar/2016-05-03/1462268272_0.1957941025029868.640x640.jpg",
						"big":"http://pic.yunniao.cn/pic/avatar/2016-05-03/1462268272_0.1957941025029868.640x640.jpg"
					},
					"right_back":{
						"small":"http://pic.yunniao.cn/pic/avatar/2016-05-03/1462268272_0.1957941025029868.640x640.jpg",
						"big":"http://pic.yunniao.cn/pic/avatar/2016-05-03/1462268272_0.1957941025029868.640x640.jpg"
					}
				},
				"comment": "大家放假"
			},
			{
				"id":1,
				"driver_id":1,
				"citizen_id":4,
				"adc_id":100,
				"adc_name":100,
				"created_at":"2017-07-25 14:11:12",
				"updated_at":"2017-07-25 14:11:12",
				"driver_mobile":15012341234,
				"car_num": "京12345",
				"driver_name":"姓名",
				"avatar": "http://pic.yunniao.cn/pic/avatar/2016-05-03/1462268272_0.1957941025029868.640x640.jpg",
				"engine_num":"1234343455",
				"vehicle_identification_number":"3434354344",
				"status": 300,
				"status_display": "已提交",
				"insurance_type": 100,
				"insurance_type_display": "交强险",
				"is_return_money": 0,
				"insurance_policy_number": "23434354",
				"car_reg_date": "2016-05-03 08:00:00",
				"citizen_id_image":{
					"small":"http://pic.yunniao.cn/pic/avatar/2016-05-03/1462268272_0.1957941025029868.640x640.jpg",
					"big":"http://pic.yunniao.cn/pic/avatar/2016-05-03/1462268272_0.1957941025029868.640x640.jpg"
				},
				"vehicle_licence_image":{
					"small":"http://pic.yunniao.cn/pic/avatar/2016-05-03/1462268272_0.1957941025029868.640x640.jpg",
					"big":"http://pic.yunniao.cn/pic/avatar/2016-05-03/1462268272_0.1957941025029868.640x640.jpg"
				},
				"car_validate_image":[
					{
						"small":"http://pic.yunniao.cn/pic/avatar/2016-05-03/1462268272_0.1957941025029868.640x640.jpg",
						"big":"http://pic.yunniao.cn/pic/avatar/2016-05-03/1462268272_0.1957941025029868.640x640.jpg"
					},
					{
						"small":"http://pic.yunniao.cn/pic/avatar/2016-05-03/1462268272_0.1957941025029868.640x640.jpg",
						"big":"http://pic.yunniao.cn/pic/avatar/2016-05-03/1462268272_0.1957941025029868.640x640.jpg"
					},
					{
						"small":"http://pic.yunniao.cn/pic/avatar/2016-05-03/1462268272_0.1957941025029868.640x640.jpg",
						"big":"http://pic.yunniao.cn/pic/avatar/2016-05-03/1462268272_0.1957941025029868.640x640.jpg"
					},
					{
						"small":"http://pic.yunniao.cn/pic/avatar/2016-05-03/1462268272_0.1957941025029868.640x640.jpg",
						"big":"http://pic.yunniao.cn/pic/avatar/2016-05-03/1462268272_0.1957941025029868.640x640.jpg"
					}
				],
				"comment": ""
			}
		],
		"pagination": {
			"total": 1,
			"total_pages": 1,
			"per_page": 20,
			"page": 1,
			"next_page": 1
		}
    },
    "car_insurance_status": {
    	"submit": {
			"code": 100,
			"name": "已提交"
    	},
		"invalid": {
			"code": 200,
			"name": "信息无效"
		},
		"success": {
			"code": 300,
			"name": "投保成功"
		}
    }

}
