{
    "code": 0,
    "info": [{
            "id": 1,
            "name": "北京市",
            "adc_id": 1,
            "province_id": 0,
            "traffic_limit": 1,
            "need_approve": 1,
            "enable_driver": 0,
            "enable_warehouse": 0,
            "default_addr": "人民纪念碑",
            "default_addr_lot": 116.404,
            "default_addr_lat": 39.915,
            "areas": []
        },{
            "id": 20,
            "name": "合肥市",
            "adc_id": 1,
            "province_id": 0,
            "traffic_limit": 0,
            "need_approve": 0,
            "enable_driver": 0,
            "enable_warehouse": 0,
            "default_addr": "合肥市政府",
            "default_addr_lot": 117.233632,
            "default_addr_lat": 31.826567
        }
    ]
}