{
    "code": 0,
    "totalTime": 1,
	"info": {
		"list": [
	        {
	            "driver_id": 2291078,
	            "is_trained": 0,
	            "heartbeat_time": "2017-02-13T15:45:12+0800",
	            "ynid": 0,
	            "name": "海洋十五",
	            "car_num": "",
	            "in_black": 0,
	            "dd_id": 1000510,
	            "citizenid": "431225198604168281",
	            "adcid": 3,
	            "avatar": "http://test-yn-static.img-cn-beijing.aliyuncs.com/pic/avatar/2017-02-13/1486970118500_0.3391693106629369.jpg",
	            "car_type_name": "普通轿车",
	            "tags": [
	                1,
	                5
	            ],
	            "status_display": "可用",
	            "is_tixi": 0,
	            "city_id": 10,
	            "district_id": 219,
	            "check_in_count": 0,
	            "bid_selected_count": 0,
	            "adc_name": "广州管理区",
	            "dd_name": "拓展测试",
	            "cteam_name": "abasfwerzxcvasdf",
	            "yn_exp_trade_display": "",
	            "yn_exp_receiver_display": "",
	            "dd_comment": "12",
	            "is_tixi_display": "否",
	            "is_trained_display": "否",
	            "in_black_display": "否",
	            "tag_names_display": "",
	            "tags_display": "【固定货源，无法接活】,【已离开注册城市】"
	        },
	        {
	            "driver_id": 2223815,
	            "is_trained": 0,
	            "heartbeat_time": "2017-02-10T14:32:41+0800",
	            "ynid": 0,
	            "name": "王金超",
	            "car_num": "",
	            "in_black": 0,
	            "dd_id": 1000007,
	            "citizenid": "371526199001114816",
	            "adcid": 1,
	            "avatar": "https://pic.yunniao.cn/pic/avatar/2016-09-08/1473308505964_0.7872744178740212.jpg",
	            "car_type_name": "高顶金杯",
	            "tags": [],
	            "status_display": "可用",
	            "is_tixi": 0,
	            "city_id": 1,
	            "district_id": 12,
	            "check_in_count": 0,
	            "bid_selected_count": 0,
	            "adc_name": "北京管理区",
	            "dd_name": "",
	            "cteam_name": "",
	            "yn_exp_trade_display": "",
	            "yn_exp_receiver_display": "",
	            "dd_comment": "",
	            "is_tixi_display": "否",
	            "is_trained_display": "否",
	            "in_black_display": "否",
	            "tag_names_display": ""
	        },
	        {
	            "driver_id": 2006646,
	            "is_trained": 0,
	            "heartbeat_time": "2017-06-02T17:31:46+0800",
	            "ynid": 0,
	            "name": "杨蔓任务",
	            "car_num": "",
	            "in_black": 0,
	            "dd_id": 1000719,
	            "citizenid": "",
	            "adcid": 2,
	            "avatar": "",
	            "car_type_name": "高顶金杯",
	            "tags": [],
	            "status_display": "可用",
	            "is_tixi": 0,
	            "city_id": 2,
	            "district_id": 55,
	            "check_in_count": 0,
	            "bid_selected_count": 0,
	            "adc_name": "上海管理区",
	            "dd_name": "上海拓展",
	            "cteam_name": "",
	            "yn_exp_trade_display": "",
	            "yn_exp_receiver_display": "",
	            "dd_comment": "",
	            "is_tixi_display": "否",
	            "is_trained_display": "否",
	            "in_black_display": "否",
	            "tag_names_display": ""
	        },
	        {
	            "driver_id": 2006645,
	            "is_trained": 0,
	            "heartbeat_time": "2017-06-02T17:43:39+0800",
	            "ynid": 0,
	            "name": "杨蔓",
	            "car_num": "",
	            "in_black": 0,
	            "dd_id": 1000408,
	            "citizenid": "11010119910601125X",
	            "adcid": 1,
	            "avatar": "https://pic.yunniao.cn/pic/avatar/2017_06_02/1496396108671_258076600.jpg",
	            "car_type_name": "平顶金杯",
	            "tags": [],
	            "status_display": "可用",
	            "is_tixi": 0,
	            "city_id": 1,
	            "district_id": 35,
	            "check_in_count": 0,
	            "bid_selected_count": 0,
	            "adc_name": "北京管理区",
	            "dd_name": "柴倩怡拓展经理3",
	            "cteam_name": "",
	            "yn_exp_trade_display": "",
	            "yn_exp_receiver_display": "",
	            "dd_comment": "",
	            "is_tixi_display": "否",
	            "is_trained_display": "否",
	            "in_black_display": "否",
	            "tag_names_display": ""
	        },
	        {
	            "driver_id": 2006625,
	            "is_trained": 0,
	            "heartbeat_time": "2017-05-31T14:49:09+0800",
	            "ynid": 0,
	            "name": "梁测试运力",
	            "car_num": "",
	            "in_black": 0,
	            "dd_id": 1000272,
	            "citizenid": "",
	            "adcid": 1,
	            "avatar": "",
	            "car_type_name": "小面",
	            "tags": [],
	            "status_display": "可用",
	            "is_tixi": 0,
	            "city_id": 1,
	            "district_id": 36,
	            "check_in_count": 0,
	            "bid_selected_count": 0,
	            "adc_name": "北京管理区",
	            "dd_name": "程亚荣",
	            "cteam_name": "",
	            "yn_exp_trade_display": "",
	            "yn_exp_receiver_display": "",
	            "dd_comment": "",
	            "is_tixi_display": "否",
	            "is_trained_display": "否",
	            "in_black_display": "否",
	            "tag_names_display": ""
	        },
	        {
	            "driver_id": 2006623,
	            "is_trained": 0,
	            "heartbeat_time": "2017-05-23T20:21:28+0800",
	            "ynid": 1202,
	            "name": "燕芳二八",
	            "car_num": "京A668856",
	            "in_black": 0,
	            "dd_id": 1000271,
	            "citizenid": "340100199207222538",
	            "adcid": 1,
	            "avatar": "http://test-yn-static.img-cn-beijing.aliyuncs.com/pic/avatar/2017-05-23/1495540768630_0.011900331521532137.jpg",
	            "car_type_name": "小面包",
	            "tags": [],
	            "status_display": "可用",
	            "is_tixi": 1,
	            "city_id": 1,
	            "district_id": 36,
	            "check_in_count": 1,
	            "bid_selected_count": 0,
	            "adc_name": "北京管理区",
	            "dd_name": "王燕芳-拓展经理-北京1",
	            "cteam_name": "",
	            "yn_exp_trade_display": "",
	            "yn_exp_receiver_display": "",
	            "dd_comment": "",
	            "is_tixi_display": "是",
	            "is_trained_display": "否",
	            "in_black_display": "否",
	            "tag_names_display": ""
	        },
	        {
	            "driver_id": 2006619,
	            "is_trained": 0,
	            "heartbeat_time": "2017-05-23T14:44:32+0800",
	            "ynid": 0,
	            "name": "哈哈",
	            "car_num": "",
	            "in_black": 0,
	            "dd_id": 1000200,
	            "citizenid": "",
	            "adcid": 10,
	            "avatar": "",
	            "car_type_name": "平顶金杯",
	            "tags": [],
	            "status_display": "可用",
	            "is_tixi": 0,
	            "city_id": 1,
	            "district_id": 35,
	            "check_in_count": 0,
	            "bid_selected_count": 0,
	            "adc_name": "成都管理区",
	            "dd_name": "dy上海拓展经理",
	            "cteam_name": "gaodui2",
	            "yn_exp_trade_display": "",
	            "yn_exp_receiver_display": "",
	            "dd_comment": "",
	            "is_tixi_display": "否",
	            "is_trained_display": "否",
	            "in_black_display": "否",
	            "tag_names_display": ""
	        },
	        {
	            "driver_id": 2006618,
	            "is_trained": 0,
	            "heartbeat_time": "2017-05-26T18:08:32+0800",
	            "ynid": 0,
	            "name": "李宗三",
	            "car_num": "京Z654324",
	            "in_black": 0,
	            "dd_id": 1000250,
	            "citizenid": "500110199311130505",
	            "adcid": 1,
	            "avatar": "http://test-yn-static.img-cn-beijing.aliyuncs.com/pic/avatar/2017-05-26/1495793356811_0.17543516600838682.jpg",
	            "car_type_name": "高顶金杯",
	            "tags": [],
	            "status_display": "可用",
	            "is_tixi": 0,
	            "city_id": 6,
	            "district_id": 0,
	            "check_in_count": 0,
	            "bid_selected_count": 0,
	            "adc_name": "北京管理区",
	            "dd_name": "柴倩怡拓展经理",
	            "cteam_name": "",
	            "yn_exp_trade_display": "",
	            "yn_exp_receiver_display": "",
	            "dd_comment": "",
	            "is_tixi_display": "否",
	            "is_trained_display": "否",
	            "in_black_display": "否",
	            "tag_names_display": ""
	        },
	        {
	            "driver_id": 2006617,
	            "is_trained": 0,
	            "heartbeat_time": "2017-05-23T14:10:55+0800",
	            "ynid": 1201,
	            "name": "燕芳二六",
	            "car_num": "京A256984",
	            "in_black": 0,
	            "dd_id": 1000271,
	            "citizenid": "231024197502065792",
	            "adcid": 1,
	            "avatar": "http://test-yn-static.img-cn-beijing.aliyuncs.com/pic/avatar/2017-05-23/1495515351548_0.48715697768057786.jpg",
	            "car_type_name": "小面包",
	            "tags": [],
	            "status_display": "可用",
	            "is_tixi": 1,
	            "city_id": 1,
	            "district_id": 36,
	            "check_in_count": 1,
	            "bid_selected_count": 0,
	            "adc_name": "北京管理区",
	            "dd_name": "王燕芳-拓展经理-北京1",
	            "cteam_name": "",
	            "yn_exp_trade_display": "",
	            "yn_exp_receiver_display": "",
	            "dd_comment": "",
	            "is_tixi_display": "是",
	            "is_trained_display": "否",
	            "in_black_display": "否",
	            "tag_names_display": ""
	        },
	        {
	            "driver_id": 2006616,
	            "is_trained": 0,
	            "heartbeat_time": "2017-05-23T13:34:16+0800",
	            "ynid": 1200,
	            "name": "燕芳二五",
	            "car_num": "京A265874",
	            "in_black": 0,
	            "dd_id": 1000271,
	            "citizenid": "341103198708104164",
	            "adcid": 1,
	            "avatar": "http://test-yn-static.img-cn-beijing.aliyuncs.com/pic/avatar/2017-05-23/1495511071458_0.6792434492962582.jpg",
	            "car_type_name": "小面包",
	            "tags": [],
	            "status_display": "可用",
	            "is_tixi": 1,
	            "city_id": 1,
	            "district_id": 41,
	            "check_in_count": 1,
	            "bid_selected_count": 0,
	            "adc_name": "北京管理区",
	            "dd_name": "王燕芳-拓展经理-北京1",
	            "cteam_name": "",
	            "yn_exp_trade_display": "",
	            "yn_exp_receiver_display": "",
	            "dd_comment": "",
	            "is_tixi_display": "是",
	            "is_trained_display": "否",
	            "in_black_display": "否",
	            "tag_names_display": ""
	        },
	        {
	            "driver_id": 2006615,
	            "is_trained": 0,
	            "heartbeat_time": "2017-05-23T12:34:36+0800",
	            "ynid": 1199,
	            "name": "燕芳二四",
	            "car_num": "京A744114",
	            "in_black": 0,
	            "dd_id": 1000271,
	            "citizenid": "370826197806114318",
	            "adcid": 1,
	            "avatar": "http://test-yn-static.img-cn-beijing.aliyuncs.com/pic/avatar/2017-05-23/1495508804226_0.8514352170481153.jpg",
	            "car_type_name": "小面包",
	            "tags": [],
	            "status_display": "可用",
	            "is_tixi": 1,
	            "city_id": 1,
	            "district_id": 37,
	            "check_in_count": 1,
	            "bid_selected_count": 0,
	            "adc_name": "北京管理区",
	            "dd_name": "王燕芳-拓展经理-北京1",
	            "cteam_name": "",
	            "yn_exp_trade_display": "",
	            "yn_exp_receiver_display": "",
	            "dd_comment": "",
	            "is_tixi_display": "是",
	            "is_trained_display": "否",
	            "in_black_display": "否",
	            "tag_names_display": ""
	        },
	        {
	            "driver_id": 2006614,
	            "is_trained": 0,
	            "heartbeat_time": "2017-05-23T11:50:34+0800",
	            "ynid": 1198,
	            "name": "燕芳二三",
	            "car_num": "京A355847",
	            "in_black": 0,
	            "dd_id": 1000271,
	            "citizenid": "513327197601029468",
	            "adcid": 1,
	            "avatar": "http://test-yn-static.img-cn-beijing.aliyuncs.com/pic/avatar/2017-05-23/1495508556651_0.8560032069034866.jpg",
	            "car_type_name": "小面包",
	            "tags": [],
	            "status_display": "可用",
	            "is_tixi": 1,
	            "city_id": 1,
	            "district_id": 35,
	            "check_in_count": 1,
	            "bid_selected_count": 0,
	            "adc_name": "北京管理区",
	            "dd_name": "王燕芳-拓展经理-北京1",
	            "cteam_name": "",
	            "yn_exp_trade_display": "",
	            "yn_exp_receiver_display": "",
	            "dd_comment": "",
	            "is_tixi_display": "是",
	            "is_trained_display": "否",
	            "in_black_display": "否",
	            "tag_names_display": ""
	        },
	        {
	            "driver_id": 2006613,
	            "is_trained": 0,
	            "heartbeat_time": "2017-05-23T20:36:58+0800",
	            "ynid": 1197,
	            "name": "燕芳二二",
	            "car_num": "京A145236",
	            "in_black": 0,
	            "dd_id": 1000271,
	            "citizenid": "361030199008291650",
	            "adcid": 1,
	            "avatar": "http://test-yn-static.img-cn-beijing.aliyuncs.com/pic/avatar/2017-05-23/1495507109858_0.7116279701134481.jpg",
	            "car_type_name": "小面包",
	            "tags": [],
	            "status_display": "可用",
	            "is_tixi": 1,
	            "city_id": 1,
	            "district_id": 35,
	            "check_in_count": 1,
	            "bid_selected_count": 0,
	            "adc_name": "北京管理区",
	            "dd_name": "王燕芳-拓展经理-北京1",
	            "cteam_name": "",
	            "yn_exp_trade_display": "",
	            "yn_exp_receiver_display": "",
	            "dd_comment": "",
	            "is_tixi_display": "是",
	            "is_trained_display": "否",
	            "in_black_display": "否",
	            "tag_names_display": ""
	        },
	        {
	            "driver_id": 2006612,
	            "is_trained": 0,
	            "heartbeat_time": "2017-05-24T10:58:57+0800",
	            "ynid": 1194,
	            "name": "嗯哼",
	            "car_num": "京A14788",
	            "in_black": 0,
	            "dd_id": 1000680,
	            "citizenid": "441881197808243029",
	            "adcid": 1,
	            "avatar": "http://test-yn-static.img-cn-beijing.aliyuncs.com/pic/avatar/2017-05-23/1495504658031_0.4996796066162147.jpg",
	            "car_type_name": "平顶金杯",
	            "tags": [],
	            "status_display": "可用",
	            "is_tixi": 0,
	            "city_id": 1,
	            "district_id": 35,
	            "check_in_count": 1,
	            "bid_selected_count": 0,
	            "adc_name": "北京管理区",
	            "dd_name": "杨发拓展",
	            "cteam_name": "",
	            "yn_exp_trade_display": "",
	            "yn_exp_receiver_display": "",
	            "dd_comment": "",
	            "is_tixi_display": "否",
	            "is_trained_display": "否",
	            "in_black_display": "否",
	            "tag_names_display": ""
	        },
	        {
	            "driver_id": 2006609,
	            "is_trained": 0,
	            "heartbeat_time": "2017-05-22T16:06:26+0800",
	            "ynid": 1192,
	            "name": "燕芳二一",
	            "car_num": "京A111111",
	            "in_black": 0,
	            "dd_id": 1000271,
	            "citizenid": "141023198007092853",
	            "adcid": 1,
	            "avatar": "http://test-yn-static.img-cn-beijing.aliyuncs.com/pic/avatar/2017-05-19/1495186479110_0.20117381978047033.jpg",
	            "car_type_name": "小面包",
	            "tags": [],
	            "status_display": "可用",
	            "is_tixi": 0,
	            "city_id": 1,
	            "district_id": 35,
	            "check_in_count": 1,
	            "bid_selected_count": 0,
	            "adc_name": "北京管理区",
	            "dd_name": "王燕芳-拓展经理-北京1",
	            "cteam_name": "",
	            "yn_exp_trade_display": "",
	            "yn_exp_receiver_display": "",
	            "dd_comment": "",
	            "is_tixi_display": "否",
	            "is_trained_display": "否",
	            "in_black_display": "否",
	            "tag_names_display": ""
	        },
	        {
	            "driver_id": 2006607,
	            "is_trained": 0,
	            "heartbeat_time": "2017-05-19T10:12:52+0800",
	            "ynid": 0,
	            "name": "默默",
	            "car_num": "",
	            "in_black": 0,
	            "dd_id": 1000471,
	            "citizenid": "410822197910134885",
	            "adcid": 1,
	            "avatar": "",
	            "car_type_name": "小面",
	            "tags": [],
	            "status_display": "可用",
	            "is_tixi": 0,
	            "city_id": 1,
	            "district_id": 35,
	            "check_in_count": 0,
	            "bid_selected_count": 0,
	            "adc_name": "北京管理区",
	            "dd_name": "王燕芳-拓展经理-北京2",
	            "cteam_name": "",
	            "yn_exp_trade_display": "",
	            "yn_exp_receiver_display": "",
	            "dd_comment": "",
	            "is_tixi_display": "否",
	            "is_trained_display": "否",
	            "in_black_display": "否",
	            "tag_names_display": ""
	        },
	        {
	            "driver_id": 2006606,
	            "is_trained": 0,
	            "heartbeat_time": "2017-05-18T10:25:06+0800",
	            "ynid": 0,
	            "name": "经济",
	            "car_num": "",
	            "in_black": 0,
	            "dd_id": 1000218,
	            "citizenid": "620902198411108555",
	            "adcid": 2,
	            "avatar": "",
	            "car_type_name": "依维柯",
	            "tags": [],
	            "status_display": "可用",
	            "is_tixi": 0,
	            "city_id": 2,
	            "district_id": 55,
	            "check_in_count": 0,
	            "bid_selected_count": 0,
	            "adc_name": "上海管理区",
	            "dd_name": "李雅_昆山拓展",
	            "cteam_name": "",
	            "yn_exp_trade_display": "",
	            "yn_exp_receiver_display": "",
	            "dd_comment": "",
	            "is_tixi_display": "否",
	            "is_trained_display": "否",
	            "in_black_display": "否",
	            "tag_names_display": ""
	        },
	        {
	            "driver_id": 2006605,
	            "is_trained": 0,
	            "heartbeat_time": "2017-05-23T16:40:21+0800",
	            "ynid": 0,
	            "name": "倒带",
	            "car_num": "",
	            "in_black": 0,
	            "dd_id": 1000496,
	            "citizenid": "230803197804198030",
	            "adcid": 1,
	            "avatar": "",
	            "car_type_name": "小面",
	            "tags": [],
	            "status_display": "可用",
	            "is_tixi": 0,
	            "city_id": 1,
	            "district_id": 35,
	            "check_in_count": 0,
	            "bid_selected_count": 0,
	            "adc_name": "北京管理区",
	            "dd_name": "melinda_拓展",
	            "cteam_name": "",
	            "yn_exp_trade_display": "",
	            "yn_exp_receiver_display": "",
	            "dd_comment": "",
	            "is_tixi_display": "否",
	            "is_trained_display": "否",
	            "in_black_display": "否",
	            "tag_names_display": ""
	        },
	        {
	            "driver_id": 2006603,
	            "is_trained": 0,
	            "heartbeat_time": "2017-05-17T20:25:35+0800",
	            "ynid": 0,
	            "name": "李宗一",
	            "car_num": "津B12Q456",
	            "in_black": 0,
	            "dd_id": 1000151,
	            "citizenid": "230781198712041210",
	            "adcid": 1,
	            "avatar": "http://test-yn-static.img-cn-beijing.aliyuncs.com/pic/avatar/2017-05-17/1495016289981_0.17823746363004989.jpg",
	            "car_type_name": "依维柯",
	            "tags": [],
	            "status_display": "可用",
	            "is_tixi": 0,
	            "city_id": 1,
	            "district_id": 36,
	            "check_in_count": 0,
	            "bid_selected_count": 0,
	            "adc_name": "北京管理区",
	            "dd_name": "刘诗杨-拓展经理-北京2",
	            "cteam_name": "",
	            "yn_exp_trade_display": "",
	            "yn_exp_receiver_display": "",
	            "dd_comment": "",
	            "is_tixi_display": "否",
	            "is_trained_display": "否",
	            "in_black_display": "否",
	            "tag_names_display": ""
	        },
	        {
	            "driver_id": 2006601,
	            "is_trained": 0,
	            "heartbeat_time": "2017-05-18T16:04:05+0800",
	            "ynid": 0,
	            "name": "尚尔乐",
	            "car_num": "京F54689",
	            "in_black": 0,
	            "dd_id": 1000151,
	            "citizenid": "440901197802126991",
	            "adcid": 1,
	            "avatar": "http://test-yn-static.img-cn-beijing.aliyuncs.com/pic/avatar/2017-05-17/1495007859433_0.3617599727540509.jpg",
	            "car_type_name": "依维柯",
	            "tags": [],
	            "status_display": "可用",
	            "is_tixi": 0,
	            "city_id": 1,
	            "district_id": 36,
	            "check_in_count": 0,
	            "bid_selected_count": 0,
	            "adc_name": "北京管理区",
	            "dd_name": "刘诗杨-拓展经理-北京2",
	            "cteam_name": "",
	            "yn_exp_trade_display": "",
	            "yn_exp_receiver_display": "",
	            "dd_comment": "",
	            "is_tixi_display": "否",
	            "is_trained_display": "否",
	            "in_black_display": "否",
	            "tag_names_display": ""
	        }
	    ],
		"pagination": {
		    "total": 5567,
		    "total_pages": 279,
		    "per_page": 20,
		    "page": 1,
		    "pre_page": 1,
		    "next_page": 2,
		    "count": 20
		}
	},
	"train_before_work_type_list": [
		{
		"code": 100,
		"desc": "未培训"
		},
		{
		"code": 200,
		"desc": "网络培训"
		},
		{
		"code": 300,
		"desc": "电话培训"
		},
		{
		"code": 400,
		"desc": "现场培训"
		},
		{
		"code": 500,
		"desc": "公司培训"
		}
	],
	"yn_exp_trade_list": [
		{
		"code": 1,
		"desc": "建材"
		},
		{
		"code": 2,
		"desc": "食材"
		},
		{
		"code": 4,
		"desc": "洗涤"
		},
		{
		"code": 8,
		"desc": "母婴"
		},
		{
		"code": 16,
		"desc": "3C数码"
		},
		{
		"code": 32,
		"desc": "五金"
		},
		{
		"code": 64,
		"desc": "自行车"
		},
		{
		"code": 128,
		"desc": "家电"
		},
		{
		"code": 256,
		"desc": "酒水饮料"
		},
		{
		"code": 512,
		"desc": "汽配"
		},
		{
		"code": 1024,
		"desc": "印刷品"
		},
		{
		"code": 2048,
		"desc": "鲜花蛋糕"
		},
		{
		"code": 4096,
		"desc": "日化"
		},
		{
		"code": 8192,
		"desc": "家具"
		},
		{
		"code": 16384,
		"desc": "服饰鞋帽"
		},
		{
		"code": 32768,
		"desc": "水果"
		},
		{
		"code": 65536,
		"desc": "医药保健"
		},
		{
		"code": 131072,
		"desc": "方便食品"
		},
		{
		"code": 262144,
		"desc": "包装"
		},
		{
		"code": 524288,
		"desc": "团餐外卖"
		},
		{
		"code": 2097152,
		"desc": "大包裹/仪器"
		}
	],
	"yn_exp_receiver_list": [
		{
		"code": 1,
		"desc": "门店"
		},
		{
		"code": 2,
		"desc": "仓库"
		},
		{
		"code": 4,
		"desc": "宅配"
		}
	],
	"yn_car_types": [
		{
			"ctid": 1,
			"name": "小面",
			"rank": 0,
			"group": "1",
			"is_lengmen": 0,
			"alias": "XIAOMIAN"
		},
		{
			"ctid": 2,
			"name": "平顶金杯",
			"rank": 2,
			"group": "1",
			"is_lengmen": 0,
			"alias": "JINBEI"
		},
		{
			"ctid": 3,
			"name": "高顶金杯",
			"rank": 4,
			"group": "1",
			"alias": "JINBEI_GAO_DING"
		},
		{
			"ctid": 4,
			"name": "高顶金杯",
			"rank": 4,
			"group": "1",
			"alias": "JINBEI_GAO_DING"
		}
	],
	"yn_cities": [
		{
			"id": 1,
			"name": "北京市",
			"city_areas": [
				{
				"id": 35,
				"name": "朝阳区"
				},
				{
				"id": 36,
				"name": "海淀区"
				},
				{
				"id": 37,
				"name": "东城区"
				}
			]
		},
		{
			"id": 2,
			"name": "上海市",
			"city_areas": [
				{
				"id": 35,
				"name": "朝阳区"
				},
				{
				"id": 36,
				"name": "海淀区"
				},
				{
				"id": 37,
				"name": "东城区"
				}
			]
		}
	]
}
