{
  "code": 0,
  "msg": "操作成功",
  "info": { 
  "pagination": {
    "total": 1, 
    "total_pages": 1, 
    "per_page": 20,
     "page": 1, 
    "pre_page": 1, 
    "next_page": 1 
  }, 
  "list": [
       {
          "id": 1, 
          "driver_id": 1,
          "adcid": 1,
          "dd_id": 1,
          "uploaded_at": "2016-12-30 14:41:56", 
          "car_sticker_left_image": "",
          "car_sticker_right_image" : "",
          "car_sticker_behind_image" :"", 
          "status": { "code": 0, "desc": "待检查" },
          "created_at": "2016-12-30 14:42:29",
          "updated_at": "2016-12-30 14:52:46" 
       },
       {
          "id": 1, 
          "driver_id": 1,
          "driver_name": 1,

          "adcid": 1,
          "adc_name": 1,

          "dd_id": 1,
          "dd_name": 1,

          "uploaded_at_display": "2016-12-30 14:41:56", 

          "car_sticker_left_image": "http://mat1.gtimg.com/fashion/images/index/2017/01/04/mrjx2.gif",
          "car_sticker_right_image" : "http://mat1.gtimg.com/fashion/images/index/2017/01/03/mrjx6.jpg",
          "car_sticker_behind_image" :"",

          "status": { "code": 2, "desc": "不合格" },
          "status_display": "不合格",
          "reason": "what's up",

          "created_at": "2016-12-30 14:42:29",
          "updated_at": "2016-12-30 14:52:46" 
       }
    ]
  }
}
