{
  "code": 0,
  "info": {
    "pagination": {
      "total": 88,
      "total_pages": 1,
      "per_page": 20,
      "page": 1,
      "pre_page": 1,
      "next_page": 1
    },
    "list": [
      {
        "inviter_dd_info": {
          "admin_user_name": "邀请人"
        },
        "invitee_dd_info": {
          "admin_user_name": "被邀请人"
        },
        "id": 1,
        "invitee_driver_id": 3,
        "invitee_car_type": 2,
        "invitee_car_num": "fafa12345",
        "invitee_city_id": 1,
        "invitee_district_id": 1,
        "invitee_created_at": "2016-12-21 15:22:19",
        "inviter_driver_id": 4,
        "inviter_city_id": 1,
        "inviter_district_id": 1,
        "inviter_mobile": "18644533232",
        "is_info_complete": 0,
        "is_identity_approved": 0,
        "is_car_approved": 0,
        "is_bones_paid_display": 1,
        "created_at": "2016-12-19 14:33:34",
        "updated_at": "2016-12-21 11:34:18",
        "invitee_city_name": "北京市",
        "invitee_district_name": "我是区县",
        "car_name": "平顶金杯",
        "inviter_city_name": "北京市",
        "inviter_district_name": "iii",
        "invitee_driver_info": {
          "driver_avatar": "",
          "driver_avatar_60": "",
          "driver_avatar_100": "",
          "driver_avatar_150": "",
          "driver_name": "我是被邀请的司机",
          "driver_telephones": []
        },
        "heartbeat_info": {
          "last_heartbeat_time": "2222-22-22 00:00:00"
        },
        "inviter_driver_info": {
          "driver_avatar": "",
          "driver_avatar_60": "",
          "driver_avatar_100": "",
          "driver_avatar_150": "",
          "driver_name": "我邀请",
          "driver_telephones": []
        },
        "invite_status": {
          "code": 100,
          "desc": "未审核"
        },
        "rejected_reason": {
          "desc": "资料不完善"
        }
      },
      {
        "id": 1,
        "invitee_driver_id": 3,
        "invitee_car_type": 2,
        "invitee_car_num": "fafa12345",
        "invitee_city_id": 1,
        "invitee_district_id": 1,
        "invitee_created_at": "2016-12-21 15:22:19",
        "inviter_driver_id": 4,
        "inviter_city_id": 1,
        "inviter_district_id": 1,
        "inviter_mobile": "18644533232",
        "is_info_complete": 1,
        "is_identity_approved": 1,
        "is_car_approved": 1,
        "is_bones_paid": 1,
        "created_at": "2016-12-19 14:33:34",
        "updated_at": "2016-12-21 11:34:18",
        "invitee_city_name": "北京市",
        "invitee_district_name": "",
        "car_name": "平顶金杯",
        "inviter_city_name": "北京市",
        "inviter_district_name": "",
        "invitee_driver_info": {
          "driver_avatar": "",
          "driver_avatar_60": "",
          "driver_avatar_100": "",
          "driver_avatar_150": "",
          "driver_name": "我是被邀请的司机",
          "driver_telephones": []
        },
        "heartbeat_info": {
          "last_heartbeat_time": "2222-22-22 00:00:00"
        },
        "inviter_driver_info": {
          "driver_avatar": "",
          "driver_avatar_60": "",
          "driver_avatar_100": "",
          "driver_avatar_150": "",
          "driver_name": "我邀请",
          "driver_telephones": []
        },
        "invite_status": {
          "code": 200,
          "desc": "已通过"
        },
        "rejected_reason": {
          "desc": ""
        }
      },
      {
        "id": 1,
        "invitee_driver_id": 3,
        "invitee_car_type": 2,
        "invitee_car_num": "fafa12345",
        "invitee_city_id": 1,
        "invitee_district_id": 1,
        "invitee_created_at": "2016-12-21 15:22:19",
        "inviter_driver_id": 4,
        "inviter_city_id": 1,
        "inviter_district_id": 1,
        "inviter_mobile": "18644533232",
        "is_info_complete": 0,
        "is_identity_approved": 0,
        "is_car_approved": 0,
        "is_bones_paid": 1,
        "created_at": "2016-12-19 14:33:34",
        "updated_at": "2016-12-21 11:34:18",
        "invitee_city_name": "北京市",
        "invitee_district_name": "",
        "car_name": "平顶金杯",
        "inviter_city_name": "北京市",
        "inviter_district_name": "",
        "invitee_driver_info": {
          "driver_avatar": "",
          "driver_avatar_60": "",
          "driver_avatar_100": "",
          "driver_avatar_150": "",
          "driver_name": "我是被邀请的司机",
          "driver_telephones": []
        },
        "heartbeat_info": {
          "last_heartbeat_time": "2222-22-22 00:00:00"
        },
        "inviter_driver_info": {
          "driver_avatar": "",
          "driver_avatar_60": "",
          "driver_avatar_100": "",
          "driver_avatar_150": "",
          "driver_name": "我邀请",
          "driver_telephones": []
        },
        "invite_status": {
          "code": 300,
          "desc": "未通过"
        },
        "rejected_reason": {
          "desc": "未通过原因"
        }
      },
      {
        "id": 1,
        "invitee_driver_id": 3,
        "invitee_car_type": 2,
        "invitee_car_num": "fafa12345",
        "invitee_city_id": 1,
        "invitee_district_id": 1,
        "invitee_created_at": "2016-12-21 15:22:19",
        "inviter_driver_id": 4,
        "inviter_city_id": 1,
        "inviter_district_id": 1,
        "inviter_mobile": "18644533232",
        "is_info_complete": 0,
        "is_identity_approved": 0,
        "is_car_approved": 0,
        "is_bones_paid": 1,
        "created_at": "2016-12-19 14:33:34",
        "updated_at": "2016-12-21 11:34:18",
        "invitee_city_name": "北京市",
        "invitee_district_name": "",
        "car_name": "平顶金杯",
        "inviter_city_name": "北京市",
        "inviter_district_name": "",
        "invitee_driver_info": {
          "driver_avatar": "",
          "driver_avatar_60": "",
          "driver_avatar_100": "",
          "driver_avatar_150": "",
          "driver_name": "我是被邀请的司机",
          "driver_telephones": []
        },
        "heartbeat_info": {
          "last_heartbeat_time": "2222-22-22 00:00:00"
        },
        "inviter_driver_info": {
          "driver_avatar": "",
          "driver_avatar_60": "",
          "driver_avatar_100": "",
          "driver_avatar_150": "",
          "driver_name": "我邀请",
          "driver_telephones": []
        },
        "invite_status": {
          "code": 300,
          "desc": "未通过"
        },
        "rejected_reason": {
          "desc": "未通过原因"
        }
      },
      {
        "id": 1,
        "invitee_driver_id": 3,
        "invitee_car_type": 2,
        "invitee_car_num": "fafa12345",
        "invitee_city_id": 1,
        "invitee_district_id": 1,
        "invitee_created_at": "2016-12-21 15:22:19",
        "inviter_driver_id": 4,
        "inviter_city_id": 1,
        "inviter_district_id": 1,
        "inviter_mobile": "18644533232",
        "is_info_complete": 0,
        "is_identity_approved": 0,
        "is_car_approved": 0,
        "is_bones_paid": 1,
        "created_at": "2016-12-19 14:33:34",
        "updated_at": "2016-12-21 11:34:18",
        "invitee_city_name": "北京市",
        "invitee_district_name": "",
        "car_name": "平顶金杯",
        "inviter_city_name": "北京市",
        "inviter_district_name": "",
        "invitee_driver_info": {
          "driver_avatar": "",
          "driver_avatar_60": "",
          "driver_avatar_100": "",
          "driver_avatar_150": "",
          "driver_name": "我是被邀请的司机",
          "driver_telephones": []
        },
        "heartbeat_info": {
          "last_heartbeat_time": "2222-22-22 00:00:00"
        },
        "inviter_driver_info": {
          "driver_avatar": "",
          "driver_avatar_60": "",
          "driver_avatar_100": "",
          "driver_avatar_150": "",
          "driver_name": "我邀请",
          "driver_telephones": []
        },
        "invite_status": {
          "code": 100,
          "desc": "未审核"
        },
        "rejected_reason": {
          "desc": ""
        }
      }
    ]
  }
}
