{
    "code": 0,
    "cities": [{
        "id": 1,
        "name": "北京市",
        "adc_id": 1,
        "province_id": 0,
        "traffic_limit": 1,
        "need_approve": 1,
        "enable_driver": 0,
        "enable_warehouse": 0,
        "default_addr": "人民纪念碑",
        "default_addr_lot": 116.404,
        "default_addr_lat": 39.915,
        "areas": [ ]
    },{
        "id": 20,
        "name": "合肥市",
        "adc_id": 1,
        "province_id": 0,
        "traffic_limit": 0,
        "need_approve": 0,
        "enable_driver": 0,
        "enable_warehouse": 0,
        "default_addr": "合肥市政府",
        "default_addr_lot": 117.233632,
        "default_addr_lat": 31.826567
    }],
    "auth": {
        "do_export_driver_wait_list":false
    },
    "info": {
        "page": "1",
        "total_pages": 1,
        "per_page": "20",
        "count": 2,
        "list": [{
                "id": 1,
                "driver_id": 2000117,
                "trans_type": 100,
                "trans_type_name": 101,
                "wait_time_start": "2017-07-02 03:00:00",
                "wait_time_end": "2017-07-02 06:00:00",
                "city_id_start": 1,
                "city_id_end": 1,
                "city_address_start": "北京市卧龙小区219",
                "city_address_end": "北京市卧龙小区21999999",
                "created_at": "2017-07-05 11:00:40",
                "updated_at": "2017-07-05 12:14:56",
                "driver_avatar": "司机头像",
                "driver_avatar_60": "",
                "driver_avatar_100": "",
                "driver_avatar_150": "",
                "driver": {
                   "driver_name": "司机名字"
                },
               
                "driver_telephones": [],
                "driver_car_num": "",
                "dd_info": {
                    "admin_user_name": "rere",
                    "admin_user_mobile": "拓展手机号"
                },
                "city_name_start": "北京市",
                "city_end_start": "北京市"
            },
            {
                "id": 2,
                "driver_id": 2000117,
                "trans_type": 100,
                "trans_type_name": 101,
                "wait_time_start": "2017-07-02 03:00:00",
                "wait_time_end": "2017-07-02 06:00:00",
                "city_id_start": 1,
                "city_id_end": 1,
                "city_address_start": "北京市卧龙小区219",
                "city_address_end": "北京市卧龙小区219",
                "created_at": "2017-07-05 11:01:16",
                "updated_at": "2017-07-05 11:01:16",
                "driver_avatar": "司机头像",
                "driver_avatar_60": "",
                "driver_avatar_100": "",
                "driver_avatar_150": "",
                "driver": {
                   "driver_name": "司机名字"
                },
                "driver_telephones": [],
                "driver_car_num": "司机车牌号",
                "dd_info": {
                    "admin_user_name": "",
                    "admin_user_mobile": "拓展手机号"
                },
                "city_name_start": "北京市",
                "city_end_start": "北京市"
            }
        ]
    }
}