{
  "code": 0,
  "msg": "数据获取有误 !",
  "info": {
    "totalTime": 3,
    "total": 22,
    "list": [
      {
        "driver_name": "娜娜",
        "driver_id": 2005584,
        "telphones": ["2222222222"],
        "first": ""
      },
      {
        "driver_name": "娜娜",
        "driver_id": 2005584,
        "telphones": ["2222222222"],
        "first": ""
      },
      {
        "driver_name": "娜娜",
        "driver_id": 2005584,
        "first": ""
      },
      {
        "driver_name": "娜娜",
        "driver_id": 2005584,
        "first": ""
      }
    ],
    "pagination": {
      "total": 22,
      "total_pages": 1,
      "per_page": 10,
      "page": 1,
      "pre_page": 1,
      "next_page": 2,
      "count": 22
    }
  }
}
