{
  "code":0,
  "msg" :"获取成功!",
  "info":{
    "total": 50,
    "total_page": 10,
    "page":5,
    "data":[
      {
        "uid":12323231,
        "did":23232323,
        "action":"签到",
        "operation_time":"2017-06-01 12:01:01",
        "gps_status":"开",
        "version":"20120011"
      },
      {
        "uid":12323231,
        "did":23232323,
        "action":"离仓",
        "operation_time":"2017-06-01 13:01:01",
        "gps_status":"开",
        "version":"20120011"
      },
      {
        "uid":12323231,
        "did":23232323,
        "action":"退出首屏",
        "operation_time":"2017-06-01 13:04:01",
        "gps_status":"开",
        "version":"20120011"
      },
      {
        "uid":12323231,
        "did":23232323,
        "action":"进入首屏",
        "operation_time":"2017-06-01 14:04:01",
        "gps_status":"开",
        "version":"20120011"
      },
      {
        "uid":12323231,
        "did":23232323,
        "action":"完成",
        "operation_time":"2017-06-01 14:05:01",
        "gps_status":"开",
        "version":"20120011"
      }
    ]
  }
}