{
  "code": 0,
  "info": {
    "pagination": {
      "total": 88,
      "total_pages": 5,
      "per_page": 20,
      "page": 1,
      "pre_page": 1,
      "next_page": 2
    },
    "list": [
      {
        "id": 88,
        "driver_id": 2005651,
        "exception_id":0,
        "failed_reason": "没有",
        "adcid": 1,
        "customer_id": 14156,
        "dd_id": 1000151,
        "uploaded_at": "2017-05-24 15:38:06",
        "photo": "http://test-yn-static.img-cn-beijing.aliyuncs.com/pic/receivables/2017-05-24/1495611484826_0.7484116502965431.jpg",
        "thumb": "http://test-yn-static.img-cn-beijing.aliyuncs.com/pic/avatar/2016-12-13/1481593964641_4.5139166932472996E-4.jpg@100w_100l_1l",
        "check_status": {
          "code": 0,
          "desc": "不合格(未处理)"
        },
        "workclothes_status": {
			"code": 0,
			"desc": "有工服（冬）"
		},
        "workclothes_status_display": "工服状态",
        "created_at": "2017-05-24 15:38:06",
        "updated_at": "2017-06-13 16:02:47",
        "driver_name": "林子键叕",
        "driver_telephones": [
          "15210007505",
          "15210007501"
        ],
        "driver_car_num": "京N34561",
        "dd_info": {
          "admin_user_name": "刘诗杨-拓展经理-北京2",
          "admin_user_mobile": "11011111111"
        },
        "adc_name": "北京管理区",
        "car_sticker_behind_image": "http://test-yn-static.img-cn-beijing.aliyuncs.com/pic/receivables/2017-05-24/1495611484826_0.7484116502965431.jpg",
        "car_sticker_left_image": "http://test-yn-static.img-cn-beijing.aliyuncs.com/pic/receivables/2017-05-24/1495611480808_0.23677434458307378.jpg",
        "car_sticker_right_image": "http://test-yn-static.img-cn-beijing.aliyuncs.com/pic/receivables/2017-05-24/1495611475280_0.2045213384215634.jpg",
        "status_display": "合格",
        "status_code": 1,
        "driver_display": "林子键叕(2005651)",
        "customer_name": "北京世纪",
        "mgr_id": "100088",
        "mgr_name": "李建",
        "trans_event_id":22222
      },
      {
        "id": 88,
        "driver_id": 2005651,
        "exception_id":0,
        "failed_reason": "没有",
        "adcid": 1,
        "customer_id": 14156,
        "dd_id": 1000151,
        "uploaded_at": "2017-05-24 15:38:06",
        "photo": "http://test-yn-static.img-cn-beijing.aliyuncs.com/pic/receivables/2017-05-24/1495611484826_0.7484116502965431.jpg",
        "thumb": "http://test-yn-static.img-cn-beijing.aliyuncs.com/pic/avatar/2016-12-13/1481593964641_4.5139166932472996E-4.jpg@100w_100l_1l",
        "check_status": {
          "code": 1,
          "desc": "不合格(未处理)"
        },
        "workclothes_status": {
            "code": 0,
            "desc": "有工服（冬）"
          },
        "workclothes_status_display":"工服状态",
        "created_at": "2017-05-24 15:38:06",
        "updated_at": "2017-06-13 16:02:47",
        "driver_name": "林子键叕",
        "driver_telephones": [
          "15210007505",
          "15210007501"
        ],
        "driver_car_num": "京N34561",
        "dd_info": {
          "admin_user_name": "刘诗杨-拓展经理-北京2",
          "admin_user_mobile": "11011111111"
        },
        "adc_name": "北京管理区",
        "car_sticker_behind_image": "http://test-yn-static.img-cn-beijing.aliyuncs.com/pic/receivables/2017-05-24/1495611484826_0.7484116502965431.jpg",
        "car_sticker_left_image": "http://test-yn-static.img-cn-beijing.aliyuncs.com/pic/receivables/2017-05-24/1495611480808_0.23677434458307378.jpg",
        "car_sticker_right_image": "http://test-yn-static.img-cn-beijing.aliyuncs.com/pic/receivables/2017-05-24/1495611475280_0.2045213384215634.jpg",
        "status_display": "合格",
        "status_code": 1,
        "driver_display": "林子键叕(2005651)",
        "customer_name": "北京世纪",
        "mgr_id": "100088",
        "mgr_name": "李建",
        "trans_event_id":22222
      },{
        "id": 88,
        "driver_id": 2005651,
        "exception_id":0,
        "failed_reason": "没有",
        "adcid": 1,
        "customer_id": 14156,
        "dd_id": 1000151,
        "uploaded_at": "2017-05-24 15:38:06",
        "photo": "http://test-yn-static.img-cn-beijing.aliyuncs.com/pic/receivables/2017-05-24/1495611484826_0.7484116502965431.jpg",
        "thumb": "http://test-yn-static.img-cn-beijing.aliyuncs.com/pic/avatar/2016-12-13/1481593964641_4.5139166932472996E-4.jpg@100w_100l_1l",
        "check_status": {
          "code": 2,
          "desc": "不合格(未处理)"
        },
        "workclothes_status": {
            "code": 0,
            "desc": "有工服（冬）"
          },
        "workclothes_status_display":"工服状态",
        "created_at": "2017-05-24 15:38:06",
        "updated_at": "2017-06-13 16:02:47",
        "driver_name": "林子键叕",
        "driver_telephones": [
          "15210007505",
          "15210007501"
        ],
        "driver_car_num": "京N34561",
        "dd_info": {
          "admin_user_name": "刘诗杨-拓展经理-北京2",
          "admin_user_mobile": "11011111111"
        },
        "adc_name": "北京管理区",
        "car_sticker_behind_image": "http://test-yn-static.img-cn-beijing.aliyuncs.com/pic/receivables/2017-05-24/1495611484826_0.7484116502965431.jpg",
        "car_sticker_left_image": "http://test-yn-static.img-cn-beijing.aliyuncs.com/pic/receivables/2017-05-24/1495611480808_0.23677434458307378.jpg",
        "car_sticker_right_image": "http://test-yn-static.img-cn-beijing.aliyuncs.com/pic/receivables/2017-05-24/1495611475280_0.2045213384215634.jpg",
        "status_display": "合格",
        "status_code": 1,
        "driver_display": "林子键叕(2005651)",
        "customer_name": "北京世纪",
        "mgr_id": "100088",
        "mgr_name": "李建",
        "trans_event_id":22222
      },{
        "id": 88,
        "driver_id": 2005651,
        "exception_id":0,
        "failed_reason": "没有",
        "adcid": 1,
        "customer_id": 14156,
        "dd_id": 1000151,
        "uploaded_at": "2017-05-24 15:38:06",
        "photo": "http://test-yn-static.img-cn-beijing.aliyuncs.com/pic/receivables/2017-05-24/1495611484826_0.7484116502965431.jpg",
        "thumb": "http://test-yn-static.img-cn-beijing.aliyuncs.com/pic/avatar/2016-12-13/1481593964641_4.5139166932472996E-4.jpg@100w_100l_1l",
        "check_status": {
          "code": 3,
          "desc": "不合格(未处理)"
        },
        "workclothes_status": {
            "code": 0,
            "desc": "有工服（冬）"
          },
        "workclothes_status_display":"工服状态",
        "created_at": "2017-05-24 15:38:06",
        "updated_at": "2017-06-13 16:02:47",
        "driver_name": "林子键叕",
        "driver_telephones": [
          "15210007505",
          "15210007501"
        ],
        "driver_car_num": "京N34561",
        "dd_info": {
          "admin_user_name": "刘诗杨-拓展经理-北京2",
          "admin_user_mobile": "11011111111"
        },
        "adc_name": "北京管理区",
        "car_sticker_behind_image": "http://test-yn-static.img-cn-beijing.aliyuncs.com/pic/receivables/2017-05-24/1495611484826_0.7484116502965431.jpg",
        "car_sticker_left_image": "http://test-yn-static.img-cn-beijing.aliyuncs.com/pic/receivables/2017-05-24/1495611480808_0.23677434458307378.jpg",
        "car_sticker_right_image": "http://test-yn-static.img-cn-beijing.aliyuncs.com/pic/receivables/2017-05-24/1495611475280_0.2045213384215634.jpg",
        "status_display": "合格",
        "status_code": 1,
        "driver_display": "林子键叕(2005651)",
        "customer_name": "北京世纪",
        "mgr_id": "100088",
        "mgr_name": "李建",
        "trans_event_id":22222
      }]
  }
}
