{
	"code": 0,
	"msg": "获取列表成功",
	"info": {
		"total": 37,
		"perPage": 15,
		"page": 1,
		"list": [
			{
				"id": 1,
				"name": "张三123",
				"mobile": 13116587496,
				"status": 0,
				"updatedAt": "2013-03-03 00:00:00"
			},
			{
				"id": 2,
				"name": "张三",
				"mobile": 13116587496,
				"status": 1,
				"updatedAt": "2013-03-03 00:00:00"
			},
			{
				"id": 3,
				"name": "张三",
				"mobile": 13116587496,
				"status": 2,
				"updatedAt": "2013-03-03 00:00:00"
			}
		]
	}
}