{
	"code": 0,
	"msg": "获取详情成功",
	"info": {
		"identity": {
			"id": 12,
			"realName": "张三",
			"cardNumber": "130123155842336541",
			"frontImg": "https://www.baidu.com/1.jpeg",
			"backImg": "https://www.baidu.com/1.jpeg",
			"handHoldingImg": "https://www.baidu.com/1.jpeg",
			"driverLicense": "",
			"auditedAt": "2017-03-03 00:00:00",
			"auditor": "",
			"status": 2,
            "failCause": "我是失败的原因"
		},
		"vehicle": {
			"id": 31,
			"vehicleType": "商务面包车",
			"licensePlateNumber": "京A12346",
			"vehicleTravelLicense": "https://www.baidu.com/1.jpeg",
			"auditedAt": "2017-03-03 00:00:00",
			"auditor": "",
			"status": 0,
            "failCause": "我是失败的原因"
		}
	}
}
