[
    {
        "nav_name": "开发者",
        "sub_nav": [
            {
                "nav_name": "版本控制",
                "url": "\/client"
            },
            {
                "nav_name": "系统配置",
                "url": "\/system_config"
            },
            {
                "nav_name": "mqtt推送",
                "url": "\/mqtt"
            },
            {
                "nav_name": "用户列表",
                "url": "\/admin_user_manage"
            },
            {
                "nav_name": "车型管理",
                "url": "\/car_type"
            },
            {
                "nav_name": "系统消息日志",
                "url": "\/system_notification"
            },
            {
                "nav_name": "修改用户权限",
                "url": "\/grant_authz"
            },
            {
                "nav_name": "管理区管理",
                "url": "\/adc"
            },
            {
                "nav_name": "离职客顾交接数据",
                "url": "\/sales_quit_transfer\/index"
            },
            {
                "nav_name": "城市管理",
                "url": "\/city\/city\/index"
            }
        ]
    },
    {
        "nav_name": "用户管理",
        "sub_nav": [
            {
                "nav_name": "用户列表（旧）",
                "url": ""
            },
            {
                "nav_name": "部门用户管理",
                "url": "\/department_user_manage\/index"
            }
        ]
    },
    {
        "nav_name": "BU管理",
        "sub_nav": [
            {
                "nav_name": "BU管理(管理区)",
                "url": "\/business_unit\/adc"
            },
            {
                "nav_name": "三体BU报表",
                "url": "\/tf\/bu_stats"
            }
        ]
    },
    {
        "nav_name": "客户管理",
        "sub_nav": [
            {
                "nav_name": "客户列表",
                "url": "\/customer"
            },
            {
                "nav_name": "集团列表",
                "url": "\/groupList"
            },
            {
                "nav_name": "仓列表",
                "url": "\/warehouse"
            },
            {
                "nav_name": "仓位置",
                "url": "\/warehouse\/position_list"
            },
            {
                "nav_name": "线路列表",
                "url": "\/line"
            },
            {
                "nav_name": "配送点列表",
                "url": "\/dist_point"
            },
            {
                "nav_name": "客户补贴属性管理",
                "url": "\/customer_subsidy_property"
            },
            {
                "nav_name": "客户行业分类管理",
                "url": "\/customer_trade"
            },
            {
                "nav_name": "待分配列表",
                "url": "\/customer\/to_assign_list"
            },
            {
                "nav_name": "批量设置客户福利",
                "url": "\/batch_config_customer_welfare\/index"
            }
        ]
    },
    {
        "nav_name": "司机管理",
        "sub_nav": [
            {
                "nav_name": "司机列表",
                "url": "\/driver"
            },
            {
                "nav_name": "异常管理",
                "url": "\/to_driver_exception"
            },
            {
                "nav_name": "司机心跳统计",
                "url": "\/driver_heartbeat"
            },
            {
                "nav_name": "司机经验认证记录查询",
                "url": "\/business_beeper_log\/driver_yn_exp_index"
            },
            {
                "nav_name": "司机初培认证记录查询",
                "url": "\/business_beeper_log\/diff_driver_cert_approve"
            },
            {
                "nav_name": "司机黑名单",
                "url": "\/driver\/blacklist_manage"
            },
            {
                "nav_name": "司机信息认证",
                "url": "\/driver_cert"
            },
            {
                "nav_name": "车队长信息认证",
                "url": "\/car_team\/cert_list"
            },
            {
                "nav_name": "物品发放记录",
                "target": "_blank",
                "url": "\/new\/driver_item_distribute\/list"
            },
            {
                "nav_name": "车队列表",
                "url": "\/car_team"
            },
            {
                "nav_name": "参观管理",
                "url": "\/visit"
            },
            {
                "nav_name": "司机赔付",
                "url": "\/driver_repay\/list"
            }
        ]
    },
    {
        "nav_name": "线路任务管理",
        "sub_nav": [
            {
                "nav_name": "线路任务列表",
                "url": "\/tf\/trans_task"
            },
            {
                "nav_name": "疑难任务统计(任务维度)",
                "url": "\/tf\/difficult_task"
            },
            {
                "nav_name": "疑难任务统计(拓展经理维度)",
                "url": "\/tf\/difficult_task\/urge_list_for_dd"
            },
            {
                "nav_name": "司机离职申请",
                "url": "\/tf\/todo_list\/driver_resign"
            },
            {
                "nav_name": "线路任务操作log",
                "url": "\/tf\/trans_task_log"
            },
            {
                "nav_name": "品质关注任务",
                "url": "\/tf\/remind_task"
            }
        ]
    },
    {
        "nav_name": "三体运力管理",
        "sub_nav": [
            {
                "nav_name": "每日运力",
                "url": "\/tf\/trans_event\/calendar"
            },
            {
                "nav_name": "司机竞价",
                "url": "\/tf\/trans_driver_bid"
            },
            {
                "nav_name": "司机端运力",
                "url": "\/driver\/event_list"
            },
            {
                "nav_name": "司机福利发放记录",
                "url": "\/tf\/distribute_welfare"
            },
            {
                "nav_name": "检察组标记出车记录",
                "url": "\/tf\/trans_event\/inspect"
            },
            {
                "nav_name": "司机报价列表",
                "url": "\/tf\/trans_driver_bid\/list"
            },
            {
                "nav_name": "客户购买保险记录",
                "url": "\/tf\/cargo_insurance_log"
            }
        ]
    },
    {
        "nav_name": "封装项目管理",
        "sub_nav": [
            {
                "nav_name": "封装日报列表",
                "url": "\/pack\/report\/index"
            },
            {
                "nav_name": "封装财报列表",
                "url": "\/pack\/finance"
            }
        ]
    },
    {
        "nav_name": "对司机的评价",
        "sub_nav": [
            {
                "nav_name": "客户反馈列表",
                "url": "\/to_driver_feedback"
            },
            {
                "nav_name": "客户评价历史",
                "url": "\/evaluation_driver\/evaluated_list"
            }
        ]
    },
    {
        "nav_name": "对客户的评价",
        "sub_nav": [
            {
                "nav_name": "待评价",
                "url": "\/to_customer_evaluation\/todo_evaluations"
            },
            {
                "nav_name": "已评价",
                "url": "\/to_customer_evaluation"
            },
            {
                "nav_name": "司机反馈列表",
                "url": "\/to_customer_feedback"
            }
        ]
    },
    {
        "nav_name": "意见反馈",
        "sub_nav": [
            {
                "nav_name": "客户反馈",
                "url": "\/customer_to_yun_feedback"
            }
        ]
    },
    {
        "nav_name": "岗控合伙人管理",
        "sub_nav": [
            {
                "nav_name": "岗控合伙人列表",
                "url": "\/bid_manager"
            },
            {
                "nav_name": "任务上限设置",
                "url": "\/bid_manager\/task_limit"
            }
        ]
    },
    {
        "nav_name": "补贴管理",
        "sub_nav": [
            {
                "nav_name": "客户补贴率策略",
                "url": "\/customer_tcsp_strategy"
            },
            {
                "nav_name": "按车型补贴司机策略",
                "url": "\/subsidy_by_car_type"
            },
            {
                "nav_name": "按到仓时间补贴司机",
                "url": "\/subsidy_by_time"
            },
            {
                "nav_name": "按签到次数补贴司机",
                "url": "\/subsidy_by_checkin"
            },
            {
                "nav_name": "司机管理费奖励设置",
                "url": "\/driver_commission"
            }
        ]
    },
    {
        "nav_name": "SOP管理",
        "sub_nav": [
            {
                "nav_name": "入职运管列表",
                "url": "\/fcc"
            },
            {
                "nav_name": "运作主管资源池",
                "url": "\/fcc\/fcc_resource_pool"
            },
            {
                "nav_name": "运作主管分配",
                "url": "\/fcc\/assign"
            },
            {
                "nav_name": "运作主管分配(三体)",
                "url": "\/tf\/fcc_assign"
            },
            {
                "nav_name": "运作主管每天任务",
                "url": "\/fcc\/task"
            },
            {
                "nav_name": "运作主管每天任务(三体)",
                "url": "\/tf\/fcc_task"
            },
            {
                "nav_name": "运作主管薪资列表",
                "url": "\/fcc\/salary"
            },
            {
                "nav_name": "运作主管薪资列表(三体)",
                "url": "\/tf\/fcc_salary"
            },
            {
                "nav_name": "SOP条款管理",
                "url": "\/sop_article\/group_customer_index"
            },
            {
                "nav_name": "SOP培训情况查询(三体)",
                "url": "\/tf\/fcc_sop_training"
            },
            {
                "nav_name": "SOP运作报表(三体)",
                "url": "\/tf\/sop_report"
            },
            {
                "nav_name": "司机SOP内查违规管理",
                "url": "\/sop_article_accident"
            },
            {
                "nav_name": "主管SOP内查违规管理",
                "url": "\/fcc_sop_inner_fine"
            },
            {
                "nav_name": "运作主管考勤",
                "url": "\/fcc_work_attendance"
            },
            {
                "nav_name": "运作报表",
                "url": "\/sop_stats\/show_sop_day_data"
            },
            {
                "nav_name": "主管运营日报",
                "url": "\/sop_fcc_report"
            },
            {
                "nav_name": "运作主管薪资调整",
                "url": "\/fcc\/fcc_salary_other\/index"
            }
        ]
    },
    {
        "nav_name": "培训管理",
        "sub_nav": [
            {
                "nav_name": "培训类型管理",
                "url": "\/driver_training\/driver_training_type_list"
            },
            {
                "nav_name": "待培训司机",
                "url": "\/driver_training"
            },
            {
                "nav_name": "培训计划",
                "url": "\/driver_training_project"
            },
            {
                "nav_name": "司机培训情况",
                "url": "\/driver_training_log"
            },
            {
                "nav_name": "司机考试结果",
                "url": "\/driver_training\/driver_quiz_result"
            },
            {
                "nav_name": "司机培训记录",
                "url": "\/driver_training\/driver_training_list"
            }
        ]
    },
    {
        "nav_name": "司机财务账户",
        "sub_nav": [
            {
                "nav_name": "司机财务信息",
                "url": "\/finance\/driver_finance"
            },
            {
                "nav_name": "打款单列表",
                "url": "\/finance\/driver_batch_payment"
            },
            {
                "nav_name": "提款单列表",
                "url": "\/finance\/driver_batch_withdraw"
            },
            {
                "nav_name": "第三方金融借款",
                "url": "\/finance\/third_finance"
            },
            {
                "nav_name": "第三方金融统计",
                "url": "\/finance\/third_finance\/daily_moneylog"
            },
            {
                "nav_name": "金融池列表",
                "url": "\/finance\/third_finance\/moneypool"
            }
        ]
    },
    {
        "nav_name": "财务检测(技术)",
        "sub_nav": [
            {
                "nav_name": "财务异常日志",
                "url": "\/finance\/finance_exception_log"
            },
            {
                "nav_name": "司机财务汇总",
                "url": "\/finance\/dsupervisor_summary_log"
            },
            {
                "nav_name": "司机欠款列表",
                "url": "\/finance\/dsupervisor_debt_log"
            },
            {
                "nav_name": "司机异常流水",
                "url": "\/finance\/dsupervisor_abnormal_business_log"
            }
        ]
    },
    {
        "nav_name": "客户财务",
        "sub_nav": [
            {
                "nav_name": "客户财务信息",
                "url": "\/finance\/customer_finance"
            },
            {
                "nav_name": "客户充值列表",
                "url": "\/finance\/yn_finance\/customer_charge_list"
            },
            {
                "nav_name": "FLBP领款列表",
                "url": "\/finance\/yn_finance\/customer_charge_flbp_list"
            },
            {
                "nav_name": "客户退款列表",
                "url": "\/finance\/yn_finance\/customer_refund_list"
            },
            {
                "nav_name": "客户出账列表",
                "url": "\/finance\/yn_finance\/customer_chargeoff_list"
            },
            {
                "nav_name": "客户进账列表",
                "url": "\/finance\/yn_finance\/customer_chargein_list"
            },
            {
                "nav_name": "客户预充值列表",
                "url": "\/finance\/yn_finance\/customer_precharge_list"
            },
            {
                "nav_name": "客户发票管理",
                "url": "\/finance\/customer_receipt"
            },
            {
                "nav_name": "客户GMV账单列表",
                "url": "\/finance\/customer_gmv_bill"
            },
            {
                "nav_name": "客户罚款",
                "url": "\/customer_punish"
            },
            {
                "nav_name": "客户回款事故",
                "url": "\/finance\/customer_payback\/index"
            },
            {
                "nav_name": "预充值客户风控管理",
                "url": "\/finance\/customer_credit_gmv"
            }
        ]
    },
    {
        "nav_name": "事故中心",
        "sub_nav": [
            {
                "nav_name": "事故管理",
                "url": "\/accident\/list"
            },
            {
                "nav_name": "司机举报",
                "url": "\/driver_to_driver_report"
            },
            {
                "nav_name": "SOP事故违规",
                "url": "\/driver_sop_accident_violation"
            }
        ]
    },
    {
        "nav_name": "鸟尾系统",
        "sub_nav": [
            {
                "nav_name": "鸟尾大厅",
                "url": "\/bird_tail"
            },
            {
                "nav_name": "个人中心",
                "url": "\/bird_tail\/personal_center?tab=1"
            }
        ]
    },
    {
        "nav_name": "时效管理",
        "sub_nav": [
            {
                "nav_name": "运力时效设置",
                "url": "\/timely"
            },
            {
                "nav_name": "时效记录管理",
                "url": "\/timely\/record_list"
            }
        ]
    },
    {
        "nav_name": "TMS管理",
        "sub_nav": [
            {
                "nav_name": "派车单列表",
                "url": "\/itinerary"
            },
            {
                "nav_name": "基础运力监控",
                "url": "\/tms_monitor"
            },
            {
                "nav_name": "接口授权管理",
                "url": "\/tms\/open_api_manage"
            },
            {
                "nav_name": "派车单异常列表",
                "url": "\/tms\/abnormal"
            },
            {
                "nav_name": "派车单监控预警",
                "url": "\/tms\/itinerary_monitor"
            },
            {
                "nav_name": "订单管理",
                "url": "\/tms\/order"
            }
        ]
    },
    {
        "nav_name": "收货评价",
        "sub_nav": [
            {
                "nav_name": "收货评价",
                "url": "\/tms\/order\/evaluate"
            }
        ]
    },
    {
        "nav_name": "辅助工具",
        "sub_nav": [
            {
                "nav_name": "客户云鸟通知",
                "url": "\/notification_to_customer"
            },
            {
                "nav_name": "司机云鸟通知",
                "url": "\/notification"
            },
            {
                "nav_name": "司机端公告",
                "url": "\/bulletin_adc"
            },
            {
                "nav_name": "权限列表",
                "url": "\/roles_authz_list"
            },
            {
                "nav_name": "任务列表",
                "url": "\/task_records"
            },
            {
                "nav_name": "短信日志列表",
                "url": "\/sms_log"
            },
            {
                "nav_name": "上线通知列表",
                "url": "\/production_publish_log"
            },
            {
                "nav_name": "账单发送日志",
                "url": "\/bills_send_log"
            },
            {
                "nav_name": "常用网址",
                "url": "\/common_used_websites"
            },
            {
                "nav_name": "数据系统",
                "url": "http:\/\/bi.xunhuji.me\/home\/index"
            }
        ]
    },
    {
        "nav_name": "常见问题",
        "sub_nav": [
            {
                "nav_name": "Admin用户FAQ",
                "url": "\/doc\/dd\/faq"
            }
        ]
    },
    {
        "nav_name": "云鸟条款",
        "sub_nav": [
            {
                "nav_name": "客户服务条款",
                "url": "\/service_rule\/customer_service_rule_list"
            },
            {
                "nav_name": "客户赔付条款",
                "url": "\/accident_center"
            },
            {
                "nav_name": "司机岗控条款",
                "url": "\/service_rule\/driver_manage_rule_list"
            },
            {
                "nav_name": "司机温控条款",
                "url": "\/service_rule\/driver_temp_ctrl_rule_list"
            },
            {
                "nav_name": "司机赔付条款",
                "url": "\/service_rule\/driver_repay_rule_list"
            },
            {
                "nav_name": "司机车队条款",
                "url": "\/service_rule\/car_team_manage_rule_list"
            },
            {
                "nav_name": "运作管理条款",
                "url": "\/service_rule\/fcc_manage_rule_list"
            },
            {
                "nav_name": "云鸟检察条款",
                "url": "\/service_rule\/internal_rule_list"
            },
            {
                "nav_name": "司机欠款追责条款",
                "url": "\/service_rule\/driver_call_to_account_rule_list"
            }
        ]
    },
    {
        "nav_name": "温控设备管理",
        "sub_nav": [
            {
                "nav_name": "设备管理",
                "url": "\/tms\/tmp_control\/tmp_device"
            },
            {
                "nav_name": "设备绑定",
                "url": "\/tms\/tmp_control\/tmp_device_bind"
            },
            {
                "nav_name": "设备使用记录",
                "url": "\/tms\/tmp_control\/tmp_device_history"
            },
            {
                "nav_name": "温控服务报表",
                "url": "\/tms\/tmp_control\/tmp_report"
            }
        ]
    }
]
