{
	"code": 0,
	"info": {
		"list": [
			{
				"width": "2.0",
				"length": "4.3",
				"height": "2.5",
				"load": "30.0",
				"volume": "25.0",
				"id": 1,
				"name": "5.6米箱式货车",
				"pid": "1",
				"tail_plate": "1",
				"tail_plate_display": "有尾板/无尾板",
				"power_type": 0,
				"power_type_display": "油车",
				"passport": "1",
				"passport_display": "有"
			},
			{
				"width": "4.7",
				"length": "6.7",
				"height": "5.6",
				"load": "34.0",
				"volume": "45.0",
				"id": 2,
				"name": "6.7米箱式货车",
				"pid": "1",
				"tail_plate": "1",
				"tail_plate_display": "有尾板/无尾板",
				"power_type": 3,
				"power_type_display": "油车",
				"passport": "1",
				"passport_display": "有"
			}
		]
	}
}
