{
  "code": 0,
  "msg": "这里有错误 !",
  "info": {
    "pagination": {
      "total": 80,
      "total_pages": 1,
      "per_page": 20,
      "page": 1,
      "pre_page": 1,
      "next_page": 1
    },
    "list": [
      {
        "name": "",
        "nick": "",
        "from_display": null,
        "before_display": "客户体量:无</br>姓名:刘诗杨客户</br>B端登录用户名:刘诗杨客户</br>城市:北京市</br>客户新一级分类:直客</br>联系人:刘诗杨测试</br>手机号码:15811100794</br>公司全称:刘诗杨客户公司全称</br>营业执照号:12312312312312312</br>客户来源:顾问自拓</br>客户在标书中显示的名称:刘诗杨客户标书中显示的名称</br>客户客服电话:110110110110</br>客户联系地址:110110110110</br>邮政编码:111111</br>银行名称:工商银行</br>账户名称:刘诗杨客户赔付</br>银行账号:1111222233334444555</br>客户付款账户账户银行:无</br>客户付款账户名称:刘诗杨客户付款</br>客户付款账户银行账号:111122223333444666</br>行业标签:酒水饮料</br>备用联系电话:15811100794,11011111111</br>客户新二级分类:B2B",
        "after_display": "客户体量:12</br>姓名:刘诗杨客户1</br>B端登录用户名:刘诗杨客户1</br>城市:上海市</br>客户新一级分类:合作伙伴</br>联系人:刘诗杨测试1</br>手机号码:13123232323</br>公司全称:刘诗杨客户公司全称1</br>营业执照号:1111</br>客户来源:全国甩尾</br>客户在标书中显示的名称:刘诗杨</br>客户客服电话:13123232323</br>客户联系地址:14712121212</br>邮政编码:345453</br>银行名称:中国银行</br>账户名称:刘诗杨客户赔付12</br>银行账号:1111222233334444533</br>客户付款账户账户银行:中国银行</br>客户付款账户名称:刘诗杨客户付款123</br>客户付款账户银行账号:111122223333444633</br>行业标签:家具,酒水饮料,汽配</br>备用联系电话:13123232323,15811100794,11011111111</br>客户新二级分类:LDP（落地配）",
        "cts": "2016-10-13 18:14:09"
      },
      {
        "name": "",
        "nick": "",
        "from_display": null,
        "before_display": "客户顾问(所属销售):刘诗杨-客服经理-北京1",
        "after_display": "客户顾问(所属销售):bj_客服经理1",
        "cts": "2016-10-13 18:18:04"
      },
      {
        "name": "",
        "nick": "",
        "from_display": null,
        "before_display": "补贴策略描述:无</br>客户运力补贴率:0",
        "after_display": "补贴策略描述:客户情况:好的\r\n客户体量:好的好的\r\n客户审美:好的好的好的\r\n客户用车:好的\r\n个人分析:好的好的\r\n补贴策略:好的好的好的好的好的好的好的好的好的好的好的好的好的好的好的好的好的好的好的好的好的好的好的好的好的好的好的好的好的好的好的好的好的好的好的好的好的好的好的好的好的好的好的好的好的好的好的好的好的好的好的好的好的好的好的好的好的好的好的好的好的好的好的好的好的好的好的好的好的好的好的好的好的好的好的好的好的好的好的好的好的好的好的好的好的好的好的好的好的好的好的好的好的好的好的好的好的好的好的好的好的好的好的好的好的好的好的好的好的好的好的好的好的好的好的好的好的好的好的好的</br>客户运力补贴率:0.02",
        "cts": "2016-10-14 09:47:33"
      },
      {
        "name": "",
        "nick": "",
        "from_display": null,
        "before_display": "合同备注:无</br>合同编号:无</br>客户类型:信用客户</br>承诺回款天数:7</br>结算方式:周结</br>合同已归档:否",
        "after_display": "合同备注:1001011010101010101010</br>合同编号:12121212121212121</br>客户类型:预充值客户</br>承诺回款天数:10</br>结算方式:月结</br>合同已归档:是",
        "cts": "2016-10-14 09:52:31"
      },
      {
        "name": "",
        "nick": "",
        "from_display": null,
        "before_display": "是否被冻结账号:否",
        "after_display": "是否被冻结账号:是",
        "cts": "2016-10-14 09:53:10"
      },
      {
        "name": "",
        "nick": "",
        "from_display": null,
        "before_display": "是否被冻结账号:是",
        "after_display": "是否被冻结账号:否",
        "cts": "2016-10-14 09:53:29"
      },
      {
        "name": "",
        "nick": "",
        "from_display": null,
        "before_display": "接收账单邮箱:无</br>B端出车记录展示方式:只展示‘客户总价格’</br>是否自动接收账单:否",
        "after_display": "接收账单邮箱:372637661@qq.com</br>B端出车记录展示方式:展示‘客户总价格’和所有价格明细（基础运力费、保价费、SOP费）</br>是否自动接收账单:是",
        "cts": "2016-10-14 09:54:19"
      },
      {
        "name": "",
        "nick": "",
        "from_display": null,
        "before_display": "CRM中客户的编号:无",
        "after_display": "CRM中客户的编号:123123123",
        "cts": "2016-10-14 09:54:54"
      }
    ]
  }
}
