{
	"id": 201,
	"record_id": 647,

	"money": 1000,
	"tax_money": 0,
	"other_money": 0,
	"tax_rate": "0.06",
	"status": 1,
	"chargein_status": 0,
	"operator_nick": "测试账户test",
	"memo": "",
	"created_at": "2017-10-19 16:33:27",
	"updated_at": "2017-10-19 16:33:27",
	"status_dispaly": "生效",
	"chargein_status_dispaly": "未进账",
	"tax_rate_display": "6%",
	"money_display": "10.00",
	"tax_money_display": "0.00",
	"other_money_display": "0.00",
	"draw_money": 1000,
	"draw_money_display": "10.00",
	"customer_info": {
	"_id": "54769957f5a8975f484ca9aa",
	"__v": 743,
	"bank": 1,
	"bank_account_name": "12",
	"bank_account_num": "6666666666666666555",
	"city": "北京市",
	"com_name": "new23233",
	"contact": "11211112222",
	"cuid": 14,
	"memo": "1111",
	"mobile": "11810408364",
	"name": "测试测试1",
	"pass": "e10adc3949ba59abbe56e057f20f883e",
	"post_addr": "",
	"post_code": "",
	"sales": "李雅_北京客服",
	"stel": "",
	"trade": 8,
	"bid_mgr": "",
	"quality_mgr": "",
	"cspid": null,
	"ihr": false,
	"utdec": 9,
	"uctc": 0,
	"utdec_frist": 2,
	"utdec_week": 7,
	"nick": "测试测试1111111",
	"tclo": "O2O",
	"sop_is_normal": false,
	"new_tclo": 2,
	"invoice_contents": "配送服务费",
	"invoice_switch": true,
	"invoice_tax_rate": 0.06,
	"first_check_in_time": null,
	"tcsp_pts": 1467023888376,
	"is_show_sop_price_for_customer": true,
	"main_bid_mgr": "bj_客服经理1",
	"sop_pts": 1488529937000,
	"uec": 0,
	"adcid": 1,
	"tcsp_strategy_desc": "客户情况:有条件的地方和单位可根据实际情况，依法优化调整夏季作息安排，为职工周五下午与周末结合外出休闲度假创造有利条件。”2015年8月国务院办公厅关于进一步促进旅游投资和消费的若干意见鼓励弹性作息。有条件的地方和单位可根据实际情况，依法优化调整夏季作息安排，为职工周五下午与周末结合外出休闲度假创造有利条件。”2015年8月国务院办公厅关于进一步促进旅游投资和消费的若干意见鼓励弹性作息。\r\n客户体量:\r\n客户审美:\r\n客户用车:\r\n个人分析:\r\n补贴策略:",
	"invoice_start_date": "2015-01-13",
	"cargo_insurance_company": 5,
	"cargo_insurance_type": 100,
	"bl_img": "http://test-yn-static.img-cn-beijing.aliyuncs.com/pic/avatar/2016-04-05/1459855772_0.12698056572116911.1024x768.jpg",
	"olc_img": "http://test-yn-static.img-cn-beijing.aliyuncs.com/pic/avatar/2016-04-05/1459855033_0.6985475302208215.1024x768.jpg",
	"last_invoice_tax_rate": 0,
	"customer_source": 200,
	"service_start": "2015-10-18",
	"project_effect_date": "2016-04-22",
	"login_name": "测试测试",
	"middle_cargo_insurance_price_type": 10,
	"city_id": 1,
	"main_bid_mgr_id": 1000240,
	"quality_mgr_id": 1000920,
	"sales_id": 1000140,
	"email": "",
	"latest_trans_event_complete_date": "2017-08-07",
	"bl_no": "",
	"pa_bank": 0,
	"pa_bank_account_name": "",
	"pa_bank_account_num": "",
	"last_invoice_contents": "",
	"trade_tag_other_desc": "",
	"image_backup": {
	"version": 2,
	"sop_imgs": [
	""
	],
	"bl_img": "http://test-yn-static.img-cn-beijing.aliyuncs.com/pic/avatar/2016-04-05/1459855772_0.12698056572116911.1024x768.jpg",
	"olc_img": "http://test-yn-static.img-cn-beijing.aliyuncs.com/pic/avatar/2016-04-05/1459855033_0.6985475302208215.1024x768.jpg"
	},
	"creater": "李雅（客服经理）",
	"vehicles_times": null,
	"is_first_contract": false,
	"read_novice_guide": true,
	"order_sign_setting_opentime": 1481786546654,
	"itinerary_sign_setting_opentime": 1483435784698,
	"contracting_party": 5,
	"last_contracting_party": 2,
	"company_id": 2095,
	"contract_id": "",
	"settlement_start_date": 1,
	"settlement_end_date": 31,
	"contract_desc": "",
	"contract_start_date": "2017-06-07",
	"contract_end_date": "2017-06-23",
	"contract_file_date": null,
	"is_our_template": 0,
	"receipt_sendee": "",
	"receipt_contacts": "",
	"receipt_describe": "",
	"trade_tags": [
	1400
	],
	"rnca": 300,
	"running_task_count": 26,
	"addition_max_limit": 5,
	"cargo_insurance_rate": 0.025,
	"is_have_cargo_insurance": true,
	"enable_gmv": 0,
	"tender_status": 1,
	"gmv_status": 1003,
	"calendar_type": 1,
	"self_control_sop": false,
	"hide_sop_price_for_customer": false,
	"sop_is_enforce": false,
	"consignee_type": 0,
	"cargo_type": 1400,
	"assign_status": 0,
	"audit_feedback": "",
	"audit_feedbacker_mobile": "",
	"audit_feedbacker": "",
	"visiting_card_image": "",
	"audit_status": 1,
	"is_open_contract": true,
	"is_auto_placement": false,
	"is_agree_contract": false,
	"sop_level": 1,
	"sop_imgs": [

	],
	"sop_scope_config": [

	],
	"sop_scope": 1,
	"is_need_invoice": true,
	"invoice_subsidy": 1,
	"vass": [

	],
	"vas": [

	],
	"ufc": 0,
	"urc": 113,
	"evtags": [
	{
	"tag": "标书符合度高",
	"count": 2,
	"_id": "59f19608ffdc14421b21c858",
	"id": "59f19608ffdc14421b21c858"
	},
	{
	"tag": "关心员工",
	"count": 1,
	"_id": "59f19608ffdc14421b21c857",
	"id": "59f19608ffdc14421b21c857"
	},
	{
	"tag": "福利好",
	"count": 1,
	"_id": "59f19608ffdc14421b21c856",
	"id": "59f19608ffdc14421b21c856"
	}
	],
	"total_score": 10,
	"fbc_month": 0,
	"succeed_ratio": 0.4,
	"evc": 2,
	"tcsp": -0.013,
	"spp": 0.09,
	"tcpp": 0,
	"tels": [
	"11810408364",
	"13810408364",
	"18511722051",
	"11011102222"
	],
	"new_tclt": [
	205
	],
	"create_task_type": [
	4,
	8
	],
	"backup_bid_mgr": [

	],
	"created_from": 201,
	"once_logged_in_st": 3,
	"finance_pay_type": 100,
	"st": 2,
	"pts": 1508958052000,
	"cts": 1417058647903,
	"show_price_detail": true,
	"itinerary_sign_setting": true,
	"order_sign_setting": true,
	"is_sign_reason": false,
	"is_show_distribution": true,
	"is_sign_photo": false,
	"is_lanshou_order": false,
	"project_operation_mgr_id": 1000920,
	"is_bonus_charged": 2,
	"is_auto_receive_bill": false,
	"committed_payment_days": 15,
	"settlement_method": 1,
	"penalty_rate": 0,
	"is_end_date_agreed": 0,
	"archived": false,
	"ps": 2,
	"pt_checked": 1,
	"pt": 2,
	"temp_ctrl_enabled": true,
	"is_open_manage_receipt": 0,
	"is_open_arrive_abnormal_record": 1,
	"is_open_bailing_predict": false,
	"is_open_dispatch_task": false,
	"is_update_order_window_period": 1,
	"is_require_upload_workclothes_photo": 0,
	"is_callback": 0,
	"is_open_grantz_op": 0,
	"is_reserve": false,
	"is_self_register": false,
	"is_individual": false,
	"is_frozen": false,
	"trade_tags_display": "印刷品",
	"now_invoice_contents_value": "配送服务费",
	"now_invoice_tax_rate_value": 0.06,
	"invoice_tax_rate_display": "有（6%)",
	"sop_scope_config_display": "该客户端所有仓库和线路均实施SOP服务",
	"sop_scope_config_json_stringify": "[]",
	"sop_scope_display": "客户",
	"vass_display_by_sop_scope": "无增值服务",
	"sop_level_daily_training_display": "20分钟",
	"sop_level_daily_training": 20,
	"sop_level_prejob_trainning_display": "3小时",
	"sop_level_prejob_trainning": 180,
	"sop_level_prejob_days": 1,
	"sop_level_display": "1级",
	"average_score_display": "5分",
	"succeed_ratio_display": "40%",
	"average_score": 5,
	"tcsp_display": "-1.3%",
	"tels_display": "11810408364\n13810408364\n18511722051\n11011102222",
	"cts_detail_display": "2014-11-27 11:24:07",
	"cts_display": "2014-11-27",
	"spp_display": "9%",
	"bank_display": "工商银行",
	"vas_sop_spp_display": "",
	"vas_sop_bts_display": "",
	"vas_memo_for_customer": "",
	"vas_memo_for_driver": "",
	"have_sop": false,
	"vas_display_for_api": [

	],
	"vas_display": "",
	"utdec_week_display": 7,
	"utdec_frist_display": 2,
	"utdec_display": 9,
	"uctc_display": 0,
	"name_id_display": "测试测试1(14)",
	"calendar_type_display": "自然日历",
	"new_tclt_display": "Express（快递）",
	"new_tclo_display": "SCS",
	"show_price_detail_display": "展示‘客户总价格’和所有价格明细（基础运力费、保价费、SOP费）",
	"is_auto_receive_bill_display": "否",
	"settlement_display": "周结",
	"settlement_method_display": "周结",
	"archived_display": "否",
	"middle_cargo_insurance_price_type_display": {
	"key_name": "LOW",
	"YN_PRICE": 160,
	"CUSTOMER_PRICE": 300,
	"CARGO_PRICE": 5000000,
	"DESC": "5万元对应3元",
	"NAME": "5万/3元",
	"CODE": 10
	},
	"tender_status_display": "允许招司机",
	"cargo_insurance_type_display": "中货值保价",
	"cargo_insurance_company_display": "天津市鸟金蛋科技有限公司",
	"is_have_middle_cargo_insurance": true,
	"is_have_high_cargo_insurance": false,
	"is_have_cargo_insurance_display": "是",
	"is_need_invoice_display": "是",
	"ps_display": "已开跑",
	"is_fengzhuang_customer": 0,
	"pt_display": "自助",
	"is_our_template_display": "否",
	"is_self_register_display": "否",
	"is_individual_display": "公司",
	"is_frozen_display": "否",
	"finance_pay_type_display": "信用客户",
	"finance_pay_type_value": 100,
	"is_chance_creat_task": true,
	"once_logged_in_st_display": "是",
	"customer_source_display": "顾问自拓",
	"rnco_status_display": "未认证",
	"is_bonus_charged_display": 0,
	"rnco_ts_display": "",
	"rnco_status_web_display": "未认证",
	"id": "54769957f5a8975f484ca9aa",
	"bu_leader": {
	"name": "王雪客服经理"
	},
	"adc_info": {
	"adcid": 1,
	"name": "北京管理区",
	"title": "北京管理区",
	"status": {
	"code": 1,
	"desc": "正常"
	},
	"addr": "北京市朝阳区卧龙小区11111",
	"assign_bid_mgr_manually": 1,
	"contact_show": 1,
	"in_operation": 0,
	"max_tcsp": 2,
	"recently_update_operation_user": {
	"name": "test"
	},
	"tags": [
	"华北大区"
	],
	"zip": "100010",
	"city_ids": [
	22,
	23,
	42,
	43,
	44,
	51,
	58,
	75,
	1
	],
	"commission_rate": 0.12,
	"subsidy_memo": "策略描述内容测试一下测试",
	"subsidy_rate": 0.1,
	"created_at": "2015-12-25 14:35:08",
	"updated_at": "2017-10-14 21:51:10",
	"recently_at": "2017-08-28 12:01:57",
	"car_team_driver_count": 100
	}
	},
	"has_view_privilege": 1,
	"has_edit_privilege": 1
}