{
	"code": 0,
	"info": {
		"pagination": {
			"total": 18,
			"total_pages": 5,
			"per_page": 5,
			"page": 1
		},
		"list": [
			{
				"id": 1,
				"cuid": 147,
				"tax_rate_display": "6%",
				"draw_money_display": 300.00,
				"money_display": 100.00,
				"tax_money_display": 100.00,
				"other_money_display": 100.00,
				"operator_nick": "张三",
				"chargein_status": 0,
				"chargein_status_display": "未进账",
				"created_at": "2017-01-01 01:01:01",
				"updated_at": "2017-01-01 02:02:02",
				"customer_info": {
					"name": "李四",
					"adc_info": {
						"name": "北京管理区"
					},
					"bu_leader": {
						"name": "dy高级客服经理"
					},
					"sales": "赵六"
				}
			}
		]
	}
}