{
	"code": 0,
	"info": [
		{
			"value": 1000645,
			"display": "aautomated_dd_testautomated_dd_testautomated_dd_testautomated_dd_testutomated_dd_test",
			"class_name": "",
			"data": {
				"_id": 1000645,
				"name": "automated_dd_test",
				"nick": "automated_dd_test",
				"st": 200
			}
		},
		{
			"value": 1000648,
			"display": "automated_dd_test1",
			"class_name": "",
			"data": {
				"_id": 1000648,
				"name": "automated_dd_test1",
				"nick": "automated_dd_test1",
				"st": 200
			}
		},
		{
			"value": 1000672,
			"display": "automated_dd_yr_test1",
			"class_name": "",
			"data": {
				"_id": 1000672,
				"name": "automated_dd_yr_test1",
				"nick": "automated_dd_yr_test1",
				"st": 200
			}
		},
		{
			"value": 1000513,
			"display": "ces123",
			"class_name": "",
			"data": {
				"_id": 1000513,
				"name": "ces_test123",
				"nick": "ces123",
				"st": 200
			}
		},
		{
			"value": 1000200,
			"display": "dy上海拓展经理",
			"class_name": "",
			"data": {
				"_id": 1000200,
				"name": "代越上海拓展经理",
				"nick": "dy上海拓展经理",
				"st": 200
			}
		},
		{
			"value": 1000140,
			"display": "dy北京拓展经理",
			"class_name": "",
			"data": {
				"_id": 1000140,
				"name": "代越北京拓展经理",
				"nick": "dy北京拓展经理",
				"st": 200
			}
		},
		{
			"value": 1000156,
			"display": "dy拓展经理组长",
			"class_name": "",
			"data": {
				"_id": 1000156,
				"name": "代越拓展经理组长",
				"nick": "dy拓展经理组长",
				"st": 200
			}
		},
		{
			"value": 1000124,
			"display": "gxd_dd",
			"class_name": "",
			"data": {
				"_id": 1000124,
				"name": "gxd_dd",
				"nick": "gxd_dd",
				"st": 200
			}
		},
		{
			"value": 1000477,
			"display": "gxd_dda_dd",
			"class_name": "",
			"data": {
				"_id": 1000477,
				"name": "gxd_dda_dd",
				"nick": "gxd_dda_dd",
				"st": 100
			}
		},
		{
			"value": 1000174,
			"display": "lsy_dd6",
			"class_name": "",
			"data": {
				"_id": 1000174,
				"name": "lsy_dd6",
				"nick": "lsy_dd6",
				"st": 200
			}
		},
		{
			"value": 1000496,
			"display": "melinda_拓展",
			"class_name": "",
			"data": {
				"_id": 1000496,
				"name": "melinda_拓展",
				"nick": "melinda_拓展",
				"st": 200
			}
		},
		{
			"value": 1000308,
			"display": "melinda_拓展经理",
			"class_name": "",
			"data": {
				"_id": 1000308,
				"name": "melinda_dd",
				"nick": "melinda_拓展经理",
				"st": 200
			}
		},
		{
			"value": 1000467,
			"display": "zln-dd",
			"class_name": "",
			"data": {
				"_id": 1000467,
				"name": "zln-dd",
				"nick": "zln-dd",
				"st": 200
			}
		},
		{
			"value": 1000468,
			"display": "zln-ddl",
			"class_name": "",
			"data": {
				"_id": 1000468,
				"name": "zln-ddl",
				"nick": "zln-ddl",
				"st": 100
			}
		},
		{
			"value": 1000411,
			"display": "zlndd",
			"class_name": "",
			"data": {
				"_id": 1000411,
				"name": "zlndd",
				"nick": "zlndd",
				"st": 200
			}
		},
		{
			"value": 1000246,
			"display": "zlt",
			"class_name": "",
			"data": {
				"_id": 1000246,
				"name": "zlt",
				"nick": "zlt",
				"st": 200
			}
		},
		{
			"value": 1000321,
			"display": "代越成都客服经理",
			"class_name": "",
			"data": {
				"_id": 1000321,
				"name": "dy成都客服经理",
				"nick": "代越成都客服经理",
				"st": 200
			}
		},
		{
			"value": 1000547,
			"display": "信用",
			"class_name": "",
			"data": {
				"_id": 1000547,
				"name": "信用拓展",
				"nick": "信用",
				"st": 200
			}
		},
		{
			"value": 1000251,
			"display": "刘建闯拓展",
			"class_name": "",
			"data": {
				"_id": 1000251,
				"name": "liujianchuangsop",
				"nick": "刘建闯拓展",
				"st": 200
			}
		},
		{
			"value": 1000371,
			"display": "刘建闯拓展测试",
			"class_name": "",
			"data": {
				"_id": 1000371,
				"name": "刘建闯拓展测试",
				"nick": "刘建闯拓展测试",
				"st": 200
			}
		},
		{
			"value": 1000209,
			"display": "刘晓阳",
			"class_name": "",
			"data": {
				"_id": 1000209,
				"name": "liuxiaoyang",
				"nick": "刘晓阳",
				"st": 100
			}
		},
		{
			"value": 1000169,
			"display": "刘诗杨-拓展经理-北京1",
			"class_name": "",
			"data": {
				"_id": 1000169,
				"name": "lsy_dd",
				"nick": "刘诗杨-拓展经理-北京1",
				"st": 200
			}
		},
		{
			"value": 1000151,
			"display": "刘诗杨-拓展经理-北京2",
			"class_name": "",
			"data": {
				"_id": 1000151,
				"name": "lsy_dd_bj2",
				"nick": "刘诗杨-拓展经理-北京2",
				"st": 200
			}
		},
		{
			"value": 1000171,
			"display": "刘诗杨-拓展经理-北京3",
			"class_name": "",
			"data": {
				"_id": 1000171,
				"name": "lsy_ddl1",
				"nick": "刘诗杨-拓展经理-北京3",
				"st": 200
			}
		},
		{
			"value": 1000172,
			"display": "刘诗杨-拓展经理-北京4",
			"class_name": "",
			"data": {
				"_id": 1000172,
				"name": "lsy_dd3",
				"nick": "刘诗杨-拓展经理-北京4",
				"st": 200
			}
		},
		{
			"value": 1000426,
			"display": "刘诗杨-拓展经理组长-北京1",
			"class_name": "",
			"data": {
				"_id": 1000426,
				"name": "lsy_ddl_bj1",
				"nick": "刘诗杨-拓展经理组长-北京1",
				"st": 100
			}
		},
		{
			"value": 1000520,
			"display": "南京拓展经理",
			"class_name": "",
			"data": {
				"_id": 1000520,
				"name": "nj-tzjl-zln",
				"nick": "南京拓展经理",
				"st": 200
			}
		},
		{
			"value": 1000270,
			"display": "川川的拓展",
			"class_name": "",
			"data": {
				"_id": 1000270,
				"name": "川川的拓展",
				"nick": "川川的拓展",
				"st": 200
			}
		},
		{
			"value": 1000545,
			"display": "拓展",
			"class_name": "",
			"data": {
				"_id": 1000545,
				"name": "拓展TT",
				"nick": "拓展",
				"st": 100
			}
		},
		{
			"value": 1000510,
			"display": "拓展测试",
			"class_name": "",
			"data": {
				"_id": 1000510,
				"name": "拓展测试",
				"nick": "拓展测试",
				"st": 200
			}
		},
		{
			"value": 1000546,
			"display": "新新",
			"class_name": "",
			"data": {
				"_id": 1000546,
				"name": "新新拓展",
				"nick": "新新",
				"st": 200
			}
		},
		{
			"value": 1000303,
			"display": "李延辉拓展经理",
			"class_name": "",
			"data": {
				"_id": 1000303,
				"name": "liyanhui",
				"nick": "李延辉拓展经理",
				"st": 200
			}
		},
		{
			"value": 1000213,
			"display": "李雅_北京拓展",
			"class_name": "",
			"data": {
				"_id": 1000213,
				"name": "liya_dd3",
				"nick": "李雅_北京拓展",
				"st": 200
			}
		},
		{
			"value": 1000217,
			"display": "李雅_北京拓展1",
			"class_name": "",
			"data": {
				"_id": 1000217,
				"name": "liya_dd2",
				"nick": "李雅_北京拓展1",
				"st": 200
			}
		},
		{
			"value": 1000359,
			"display": "李雅_天津拓展1",
			"class_name": "",
			"data": {
				"_id": 1000359,
				"name": "liya_dd5",
				"nick": "李雅_天津拓展1",
				"st": 200
			}
		},
		{
			"value": 1000218,
			"display": "李雅_昆山拓展",
			"class_name": "",
			"data": {
				"_id": 1000218,
				"name": "liya_dd1",
				"nick": "李雅_昆山拓展",
				"st": 200
			}
		},
		{
			"value": 1000322,
			"display": "李雅_芜湖拓展",
			"class_name": "",
			"data": {
				"_id": 1000322,
				"name": "liya_dd4",
				"nick": "李雅_芜湖拓展",
				"st": 200
			}
		},
		{
			"value": 1000501,
			"display": "林高-拓展经理",
			"class_name": "",
			"data": {
				"_id": 1000501,
				"name": "gao1-拓展经理",
				"nick": "林高-拓展经理",
				"st": 200
			}
		},
		{
			"value": 1000114,
			"display": "柴倩怡上海拓展经理",
			"class_name": "",
			"data": {
				"_id": 1000114,
				"name": "cqy_sh_dd",
				"nick": "柴倩怡上海拓展经理",
				"st": 300
			}
		},
		{
			"value": 1000487,
			"display": "柴倩怡丽江拓展经理",
			"class_name": "",
			"data": {
				"_id": 1000487,
				"name": "cqy_lj_dd",
				"nick": "柴倩怡丽江拓展经理",
				"st": 200
			}
		},
		{
			"value": 1000250,
			"display": "柴倩怡拓展经理",
			"class_name": "",
			"data": {
				"_id": 1000250,
				"name": "cqy_dd",
				"nick": "柴倩怡拓展经理",
				"st": 200
			}
		},
		{
			"value": 1000262,
			"display": "柴倩怡拓展经理2",
			"class_name": "",
			"data": {
				"_id": 1000262,
				"name": "cqy_dd2",
				"nick": "柴倩怡拓展经理2",
				"st": 200
			}
		},
		{
			"value": 1000408,
			"display": "柴倩怡拓展经理3",
			"class_name": "",
			"data": {
				"_id": 1000408,
				"name": "cqy_bj_dd3",
				"nick": "柴倩怡拓展经理3",
				"st": 200
			}
		},
		{
			"value": 1000380,
			"display": "柴倩怡盐城拓展",
			"class_name": "",
			"data": {
				"_id": 1000380,
				"name": "cqy_yc_dd",
				"nick": "柴倩怡盐城拓展",
				"st": 200
			}
		},
		{
			"value": 1000483,
			"display": "柴倩怡鞍山拓展经理",
			"class_name": "",
			"data": {
				"_id": 1000483,
				"name": "cqy_as_dd",
				"nick": "柴倩怡鞍山拓展经理",
				"st": 200
			}
		},
		{
			"value": 1000489,
			"display": "王燕芳-拓展经理-上海1",
			"class_name": "",
			"data": {
				"_id": 1000489,
				"name": "wyf_dd_sh1",
				"nick": "王燕芳-拓展经理-上海1",
				"st": 200
			}
		},
		{
			"value": 1000271,
			"display": "王燕芳-拓展经理-北京1",
			"class_name": "",
			"data": {
				"_id": 1000271,
				"name": "wyf_dd_bj1",
				"nick": "王燕芳-拓展经理-北京1",
				"st": 200
			}
		},
		{
			"value": 1000471,
			"display": "王燕芳-拓展经理-北京2",
			"class_name": "",
			"data": {
				"_id": 1000471,
				"name": "wyf_dd_bj2",
				"nick": "王燕芳-拓展经理-北京2",
				"st": 200
			}
		},
		{
			"value": 1000207,
			"display": "王重阳11号",
			"class_name": "",
			"data": {
				"_id": 1000207,
				"name": "王重阳11号",
				"nick": "王重阳11号",
				"st": 100
			}
		},
		{
			"value": 1000192,
			"display": "王重阳3",
			"class_name": "",
			"data": {
				"_id": 1000192,
				"name": "wcy3",
				"nick": "王重阳3",
				"st": 200
			}
		}
	]
}