{
	"code": 0,
	"msg": "success",
	"info": {
		"id": 568,
		"name": "一号线",
		"deliveryStartDate": "2017-09-12",
		"deliveryFinishDate": "2017-09-15",
		"deliveryCycle": "周一 周三 周五",
		"expectArriveWarehouseTime": "15:30",
		"warehouseIds": [
			{
				"id": 101,
				"name": "一号仓"
			},
			{
				"id": 102,
				"name": "二号仓"
			}
		],
		"regionIds": [
			{
				"id": 10101,
				"name": "朝阳区"
			}
		],
		"driverIds": [
			{
				"id": 10032,
				"name": "李寻欢"
			},
			{
				"id": 10033,
				"name": "郭靖"
			}
		],
		"contractUrls": [
			"http://image.baidu.com/search/down?tn=download&ipn=dwnl&word=download&ie=utf8&fr=result&url=http%3A%2F%2Fimage15.poco.cn%2Fmypoco%2Fmyphoto%2F20131018%2F10%2F6197093920131018100554054.jpg&thumburl=http%3A%2F%2Fimg4.imgtn.bdimg.com%2Fit%2Fu%3D1862702578%2C2651659564%26fm%3D26%26gp%3D0.jpg",
			"http://image.baidu.com/search/down?tn=download&ipn=dwnl&word=download&ie=utf8&fr=result&url=http%3A%2F%2Fimage15.poco.cn%2Fmypoco%2Fmyphoto%2F20131018%2F10%2F6197093920131018100554054.jpg&thumburl=http%3A%2F%2Fimg4.imgtn.bdimg.com%2Fit%2Fu%3D1862702578%2C2651659564%26fm%3D26%26gp%3D0.jpg"
		],
		"authStatus": 1,
		"logInfo": {
			"opName": "管理员小明",
			"opMobile": null,
			"content": "我是不通过的原因",
			"createdAt": "2017-08-17 11:33:54"
		}
	}
}
