{
	"code": 0,
	"msg": "success",
	"info": {
		"perpage": 10,
		"page": 2,
		"totalCount": 23,
		"list": [
			{
				"id": 39,
				"name": "线路001",
				"carteamId": 100,
				"authStatus": 1,
				"captainName": "小明",
				"captainMobile": "13888888888",
				"city": "",
				"authDate": "2017-08-2810: 12: 20"
			},
			{
				"id": 38,
				"name": "线路002",
				"carteamId": 100,
				"authStatus": 1,
				"captainName": "小红",
				"captainMobile": "13800000000",
				"city": "",
				"authDate": "2017-08-2810: 12: 20"
			}
		]
	}
}