{
	"code": 0,
	"info": [
		{
			"name": "驿路星辰(北京)科技有限公司",
			"id": 1,
			"open": true,
			"children": [
				{
            		"name": "前台",
            		"id": "100",
            		"open": false,
            		"children": [
            			{
							"name": "前台-1",
							"id": 101
						},
						{
							"name": "前台-2",
							"id": 102
						}
					]
            	},
            	{
            		"name": "中台",
            		"id": "200",
            		"open": false,
            		"children": [
            			{
							"name": "中台-1",
							"id": 201
						},
						{
							"name": "中台-2",
							"id": 202
						}
					]
            	},
            	{
            		"name": "后台",
            		"id": "300",
            		"open": false,
            		"children": [
            			{
							"name": "后台-1",
							"id": 301
						},
						{
							"name": "后台-2",
							"id": 302
						}
					]
            	}
            ]
		}
	]
}